path,category,bytes,sha256,suffix,git_lfs
data/A_fairtest.json,data_asset,7184,fea16f05ea77668ce584c1d75987d8806fa4a9c275fbc63c08a6ce03348b9244,.json,False
data/_smoke.json,data_asset,12159,ad5b4c28a12e22b3d55e6fbcad0e870e72db347a48cad662b6cbe01ef5fdb048,.json,False
data/_smoke2.json,data_asset,6918,d17b41f402ab3b665fc6428703066b7273707d33ce139d6331dc066eae7d8248,.json,False
data/estimate_all.json,data_asset,188229,a39d567916f8a66818a774f13cb0b8a22cd9b49d7c85f52da17ab52277c3df2f,.json,False
data/estimate_task.json,data_asset,55563,daa3156a06a3bf84371f919e65e920bc0bba9073b0f8ea7e5378267906d3706b,.json,False
data/labels_a/meta.json,raw_label_batch,2188,9fd0713e63e9749068c95134c19b082fa986547e797e831e3cda65f8e19e32d8,.json,False
data/labels_a/shard_000.npz,raw_label_batch,46782599,aa0501481fc58b804f6669acb8d768a03a5c2179bb2b58294f1c13b9fdfeb78e,.npz,True
data/labels_a/shard_001.npz,raw_label_batch,46784412,5791f8a0fe1a78e2a42699759a91dc3171787f75ab16e1423e6dda305d00543d,.npz,True
data/labels_a/shard_002.npz,raw_label_batch,46785563,e6f6ea1db876bd58233887e1c30776ba3cfa12673c984267fd8e99cb89e3b82f,.npz,True
data/labels_a/shard_003.npz,raw_label_batch,15601188,f97e9c0c988c2d84a47a9884e5ff553035ff3eb3e2d17629ab438f41d4d26b48,.npz,True
data/labels_a2/meta.json,raw_label_batch,2089,ad00f01f37fc0f3462aa02827c86d039acff58bdcbd5c32081d99e8226e2f418,.json,False
data/labels_a2/shard_000.npz,raw_label_batch,46801799,7527d3938ff3b0f1396983cdd204f24b006a7e30c965624f32216fe9f3c9dad7,.npz,True
data/labels_a2/shard_001.npz,raw_label_batch,46800656,9c037a2ae93929aacab4e09da6745ab15da043b1f50d17cb6ad9741546dfd9fd,.npz,True
data/labels_a2/shard_002.npz,raw_label_batch,46803998,f0c90ce0357c1c56803ddfa40d75e52d40035e4d89680305869e1a50f44c544a,.npz,True
data/labels_a2/shard_003.npz,raw_label_batch,15608182,274038b734444eee9cbb3f8edceb38518bd643f046ea6519ef4826337221cf9f,.npz,True
data/labels_a3/meta.json,raw_label_batch,2162,10163e361eb0fd3dc05028e91a962c73f6642a47263214e4789bac077f0147de,.json,False
data/labels_a3/shard_000.npz,raw_label_batch,47347958,48fed14a7291dfa9d464b085acd5d8f07ccdda65558f7fcc2fa50fc019247691,.npz,True
data/labels_a3/shard_001.npz,raw_label_batch,47346074,6141d42b2a398fc9eb1ac63932970a3811a92cbce6d09f9b5ccd12d0b340d6d3,.npz,True
data/labels_a3/shard_002.npz,raw_label_batch,47348633,2938d7c488e311b3eb51bebce14157f2b9c41ba239fc83b60d9c1d8d4e68fd63,.npz,True
data/labels_a3/shard_003.npz,raw_label_batch,15790215,12c2adeedf8f71e3255f155968735b29ec82f0368cc7f78f30e945a4790b9926,.npz,True
data/labels_b/meta.json,raw_label_batch,2191,343e4c527261a28eef66c041f8c0058013994b30cfa5b7137a8f2aabd4b204dd,.json,False
data/labels_b/shard_000.npz,raw_label_batch,46790627,a6a23e1a6a74c4f7ee3c732d733b1c3954698f11e16ff7fc91149cf3473f10b9,.npz,True
data/labels_b/shard_001.npz,raw_label_batch,46793858,4eefdeb69bd231eadedfe9503efa3fec306a57bf8d5445d7719b78803bbc0a0e,.npz,True
data/labels_b/shard_002.npz,raw_label_batch,46785418,b0561541e317e8729d52999cf519757e26fc1cc7eed853a2307c3ebb38f2c855,.npz,True
data/labels_b/shard_003.npz,raw_label_batch,15601244,77185ccbc2a7cd11f71768ae97f85685a4656830ab70880799b3c52a048b4771,.npz,True
data/labels_b2/meta.json,raw_label_batch,2091,2b121f2f0625584ba486157b0b81cf0ee340730fb0de5af222c8f08fda85c992,.json,False
data/labels_b2/shard_000.npz,raw_label_batch,46808239,b5bc903b2d55c0e7f2605258baf4dabf4f9523631f883fc395488423d873b783,.npz,True
data/labels_b2/shard_001.npz,raw_label_batch,46811317,a4db31d58ba294f8d2d43a7847117bb66db45cbb4ee5eeaf954ce7c0b8206736,.npz,True
data/labels_b2/shard_002.npz,raw_label_batch,46802098,7744459c0b2868d977c26c5411b2b8870f816d2f321fae6e2e956fd12a74323e,.npz,True
data/labels_b2/shard_003.npz,raw_label_batch,15607281,824ae065ab1876c2ed589f4e1047c8850798e3e2203352373a54b1120b23d517,.npz,True
data/labels_b3/meta.json,raw_label_batch,2164,b1d8329a7d9efd4cf661cbb076716449425580540c89c5a332bfadc80f231130,.json,False
data/labels_b3/shard_000.npz,raw_label_batch,47352206,bde00b181be8a8f490e4a2143a22134284a8d57e0579f294601f031af0f9b3e0,.npz,True
data/labels_b3/shard_001.npz,raw_label_batch,47357853,22165c7ebefb1e66a7bdbc1a452f3ebdefcebe6a8a6e0321637dd3f2f734e1e9,.npz,True
data/labels_b3/shard_002.npz,raw_label_batch,47347684,9773ce5f615946f9968034c1f04d2f874e91fa0e0449954633ff0f5ea72f1c0b,.npz,True
data/labels_b3/shard_003.npz,raw_label_batch,15790632,82d26834e644e566d30016e6fda80c65ea974413971d183e69d1d51a90990698,.npz,True
data/labels_c1/meta.json,raw_label_batch,2134,023a111c41921551fc1773d247fc110196ff1e219e8846562a46ae135ed3ec3e,.json,False
data/labels_c1/shard_000.npz,raw_label_batch,46803687,3eb137497d749ee4016b8ecc4138a13aee1520d1b48033222e1ee55d7989c198,.npz,True
data/labels_c1/shard_001.npz,raw_label_batch,46804451,8123d7076f398a41d3cfb9efe6e31fc998317a39d3c6c22e985afce91fdd3ac6,.npz,True
data/labels_c1/shard_002.npz,raw_label_batch,46807878,7f4e476a2f86f0df51e7bda45672157540a5625fe44e2bdbb3fbe364d2477337,.npz,True
data/labels_c1/shard_003.npz,raw_label_batch,15612833,669a79a1dcceab822fe29977dda48c339ceda62f7e94d96ac6bec14413455a6d,.npz,True
data/labels_c2/meta.json,raw_label_batch,2136,d12fdfcc27afaf49b692f315fa66bc90b4882bec781e1b00d60adcc375be001e,.json,False
data/labels_c2/shard_000.npz,raw_label_batch,46809084,7946085ba58ce3f93b0f73a632df5bd52b7215b0e5b76d625e66d84ad5b9e30b,.npz,True
data/labels_c2/shard_001.npz,raw_label_batch,46809709,3361ec3966f95ef9f012c805944237dfa6bf29e6caff7913125c1bb005462535,.npz,True
data/labels_c2/shard_002.npz,raw_label_batch,46813564,c587fb40d4899a0ebe24b3f1a637f16505a04edd1161dd0186622ff4dc0d9315,.npz,True
data/labels_c2/shard_003.npz,raw_label_batch,15611100,862e15a2dc8c60b4c37329d8bbcb41b28282e0fdd65430242b3f1ec4b173aabb,.npz,True
data/labels_c3/meta.json,raw_label_batch,2162,f67f835e66a0444494cc56a1bee306425af39fe1757e67af06e8d62b68dba527,.json,False
data/labels_c3/shard_000.npz,raw_label_batch,47349264,f4b042d8e2f8b424cc9dccb7fdc08dc40f7300b808a5c07bb7d90ab20839d90b,.npz,True
data/labels_c3/shard_001.npz,raw_label_batch,47350624,773d460cf39a58a75a55c4a8c0199bd3e215f60b1e2602de020840b80317f01d,.npz,True
data/labels_c3/shard_002.npz,raw_label_batch,47351662,4d7c02c703fd19eeebe1d0ae6d917f25f00a03957969ecfb32fe9b66ece00e72,.npz,True
data/labels_c3/shard_003.npz,raw_label_batch,15793221,1579cdbdecbecf10d9d20c83bb27ab396a60ff17d4d9304377d705ecb8890fea,.npz,True
data/labels_d3/meta.json,raw_label_batch,2164,0f8e4d0367943d90298fdf9c7f92d5e760734c595f3da7e6d085e2158917ae08,.json,False
data/labels_d3/shard_000.npz,raw_label_batch,47353235,fac7555f7c386df69b556f689abb3c84793f6c11510a85d45c127e7b4daaa58f,.npz,True
data/labels_d3/shard_001.npz,raw_label_batch,47357170,a42d7f258013c3f54a2ec7a9121483de46be7f6c1731464838d4cfa649577f94,.npz,True
data/labels_d3/shard_002.npz,raw_label_batch,47357122,6c00857e503456c905bc577a9d44f06bc9ecea0b0fad89d78f1a58a6864218ab,.npz,True
data/labels_d3/shard_003.npz,raw_label_batch,15795071,43f578e8976e89066b854e17f2a466d6812c16dd836a3860f0abfbdb8cc4fac7,.npz,True
data/labels_fixsmoke/meta.json,raw_label_batch,2093,65075dc2da46638b9e8c7373aec6f4294e17d28a962a0e90c2291591c5a9f6be,.json,False
data/labels_fixsmoke/shard_000.npz,raw_label_batch,9367068,a7bc7674d1beb11230c1e7313a06a24331de24788c6b1819c456e884871b4cce,.npz,True
data/labels_freshA/meta.json,raw_label_batch,2160,2bcd87b065104eac8c56318f6b52c2bf14d2cd7c77b1606da882aea33de64853,.json,False
data/labels_freshA/shard_000.npz,raw_label_batch,47753752,e3c0c37a39f408d5b283822fd1cd26ee506e6da9b0852473a7b6609567078941,.npz,True
data/labels_freshA/shard_001.npz,raw_label_batch,47745211,0c63298dd5fbb4d255e63a7e2aa9107beb13be26c38bde36a953b2e70029cde0,.npz,True
data/labels_freshA/shard_002.npz,raw_label_batch,47747437,bd0067bbf33d3b38c9332a8bfd8ae2f949030337e46e524a37f11c45d2860751,.npz,True
data/labels_freshA/shard_003.npz,raw_label_batch,15924809,215fe62efd7a188ef3149cabc10524d22aa61a9a38ee03397c895a5c2e1ded25,.npz,True
data/labels_freshA_SEALED.txt,raw_label_batch,303,d0ef368100e36246c2a37077d7f5802e210bc5a5be5ce102fbc3e4776f937b14,.txt,False
data/labels_h32a/meta.json,raw_label_batch,2155,cd0bb59a3b744a823f133f3e9aba5046a611d6f00287bfb5988e3f31757dc021,.json,False
data/labels_h32a/shard_000.npz,raw_label_batch,47354799,ff0c8170ba93c5713964a95e70ebd259fc7ba35afdb1e670a1ee032cc2fed1d9,.npz,True
data/labels_h32a/shard_001.npz,raw_label_batch,47352824,840fcae3637045e795e448869e8ae95e8f033a4298041a37389240f89bdd32e6,.npz,True
data/labels_h32a/shard_002.npz,raw_label_batch,47355563,6f3b7dbc6d22408fd195fa31c5d7add83f462644d56ff571242c5447f394bfb0,.npz,True
data/labels_h32a/shard_003.npz,raw_label_batch,15792838,cf4f19f25d443aeb04d7d28f7ff3cd94763240e765033a9904f36804edc2e7f1,.npz,True
data/labels_h32b/meta.json,raw_label_batch,2157,c3d9ed3a69aa2410c7015305acda9503a14977b596a6cf53ece2e47624588ddb,.json,False
data/labels_h32b/shard_000.npz,raw_label_batch,47359829,cce0dc76a56731ae613535d010922f41476a703fa32ded9f7acb7cc54f13babe,.npz,True
data/labels_h32b/shard_001.npz,raw_label_batch,47364441,088e111b83ac5b35fed9650607e015e79ad31a9d5acce73eb039b633b60c7d84,.npz,True
data/labels_h32b/shard_002.npz,raw_label_batch,47353841,b2d41f60335e7222df71fcb50082494cc02fba584c751bd900e90ec9cf5e0160,.npz,True
data/labels_h32b/shard_003.npz,raw_label_batch,15792912,43922595b2a8ff51d7a58b412af51264c9051469f9a0f91045fe7928d4b44df4,.npz,True
data/labels_h8a/meta.json,raw_label_batch,2132,631135a747f555aca1cb58d6715fe21401abf750adcebc006b1ae657c57499e7,.json,False
data/labels_h8a/shard_000.npz,raw_label_batch,47059629,28bddd2e8dde0784188cb012c4f3fd7ddf1786de3434d6652344aa7bfafb5a31,.npz,True
data/labels_h8a/shard_001.npz,raw_label_batch,47057664,bab801dfe8749566351a94fdca3ba6eff3c85b822240cfb2953e28a38ce400c5,.npz,True
data/labels_h8a/shard_002.npz,raw_label_batch,47060626,c698740c6d11753422f4c16d860236347ac8fbb8c918a00b94626e9b5a0438f5,.npz,True
data/labels_h8a/shard_003.npz,raw_label_batch,15694147,b886a8b493789415dd589a0d8e050c878a186c18ef554d32a34a4759a8c304a7,.npz,True
data/labels_h8b/meta.json,raw_label_batch,2134,0052e269596eca0ae31ed8670bcd8fb19b5e7a12bb72fc6283b57b41b2cea7e1,.json,False
data/labels_h8b/shard_000.npz,raw_label_batch,47064008,bc5468459b098e68bc12ef2e505b2573c422025ce2319b27fa2fc2a9c540d46e,.npz,True
data/labels_h8b/shard_001.npz,raw_label_batch,47070192,18bc5b444c0471d28677f8d0800b2a08b42efd952af0d22defe231fa95286822,.npz,True
data/labels_h8b/shard_002.npz,raw_label_batch,47059603,28d4efdb2ec02e983099dfe3bf00ae1c11b6046e70d5db2ea0f1b517b4b3750c,.npz,True
data/labels_h8b/shard_003.npz,raw_label_batch,15694402,2bf4eb24a0f89578904632247f5564f62e0c90a7460c091f1be5c37ee4ad6da8,.npz,True
data/labels_pilot/meta.json,raw_label_batch,2035,9c01318514c7684fd0d75e5251e7dd122427b16f0e0dd53eb2f95a87e3cecfd0,.json,False
data/labels_pilot/shard_000.npz,raw_label_batch,2072024,cb150c03385e9cd04bc2a6a8e2ef5c4f922ec834dc8d3d16a8c15085c02de7d3,.npz,True
data/labels_prev_a3/meta.json,raw_label_batch,375,58e54f33c4fa6480629a353a8951e2b34bf035ceecea312f315badcbad9d9be2,.json,False
data/labels_prev_a3/shard_000.npz,raw_label_batch,305042214,b13f2b4bb734e3e43459b74804804bf3c2729c36f4156556107aa168b8abeeec,.npz,True
data/labels_prev_b3/meta.json,raw_label_batch,378,5902b7c999d2f584437ed22646fcc74a4b768fec95d882d38a08cd5f4cfc1594,.json,False
data/labels_prev_b3/shard_000.npz,raw_label_batch,305081538,7bf5b634753b865e0e3741fca8e38a9ee9a65cac5b43b2e6bb3aab86b6d2cbf9,.npz,True
data/labels_s1/meta.json,raw_label_batch,2153,10cf5c5ea4ab5a0c92e759363493825215d2579d73312cd6fe15fe7c50b98f9f,.json,False
data/labels_s1/shard_000.npz,raw_label_batch,47226970,a2e3fb56fcf3726873abcbcc66b15d5d3ae0c9817c8f68ead1c7b4741092e112,.npz,True
data/labels_s1/shard_001.npz,raw_label_batch,47227662,bcd63de1d5aa2cbfb651615aba02f3f234efc6578d8671a4fa1c1688be2cb5f8,.npz,True
data/labels_s1/shard_002.npz,raw_label_batch,47226246,8f830332c00ccafc077446ec5da12dcef0785a9e23d2598ab6f716184b65014b,.npz,True
data/labels_s1/shard_003.npz,raw_label_batch,15749343,f22e3030ca0b4c5ee0a8a0fdc58cbb01c9225fc36bfc30f543f3eed2c11ec2b5,.npz,True
data/labels_s2/meta.json,raw_label_batch,2154,17aa5d64868a9334609c337e8746839869685f22c9da074e36d129028d11e7ff,.json,False
data/labels_s2/shard_000.npz,raw_label_batch,47228624,f66558e9c437741e87fb0a7a5ce9300fc56ab051d940ab169280fbbeca0125d1,.npz,True
data/labels_s2/shard_001.npz,raw_label_batch,47227467,a57bea4a20b9ab66e97f6a0c8c1ca7b5283624360d960d1ae193f9c98ce3c902,.npz,True
data/labels_s2/shard_002.npz,raw_label_batch,47228832,a0d17751b0d26acdddae04af46f45bdba7b4bbc1183b93ca90c635fb290c6ace,.npz,True
data/labels_s2/shard_003.npz,raw_label_batch,15750663,7d7082a13a23664bd738125e3163ed1f06388acef3bed3cbf54cc943c36e199a,.npz,True
data/labels_sedsmoke/meta.json,raw_label_batch,2157,664541f75a7450e4aa7d710ce5460ad335db4bb690df959cb5aefe4e0aaff65b,.json,False
data/labels_sedsmoke/shard_000.npz,raw_label_batch,4732624,71bd0d4dfca6cb79694b75079997917e875dc6ee0e9f931ae102a8fe82033661,.npz,True
data/labels_smoke/meta.json,raw_label_batch,2074,f3f0100afbae5205c18d919262df76c67a00e1fc703f3b5b924fe5a6e102df80,.json,False
data/labels_smoke/shard_000.npz,raw_label_batch,4684718,aa805cb90776bf564470364ebff9a6349d093508969737e27ded3960ba361419,.npz,True
data/labels_taskA/meta.json,raw_label_batch,352,c4696063a7aa540c54cfd12695fbbad0abe9eeaa51ea900320eb182b1ebf4bce,.json,False
data/labels_taskA/screen.json,raw_label_batch,23496,4c273f905e30d82f08a1294fe56033e7dd2b9f10beef7f743d36e210107b95ed,.json,False
data/labels_taskA/shard_000.npz,raw_label_batch,50578555,a69643eb35bf4c1e28ae9b7817049544d7d42d44760eb9868f5d8e2534511d6b,.npz,True
data/labels_taskA/shard_001.npz,raw_label_batch,50569129,a9cf937bc4bbe5cb70352e1382ac8c196f11a0d8cbcd3b271dfc7fec591bd587,.npz,True
data/labels_taskA/shard_002.npz,raw_label_batch,31047241,f7eda3add931b4bf6d7fe17fb4aa0a0187612c94fc7ab3a8a4bf0902614f11a8,.npz,True
data/labels_taskB/meta.json,raw_label_batch,354,e6cfabef10c308d5a945f4d9a03d03b6310060084f04356e31ccb86958d53447,.json,False
data/labels_taskB/screen.json,raw_label_batch,23496,a5cd077a85f834d75e3fc2e2b7c82bdc1e91dd10142a5cb5c87c84aaacb67233,.json,False
data/labels_taskB/shard_000.npz,raw_label_batch,50574550,583b4271d41ebde34da7a8e2d9b05830881b078fe36a50d0d32b4d7ecf32369b,.npz,True
data/labels_taskB/shard_001.npz,raw_label_batch,50577551,98ba23ad0b748b8a30d923edac5f2c0725782b88362915f7e6aba7067df67c40,.npz,True
data/labels_taskB/shard_002.npz,raw_label_batch,47065510,aaca47b399b49752af973ebc8b49c0c45f494930345d233cb97b9e93ba6810d6,.npz,True
data/labels_taskC/meta.json,raw_label_batch,912,5d1901fb633d5400a9d8f34308183345c0b07a5722007001061baab5ff433229,.json,False
data/labels_taskC/meta_worker0.json,raw_label_batch,731,b08d308217245f5e8692465213495f8b7a6b94ec9cabd2a203efdf44af9e9d71,.json,False
data/labels_taskC/meta_worker1.json,raw_label_batch,731,0d30ea02e2a8780d11d289bc6579c2d59436184bf1f943b452f5b05a4feeab1f,.json,False
data/labels_taskC/screen.json,raw_label_batch,27776,9da9d918e6adedf507bb3ecc5393e4ee59faa85fa0157e663d135db8c935304c,.json,False
data/labels_taskC/shard_000.npz,raw_label_batch,51077195,6b0596a585c31a609cd365766fb89e2c7593589b3d621289b0ca63faa2476ac3,.npz,True
data/labels_taskC/shard_001.npz,raw_label_batch,51071334,d57fdef72bcbb2532f185740fd9388d4cceb3f05f9645bb81e37c9bfe99df544,.npz,True
data/labels_taskC/shard_002.npz,raw_label_batch,51071173,eeda31ca52f6e3b9d11cc06358af2cc9639e8486684cc5f82b4a11238bf0b614,.npz,True
data/labels_taskC/shard_003.npz,raw_label_batch,51058703,2ea598d6cbb9f92072c8e9b8859cc105fa5f278a490b7ca9b35bd0892f2183a5,.npz,True
data/labels_taskC/shard_w0_004.npz,raw_label_batch,51057287,7ef0610c690b39c62e14a69d983f48503e9b71b5f11a33e9d3a23ace87f1f554,.npz,True
data/labels_taskC/shard_w0_005.npz,raw_label_batch,51048954,4e43e42361c10c0d545238b373399e23d97d3387135c375dd6b286e46754d447,.npz,True
data/labels_taskC/shard_w0_006.npz,raw_label_batch,51033887,04d0665291f28cf4677538d28968b854e49f8cdc3547f4d8951bcee7b9ca1d37,.npz,True
data/labels_taskC/shard_w0_007.npz,raw_label_batch,15022075,c6692088578e0f96ab87510750e87c980b41956a29d986bcbdf09f994cbcf805,.npz,True
data/labels_taskC/shard_w1_004.npz,raw_label_batch,51066448,fd3ff32daae8bda69be64f276d614a160447b12ea9cf5e5bf4c5bde3681f0ec5,.npz,True
data/labels_taskC/shard_w1_005.npz,raw_label_batch,51052460,d1cb02cb86d05037c4819305e948ea879af8dbc8814ce1470037d2b5d9854d51,.npz,True
data/labels_taskC/shard_w1_006.npz,raw_label_batch,51051681,77c1712a8929c78b8c02cce61aa4ce721a704abac00aed7f71dba70d81af41de,.npz,True
data/labels_taskC/shard_w1_007.npz,raw_label_batch,15023599,f0d689d919511125efec8216360bc75bc541d5ec24ea309140a50b300c38edec,.npz,True
data/labels_taskCp/screen.json,raw_label_batch,27776,9da9d918e6adedf507bb3ecc5393e4ee59faa85fa0157e663d135db8c935304c,.json,False
data/labels_taskD/meta.json,raw_label_batch,2031,1b56aa98928c62f3a3df4e518737998bcf2fedc486c36e18c72bd5d0afc4e8b2,.json,False
data/labels_taskD/meta_worker0.json,raw_label_batch,824,708e3ad21da8e51ad730508d2d2070516b7d77a53e3a62440054224520dfa3bb,.json,False
data/labels_taskD/meta_worker1.json,raw_label_batch,824,8e31a8dba13b9a217955e76456b02db4dbd5e6239c23a23315e8715a56ff05d2,.json,False
data/labels_taskD/screen.json,raw_label_batch,29345,e158aba1b9e69079bfc66eaaaa270fdbc41028b93ddedeb4f9066e7a62c9ed32,.json,False
data/labels_taskD/screen_part_0.json,raw_label_batch,14665,48d036d07ee16012a2c679c1408cb26a23d98aa9622cf794e20f12a563656a99,.json,False
data/labels_taskD/screen_part_1.json,raw_label_batch,14665,b8b3e1c9e258bc977014b309bff7473074651aba1567415173563a948c5ffbf2,.json,False
data/labels_taskD/shard_w0_000.npz,raw_label_batch,12021654,9c1b9fcdfdd065859c9f1b4ae1a53cff4be91921f7da1e598f282b1d51fb5a30,.npz,True
data/labels_taskD/shard_w0_001.npz,raw_label_batch,12016513,457b871a2c1549adf8125c34a09324368f05c94ce864bac76ada47de2e96187a,.npz,True
data/labels_taskD/shard_w0_002.npz,raw_label_batch,12021929,70552426307a8058c48be490f89ddbce2f9e88dd4c722b3da08d7a373eb30cef,.npz,True
data/labels_taskD/shard_w0_003.npz,raw_label_batch,12019501,e1c13adc36452f0cc2dab76ea9bdd45ffa89d954c16863d0ac9c9876089b3335,.npz,True
data/labels_taskD/shard_w0_004.npz,raw_label_batch,12019632,77c23dd5c1cd503bb0681dd7c679cbcc08caedc032de34711bb01c36f75738b1,.npz,True
data/labels_taskD/shard_w0_005.npz,raw_label_batch,12013620,2339a26ca7c576defcc0b0572c608aa4af744cd0f0cb8cbc6e8118fab66f9645,.npz,True
data/labels_taskD/shard_w0_006.npz,raw_label_batch,12013980,3bc36d64a51278622d48ba4ab7b7aca5c147ef79ce95281924717aae69b0e081,.npz,True
data/labels_taskD/shard_w0_007.npz,raw_label_batch,12023356,bf2697bca84eeeca9f2fce2802a92abf16a35c6684dc62a78065a61084cf1a58,.npz,True
data/labels_taskD/shard_w0_008.npz,raw_label_batch,12016242,6a46731d52e9993e147c86c03527bc5d608788420ae422e0483e09785275f4e3,.npz,True
data/labels_taskD/shard_w0_009.npz,raw_label_batch,12023840,8470bd1befcd4669544aab865875b649cc69257d32b5954ec6a9705ff524a722,.npz,True
data/labels_taskD/shard_w0_010.npz,raw_label_batch,12014754,ba20f770d95c52fff8c0208254e73544a327e8b4dee61649c694fb9b752d0e13,.npz,True
data/labels_taskD/shard_w0_011.npz,raw_label_batch,12023499,1ed28f4a4326dc13df472c054193a525f39f3bfaf8a05d91d60d813d05487c06,.npz,True
data/labels_taskD/shard_w0_012.npz,raw_label_batch,12016582,7d3acae3b69ed300c6f1e0f57bf9286296b58fe697cc6a17feea798fc1235837,.npz,True
data/labels_taskD/shard_w0_013.npz,raw_label_batch,12022708,586a7ef1694a1b8f3f9ac0d9d15bc072c672557853712e4334310b9833a4375c,.npz,True
data/labels_taskD/shard_w0_014.npz,raw_label_batch,12022260,be9d4fa1d7ce58ef4e4cf9186da43016688bf4cc301188d8a2895e35a21172ef,.npz,True
data/labels_taskD/shard_w0_015.npz,raw_label_batch,12025029,581c80af424673449d8f23b45e62005547a8f7912701e74fc827a24829302bf6,.npz,True
data/labels_taskD/shard_w0_016.npz,raw_label_batch,12021347,ef53a81f9fe57a538441d7fb0625fc07241d3eea30bd80637f0fd64b597ebe57,.npz,True
data/labels_taskD/shard_w0_017.npz,raw_label_batch,12023033,c41eb912a8c31c224309f10a097b39e75d66e7412aa37ea5d4dd7957a0c6735c,.npz,True
data/labels_taskD/shard_w0_018.npz,raw_label_batch,12018835,6e3495d4bc9ff08771c7c2ef18e320ff66e37eaf6e201c21fd202a3e7c329229,.npz,True
data/labels_taskD/shard_w0_019.npz,raw_label_batch,12017761,553d0c7456204aa4564f16a7aad095bbbfda6065087e464b2c28b56d5ee36603,.npz,True
data/labels_taskD/shard_w0_020.npz,raw_label_batch,12015457,0f42381f507d8c60ca18c4b5c59d047dde21dc6178e4a0143d70d9a08292e44a,.npz,True
data/labels_taskD/shard_w0_021.npz,raw_label_batch,12023137,73cc59b7e8b7706b45f49faf573ea5a1f1ede4d4862f5a18bd96c5f437259507,.npz,True
data/labels_taskD/shard_w0_022.npz,raw_label_batch,12022480,1523eb54deaccd403c9f89f0b7768f3ff5b30ba2a6cd4e166c59078c71c562e9,.npz,True
data/labels_taskD/shard_w0_023.npz,raw_label_batch,12023164,cfcca1423c01a784dc2c0efdf5b9886fab3e23900cad353bb134eb4270720f29,.npz,True
data/labels_taskD/shard_w0_024.npz,raw_label_batch,12021190,e1cd1b46d6cacfbad778d6c371869bab73d59a85347191f4e11d77d9d7e7200e,.npz,True
data/labels_taskD/shard_w0_025.npz,raw_label_batch,12023573,3fc092dc101eda4d52f6d87b527435181f0e7eba4d7708583d80c13f850df724,.npz,True
data/labels_taskD/shard_w0_026.npz,raw_label_batch,12017793,8f87848c055fdc087488018ee852e15332848ab57e247f66c2bb4e6b1f1172c5,.npz,True
data/labels_taskD/shard_w0_027.npz,raw_label_batch,12025021,6d84baae1ac9cd4b0239ad63b379cf9f3ceb9415c3e1a32b7690217da5988da1,.npz,True
data/labels_taskD/shard_w0_028.npz,raw_label_batch,12017910,13d739aa5dd11843cecbaad1bc60822520c163763b596ba6100969d76809b5d3,.npz,True
data/labels_taskD/shard_w0_029.npz,raw_label_batch,12020196,fd5687167d23c78a7cfd4527ae752a98f2d80d6519f8f4aec7d07f49741c8955,.npz,True
data/labels_taskD/shard_w0_030.npz,raw_label_batch,12014532,7a3849e4c543890edf1407fc3d953ea4deaeea058aeab274fa9092fa2ac23401,.npz,True
data/labels_taskD/shard_w0_031.npz,raw_label_batch,12018469,70e7db72934fa688c9c598e13c8f3bef981dece607f95db917a6d4d99f773618,.npz,True
data/labels_taskD/shard_w0_032.npz,raw_label_batch,12023962,d686125a0ec8eb2bb6efa238730adb0ed4637fa1f5ae187ac0576ac5b92b4c6e,.npz,True
data/labels_taskD/shard_w0_033.npz,raw_label_batch,12021410,3c69b2429c733e0e907f81ba6ac174dec24a2e1d71f0ef9eb9db21a59cf92d6c,.npz,True
data/labels_taskD/shard_w0_034.npz,raw_label_batch,12016266,737989cf4c639da38c723dce7aac3c210d94ab283c541df51fc6bb2efd050ff2,.npz,True
data/labels_taskD/shard_w0_035.npz,raw_label_batch,12016740,f1f3b879cd429cf345a8b910e1a9c8f2acb697465a300ef4d4a3ea9122f5c039,.npz,True
data/labels_taskD/shard_w0_036.npz,raw_label_batch,12013700,41ff0b20c4acbaf77451e2d1c89dd5737aec0686ac9491aa69fea4b812ff87a7,.npz,True
data/labels_taskD/shard_w0_037.npz,raw_label_batch,12022040,b6ea60cb40d3ee4729a5a2563f1923c7ecea735348179f8088fdaa58b66e542a,.npz,True
data/labels_taskD/shard_w0_038.npz,raw_label_batch,12013456,2825acdde8aa262b8f57e2ee93266f469e95de0f024c1c40206a17d716f32aaf,.npz,True
data/labels_taskD/shard_w0_039.npz,raw_label_batch,12016572,ac01700194358b8569fa1387921e1d01f30d824fbddcf73de48c82c3e4d81fd9,.npz,True
data/labels_taskD/shard_w0_040.npz,raw_label_batch,12018106,faa0f38113b799b5b32759ef38247f65868000e058e86ccce27908fcba2388f6,.npz,True
data/labels_taskD/shard_w0_041.npz,raw_label_batch,12009480,b0b1d7bd3ea22a8ed5004869d7db1c52c6826e6422693b3451bcdca9153197d9,.npz,True
data/labels_taskD/shard_w0_042.npz,raw_label_batch,12020343,77e6d947c2677a1a42e0cc8b3f5f004d71ccfba1edb60a4b128c02d8f3a139d4,.npz,True
data/labels_taskD/shard_w0_043.npz,raw_label_batch,12016262,435c581a450447a79226b28b2f72e808ffe28009cb69ecea08d704cc979d331d,.npz,True
data/labels_taskD/shard_w0_044.npz,raw_label_batch,12010170,5911e9271a96565aa6aefce7de94dcee097e3c29ed7c7b1f1968fe214bc63a9f,.npz,True
data/labels_taskD/shard_w0_045.npz,raw_label_batch,12010592,ebbae82ebe081b7dd92dc7a7657960037ebd1bb4b350ca1e8dcc00cca776edd1,.npz,True
data/labels_taskD/shard_w0_046.npz,raw_label_batch,12015722,da710993aa5b5688dcd3bdb60d610eff6063332177c32c30b6aeb5190f2c7888,.npz,True
data/labels_taskD/shard_w0_047.npz,raw_label_batch,12021607,3923f4ac18c45dcfdabeee42713b0ae5628fac18ad8863c0c661953330ade646,.npz,True
data/labels_taskD/shard_w0_048.npz,raw_label_batch,12017591,a2d57c3a1f94470ad4bbbfa6dd71aba2ea1ccb788a461a726c7b02cf60a970f0,.npz,True
data/labels_taskD/shard_w0_049.npz,raw_label_batch,12020831,9662626c68ffb7ec93b7838ee0075aae9aa2e702426443c7824e067a790a83e6,.npz,True
data/labels_taskD/shard_w0_050.npz,raw_label_batch,12017446,8de5c5d8b4cef8c2f10bb2f43e7a7af3cf189b7cc1284f4664698d4f8d2ec59b,.npz,True
data/labels_taskD/shard_w0_051.npz,raw_label_batch,12020816,5ea0f66399bfa912eab1cd4f4f6cc4f0cb499af491e0e527f2ebba7710a4de7a,.npz,True
data/labels_taskD/shard_w0_052.npz,raw_label_batch,12021340,5620168b818c2fa9dd0e94a45fd67823f7684a385b0ddde32e754bdfcd601dd8,.npz,True
data/labels_taskD/shard_w0_053.npz,raw_label_batch,12019448,20e30d035e9f1bd6d431a9e183836afd8d61ae33cda37883e1ba519921213b53,.npz,True
data/labels_taskD/shard_w0_054.npz,raw_label_batch,12014412,bb66aefc9d214a3d069fa3b56220de661581975fb4d20161911d2ab8fc03730e,.npz,True
data/labels_taskD/shard_w0_055.npz,raw_label_batch,12021877,95f548aa187939a51f3e3b20e769f87eb6a95197376f7edfc2230f7230c7343e,.npz,True
data/labels_taskD/shard_w0_056.npz,raw_label_batch,12010929,57244bd8645f60fd3671a36987000d668094007473bdb83189933c3a1537083b,.npz,True
data/labels_taskD/shard_w0_057.npz,raw_label_batch,12016901,06828f6297236d7d3d4190a2295c363ab4bc2ad34da3657696eb041e33247f0d,.npz,True
data/labels_taskD/shard_w0_058.npz,raw_label_batch,12020482,980c08a1571c6968257c465a092469d7a5631c5f3383bc6fa2a183cab1d116fa,.npz,True
data/labels_taskD/shard_w0_059.npz,raw_label_batch,12017488,d036f3c57330efdcc50ebc3d0404db254b8476e0c2e75f5a54d54569dc261719,.npz,True
data/labels_taskD/shard_w0_060.npz,raw_label_batch,12024459,ede17485747c5c14f0f09ec537651de1fbb06516a427cc81b7d347f8209ca63b,.npz,True
data/labels_taskD/shard_w0_061.npz,raw_label_batch,12018304,f0dc8a4733e0eeae79f66be4db1e3cad1e9b3aafe944af09ba0b686500fcd6bc,.npz,True
data/labels_taskD/shard_w0_062.npz,raw_label_batch,12020212,e0c04fc5ad5160215289e3335d08e0884a43e1960649f2684682e25dd6c862ac,.npz,True
data/labels_taskD/shard_w0_063.npz,raw_label_batch,12022985,46104bf523f54b8fa755b9f55f6dc5daf234dc48a4458f71d7c091afc82d9e11,.npz,True
data/labels_taskD/shard_w0_064.npz,raw_label_batch,12017075,374e0b15bf8dbeb89ea792ec6fe9dd9f4b579444b4e2641a328d6588c9b2ba0d,.npz,True
data/labels_taskD/shard_w0_065.npz,raw_label_batch,12020052,05429b8961c8d1944b238e720f62c046cebde1092cf569f9ccf9138508d6ebe5,.npz,True
data/labels_taskD/shard_w0_066.npz,raw_label_batch,12016866,513bcf06d86918bfebffb232b8413d1ee4958c64b442fc90eeda9147a6df69a2,.npz,True
data/labels_taskD/shard_w0_067.npz,raw_label_batch,12018195,32d8d62426b28e05b4ba7dba2283f5e39ae5f6307e7844e329b246dd806b4260,.npz,True
data/labels_taskD/shard_w0_068.npz,raw_label_batch,12015310,2453fbb1c78377c616bbaa5ea875fd72032d3fc8efad454b601da7f15b8c3118,.npz,True
data/labels_taskD/shard_w0_069.npz,raw_label_batch,12018374,22c01a50be4dbbc04a068f1db57e4bb9f59758da89024f83d5cf35ee5867e1a7,.npz,True
data/labels_taskD/shard_w0_070.npz,raw_label_batch,12020460,b1f9e401027765836c72382029618d5bc41ebf71132d28e2a657c6af844b127f,.npz,True
data/labels_taskD/shard_w0_071.npz,raw_label_batch,3010037,0aa4c425dfffe835e1079d33c6917f85917c3e0e0acca6803452f680d808d2aa,.npz,True
data/labels_taskD/shard_w1_000.npz,raw_label_batch,51064853,80ff2aeaed764af413da1319056797f8d776141ae799561c061d71585138d7c5,.npz,True
data/labels_taskD/shard_w1_001.npz,raw_label_batch,51074313,781453c6d57cb48399a22cc80fe864a2ddedfd2877884a688c0f0ccf38d6475c,.npz,True
data/labels_taskD/shard_w1_002.npz,raw_label_batch,51076967,c470a07f287eec6b4e09016d74f5042e76d2bbb8539569a90ca5622acded5962,.npz,True
data/labels_taskD/shard_w1_003.npz,raw_label_batch,51078274,0e310e21ce1e4c3ba3fcda9f7fda920fd6387c0e62a769959a42728b7d9b85c7,.npz,True
data/labels_taskD/shard_w1_004.npz,raw_label_batch,51055717,d3fb99b028305dd32e7f18dd10c2a92af149b051b2750bf4eb4ba2de109b6be0,.npz,True
data/labels_taskD/shard_w1_005.npz,raw_label_batch,51069726,512daa15e12c126c1de1da76d15846132ad96b03d8b04e8abb930afc2bafefe2,.npz,True
data/labels_taskD/shard_w1_006.npz,raw_label_batch,51070977,7038198a2cc88455ff03fb2b5c3a3e8fd69c315b6e5271e5aca2cf6a9f32b20a,.npz,True
data/labels_taskD/shard_w1_007.npz,raw_label_batch,51062411,fe75e30951b8d7f94f275183641350c7f7def6ba60606fb715ac5dfc1b4e0a2a,.npz,True
data/labels_taskD/shard_w1_008.npz,raw_label_batch,51070232,02175ed0114aa7143871912c93d5e4253d7a1f3783226c7272e010fe673d348f,.npz,True
data/labels_taskD/shard_w1_039.npz,raw_label_batch,12020631,e5b77192cbdc96ff7a2a247b1c4e441a833c0d2cdd37103e37c76f5fe90e8176,.npz,True
data/labels_taskD/shard_w1_040.npz,raw_label_batch,12023172,109f2505a2b36e04cc0c246ff23845cb993fba5e8033bab9c339c0ab7a82e772,.npz,True
data/labels_taskD/shard_w1_041.npz,raw_label_batch,12023405,827e4f560eb7efeb625b3c93f29974d7d62c81527eeeea96d28f6375c39d9371,.npz,True
data/labels_taskD/shard_w1_042.npz,raw_label_batch,12020969,a43d5163e4f7af4aad45db96d16332b7f82d3b4e81167974f48373f701a1b875,.npz,True
data/labels_taskD/shard_w1_043.npz,raw_label_batch,12015047,10472149667e8dc5e9fb8733e2fa39ded768d4d508a65a8fdfbffa4f59432c20,.npz,True
data/labels_taskD/shard_w1_044.npz,raw_label_batch,12017234,6d17cb832dc36df88ac7e7f045ae0da521da5a9de724300cbdb75671fed75fac,.npz,True
data/labels_taskD/shard_w1_045.npz,raw_label_batch,12017358,fab1cd6a597586b48fa10f33caeb58eb75d132953322c5ddb04f2dbdae8e59ee,.npz,True
data/labels_taskD/shard_w1_046.npz,raw_label_batch,12005451,a2831dd14790dfa09a0d65c95e65b4ae2d76ed4cc3cadf9822f982dac777e4d6,.npz,True
data/labels_taskD/shard_w1_047.npz,raw_label_batch,12018906,d650841f18b7fd6511511ad0adb4f9abc72e9e7aa3c816b308d16073d37ca2ba,.npz,True
data/labels_taskD/shard_w1_048.npz,raw_label_batch,12017241,50cfe7c0ebcecba42e7c8c8c345a773ca72cce6a97e452d213b4b7c2ff51cc71,.npz,True
data/labels_taskD/shard_w1_049.npz,raw_label_batch,12022123,96bb785796d23ddefc5ae3271ebee1a72b751e69284d308163dceaad89b8320e,.npz,True
data/labels_taskD/shard_w1_050.npz,raw_label_batch,12022558,2169108360ff6313eb6a7aecdc51da2eea5318b31b484c3638cf4a63694950a8,.npz,True
data/labels_taskD/shard_w1_051.npz,raw_label_batch,12022681,f18577834de93c6de870d8bbf3f2d9e2f9119e540a5293ea5c76bc4bb750ad55,.npz,True
data/labels_taskD/shard_w1_052.npz,raw_label_batch,12020204,4744ca869eb2429bae107b32f95a12247bde4de01e54dd7da98001e849639262,.npz,True
data/labels_taskD/shard_w1_053.npz,raw_label_batch,12023512,5b8dce450b816c1cf40a142ae96b80681a07fbc4ee60a90ca6706e3d9be6e555,.npz,True
data/labels_taskD/shard_w1_054.npz,raw_label_batch,12019672,13502fb1b5dc5d80697d5b6cb7278c96c47370335e5a0bf414c78b0ea64acb14,.npz,True
data/labels_taskD/shard_w1_055.npz,raw_label_batch,12024680,b8e642678c96b284d904fd5b2919c520322850f173f63a522ff5ad6a1b01cd02,.npz,True
data/labels_taskD/shard_w1_056.npz,raw_label_batch,12015635,4a94619548861c742e04169037e862dc6836185dd30c251dde28e6a460b34dc7,.npz,True
data/labels_taskD/shard_w1_057.npz,raw_label_batch,12016349,5fc9f4472e8a6b6329c81682d10587cbbb5070f370730bacf1573b74bdc83ab9,.npz,True
data/labels_taskD/shard_w1_058.npz,raw_label_batch,12016196,4217f136711383b5f33e1a84ccdf4032c5745d16c61fb2796fc22b468dbf9863,.npz,True
data/labels_taskD/shard_w1_059.npz,raw_label_batch,12020094,6a31eceb5a89cef32a6b299794e03792d55d4def0db7dba38daf108f2aabd904,.npz,True
data/labels_taskD/shard_w1_060.npz,raw_label_batch,12019028,be1ba01bfd8a6b356f6c99f0a6fb256ba688d74c50b1fe7c64250082d3172c2a,.npz,True
data/labels_taskD/shard_w1_061.npz,raw_label_batch,12020431,387c647c0a09df4dc32ac3fecc8a5c558434046d5c2af74d859400ff70a75bc4,.npz,True
data/labels_taskD/shard_w1_062.npz,raw_label_batch,12025649,f369ff9a28daac60b0ca5938981ee142549701b2555bd817e8cc92f1d900354e,.npz,True
data/labels_taskD/shard_w1_063.npz,raw_label_batch,12009664,81ace617b97dc4788bc2eff23560cd09ae342b9dd712967dfa78e1d3218dca87,.npz,True
data/labels_taskD/shard_w1_064.npz,raw_label_batch,12020357,72f71427c96a6d0cf1766782f3ec4f48e722a3df3d9700af750b6e7275368bfb,.npz,True
data/labels_taskD/shard_w1_065.npz,raw_label_batch,12019999,713e940eb6e6c3ac8be2133fe91a4a2d1c892337f18a06f4953ed56645c7d6f8,.npz,True
data/labels_taskD/shard_w1_066.npz,raw_label_batch,12018763,f82d4d7c2b74dc7b2dddf0664c38d52f0811f54c5d323e3209d4e4db95548a8e,.npz,True
data/labels_taskD/shard_w1_067.npz,raw_label_batch,12021184,f84cd586cdddefeac35e4be6b56f317d5c624b0b420f6749a1b39291c1662d3b,.npz,True
data/labels_taskD/shard_w1_068.npz,raw_label_batch,12012591,f74c381f51e767f97bcead9d9e9daf35d2a1a998299124900e7bd84926ce6223,.npz,True
data/labels_taskD/shard_w1_069.npz,raw_label_batch,12018127,270d07e0222e5309a535e85d5dc592a8199895fe8e4be4bd0eda5ec80a37c887,.npz,True
data/labels_taskD/shard_w1_070.npz,raw_label_batch,12020537,ca7c5c2c9e83ab7c04ee87b786408e911816b56b78792cb2222131c062242929,.npz,True
data/labels_taskD/shard_w1_071.npz,raw_label_batch,12020437,5ccb1441af1df747220af6ba2eafb8310f85b0b5e224bc2d7e879477218fb0eb,.npz,True
data/labels_taskD/validation.json,raw_label_batch,521,5a3e0ced4986e2d43802bf99d2ef8b621cedcc3b2f39b604bcee2c93661dec48,.json,False
data/labels_taskE_svamp/meta.json,raw_label_batch,1107,dc451ddae092ff033e35ddee448aee908db355e308eedb7e31c9ee4587abebee,.json,False
data/labels_taskE_svamp/screen.json,raw_label_batch,14644,c167cbfcd70075ad3f36d6c34362332645c45677249cfc27510b2373e58975d4,.json,False
data/labels_taskE_svamp/screen_part_0.json,raw_label_batch,7315,681480c09bfb64641b12b369bd53aae6d4cff814280a7e5402b7a81e7b21bd25,.json,False
data/labels_taskE_svamp/screen_part_1.json,raw_label_batch,7315,1a50db7e5b11c5bb40130d37c236b2f324d84007e8f2d7539f8e6d635ae77e2e,.json,False
data/labels_taskE_svamp/shard_000.npz,raw_label_batch,12011439,c381e7a87e3b369b0e037c33fe1b4530152c5596ce32d625b9d5d54f05772400,.npz,True
data/labels_taskE_svamp/shard_001.npz,raw_label_batch,12015098,8592ad4e9ef347db879f1542e69aa29f7a92176a8e7cc2b851701977d77c5e68,.npz,True
data/labels_taskE_svamp/shard_002.npz,raw_label_batch,12013724,2497ba2dd7335f64e33ea00452fed18faa5cb1359781c5ee95cc24ba8927ec63,.npz,True
data/labels_taskE_svamp/shard_003.npz,raw_label_batch,12021478,2e855c839f568c4168f72e22606434918e69ce5d4bb6317a75f2542fb8f322d4,.npz,True
data/labels_taskE_svamp/shard_004.npz,raw_label_batch,12010646,572084582b1dba56e65a7d61f4c8af3df59a9f052d0164bfc2868e0aa49f7cbc,.npz,True
data/labels_taskE_svamp/shard_005.npz,raw_label_batch,12012519,f8439d9f25c651b7f39bfcaa92e6db414c703b21cbdd56a3cb75fddcf6e94a98,.npz,True
data/labels_taskE_svamp/shard_006.npz,raw_label_batch,12018321,1b3a9a376f457e4f12dd263a30ec85d86c2b12ea4b22fb626e022ada1b16e227,.npz,True
data/labels_taskE_svamp/shard_007.npz,raw_label_batch,12017590,2c6af25bdc6a6bb98bb0109136eeb15806ed4ae6d07390584e21f96edd9c1f31,.npz,True
data/labels_taskE_svamp/shard_008.npz,raw_label_batch,12013530,cb7851e684f1aa66097743c3a9fb4f342eb6146c5ade2c465de1de9bf34c2340,.npz,True
data/labels_taskE_svamp/shard_009.npz,raw_label_batch,12018833,e73b27fd8bbbe7d0b2a417eab8acc09d2096417a5fe7646544e725260a157bfb,.npz,True
data/labels_taskE_svamp/shard_010.npz,raw_label_batch,12015848,2670de0e671a31adba532664fd4d804eac14c92a4acb4d31436b21d56a770b58,.npz,True
data/labels_taskE_svamp/shard_011.npz,raw_label_batch,12013447,8a53fd2f26aba379eff3a091a3d50f67f6ad6d7045f72f3816211b69e144c04a,.npz,True
data/labels_taskE_svamp/shard_012.npz,raw_label_batch,12020278,b235e308086a540339199d55a92712a2c064e63416b08cf8d38268bebcbfa5df,.npz,True
data/labels_taskE_svamp/shard_013.npz,raw_label_batch,12017941,29fc209f52ab30321948ce0ae0dbd0a1235169ab81aa11066d170f9a48476c15,.npz,True
data/labels_taskE_svamp/shard_014.npz,raw_label_batch,12020475,09eb33687d8ef2dfbc9b3b05d653abd2c921f504f7b692131672ff065653aa32,.npz,True
data/labels_taskE_svamp/shard_015.npz,raw_label_batch,11995640,fad44c40c77a3bb12a38a702af48120173aa9b56f98066ea024be06e769de136,.npz,True
data/labels_taskE_svamp/shard_016.npz,raw_label_batch,11994564,b614b05af703bd6e1b75a75e8720afdc7fa965258880cf572749ed917aa1fb07,.npz,True
data/labels_taskE_svamp/shard_017.npz,raw_label_batch,12011721,0ae2920644a802a7cc4f0ceffb0f13324cd67aa8253c37fa086f817192c370fb,.npz,True
data/labels_taskE_svamp/shard_018.npz,raw_label_batch,12001478,cbb7766a636da15bb13725eb28460ccf7c28b6a519b64a87f4cf6b82201a998a,.npz,True
data/labels_taskE_svamp/shard_019.npz,raw_label_batch,11991490,5d4956d895dd85decb9d5e80cad7520142058f1238dc617117defaddba65ae4f,.npz,True
data/labels_taskE_svamp/shard_020.npz,raw_label_batch,12008651,3295619ab422933377bd9b617b45d2b9249f5ca138efaf9f9fbcc80d644448f4,.npz,True
data/labels_taskE_svamp/shard_021.npz,raw_label_batch,11992902,93ed77e0a1ed4c3cf3c18780eccf419efee869e7b13a49a295ec73f80ac97c88,.npz,True
data/labels_taskE_svamp/shard_022.npz,raw_label_batch,12000079,05bded8622b4e51c2fba7748b1c9f2d9a9e32f749444f2646e4e7205de1d33b4,.npz,True
data/labels_taskE_svamp/shard_023.npz,raw_label_batch,11986970,61534a8d6e19860096bb3d81861b76abbfac739d2813ba4b8e02229efcb014f5,.npz,True
data/labels_taskE_svamp/shard_024.npz,raw_label_batch,12007386,b0b6dca36aa75aac2de0f686c4fa13eadc5c1fdf25314ca772f8e210cf88c0e3,.npz,True
data/labels_taskE_svamp/shard_025.npz,raw_label_batch,12002017,554718e9b0735968d78dc4366731d0fc08a4f4f8d02b524c7a884bf54ca8b68c,.npz,True
data/labels_taskE_svamp/shard_026.npz,raw_label_batch,11996595,37f75f0cf0dfd2bfd10d173ddb2fdfd0595a214edbe811b9e99d325f56111212,.npz,True
data/labels_taskE_svamp/shard_027.npz,raw_label_batch,12000243,e93656b638c9a7090693c4ea69a4f369143b0bbbd33588066f82ae3cadb4a1ba,.npz,True
data/labels_taskE_svamp/shard_028.npz,raw_label_batch,12003291,8243152847b988ade081dd05acda89a958703916224b86b0da47d9e124c1603d,.npz,True
data/labels_taskE_svamp/shard_029.npz,raw_label_batch,12009917,3d5a8172d87c53f6c11270043ed09dd304dba14fd07f306a1f97749aa5565e34,.npz,True
data/labels_taskE_svamp/shard_030.npz,raw_label_batch,12012914,84c50cbb021eeadadb4b8b4ac172217b396ab063d53dcd52b2e821cc9638235c,.npz,True
data/labels_taskE_svamp/shard_031.npz,raw_label_batch,12009861,44bfd07a2114f6665a026e4e76aab68fad35881dafd8b5db8c96922b269d66c7,.npz,True
data/labels_taskE_svamp/shard_032.npz,raw_label_batch,11994686,0c2b7c16309929e136330d419b6d9c4b5d648f69f03db2fdcd0094e2b0684e32,.npz,True
data/labels_taskE_svamp/shard_033.npz,raw_label_batch,11998150,d0367a5b1488975bfccf7b42c1fc43fb3679cba05a6485718d95a89c91d4ef0f,.npz,True
data/labels_taskE_svamp/shard_034.npz,raw_label_batch,11995500,3d57c7eb1a715b0da2dfa5e63b77f498ba68c0e460ebe2ca51f58918df5f203e,.npz,True
data/labels_taskE_svamp/shard_035.npz,raw_label_batch,12004810,fc968ba30162541766549e7913e6645e85ab85245938475fd3225058a53cbec9,.npz,True
data/labels_taskE_svamp/shard_036.npz,raw_label_batch,11993388,4d79e6bf54bfce5bfbc5c8227d8ba4afd504ac7fe6d7b5ebe66f9b739eaaef6d,.npz,True
data/labels_taskE_svamp/shard_037.npz,raw_label_batch,12003593,055b3e3923aba582777a37414eeb56129fd7a771dba3a043d6668d3d937dc0c6,.npz,True
data/labels_taskE_svamp/shard_038.npz,raw_label_batch,12004049,6d3c07ecbe1871e485190a3ae0bc53b3cab1ea171ebc4f715f218862404c6e57,.npz,True
data/labels_taskE_svamp/shard_039.npz,raw_label_batch,11993416,3248927ea97ade0e2d6052e8d4df838728bdcd5718769114f02d6c09eb55f9c8,.npz,True
data/labels_taskE_svamp/shard_040.npz,raw_label_batch,11992543,bfc4c0385c27a9b3455978bf7fa7b2473a9ad35c70b4375fbfbe73061abcd498,.npz,True
data/labels_taskE_svamp/shard_041.npz,raw_label_batch,12009329,86b34efe19bc4b7c6775df6d6b85d1cce46af0d0904c1514761ddf65eacc9ec3,.npz,True
data/labels_taskE_svamp/shard_042.npz,raw_label_batch,12004790,c2c228adbf98cd20507ea0ffd655271b6f856d4c4705a49e1fc70c67cc1360bb,.npz,True
data/labels_taskE_svamp/shard_043.npz,raw_label_batch,11993061,92f8f0cb72b40f25cd6a5c44a14e3b7a40d91137b4f87c4e29a554f63f33b4c8,.npz,True
data/labels_taskE_svamp/shard_044.npz,raw_label_batch,12011634,d091468d2b5cff264b02d5c3e5cc65e2e18f9e0fd02210004673d82a8e211359,.npz,True
data/labels_taskE_svamp/shard_045.npz,raw_label_batch,12005127,41364ce3d4b90fe82e3972e0cfb4763ad966d70d0892a20294f88fa86e2e036f,.npz,True
data/labels_taskE_svamp/shard_046.npz,raw_label_batch,12007421,44afa6165e2bc4b77ae048c8a85a9a3a35f8351d418c8d6d7bc0a26ea6177beb,.npz,True
data/labels_taskE_svamp/shard_047.npz,raw_label_batch,12000276,e2f4dd4d9c672db2b7fb01d514898f732e4460d81642150af744f13aa8e9cb29,.npz,True
data/labels_taskE_svamp/shard_048.npz,raw_label_batch,12000669,6cf5d56b4e257dfdc3ec7cfbfece4bdbc1ee42f674748e2dec787dd85d62d2f0,.npz,True
data/labels_taskE_svamp/shard_049.npz,raw_label_batch,11998166,66f01af6d54dd85427f4ea9395cc4ec7406fe1b4fe369f04382c3347580cfe39,.npz,True
data/labels_taskE_svamp/validation.json,raw_label_batch,524,403447f315d45bc31758213c5cab7f5ae19f417443952a21191d40d57f211141,.json,False
data/labels_tasksmoke/meta.json,raw_label_batch,351,a07408c933eb52bf1c1714a84907ea92a188899d86b1c06b0fb6e4aa4c7c64ed,.json,False
data/labels_tasksmoke/screen.json,raw_label_batch,903,d96c2234712f7f842d5108a1bacbd9d033ac760f561abec50710456376639f90,.json,False
data/labels_tasksmoke/shard_000.npz,raw_label_batch,2506441,5d0350cc8f1ac8f28ac1bf4fbe3f50204032a33e8de2c13992589753295d73f5,.npz,True
data/labels_vreadA/meta.json,raw_label_batch,1517,ec40a39c03d3e35edafe486b86a6bc33fc563380c7d59a014e3fda8f79aac84d,.json,False
data/labels_vreadA/shard_000.npz,raw_label_batch,90450613,ea5fe2b71254533958f36d20b54a719ba17b1432fa07cede90d001a7e825abd8,.npz,True
data/labels_vreadA/shard_001.npz,raw_label_batch,89569549,3d92564ef9fbd2372a6003cac11f8f3356655d30cf66abd534e1731f71e45008,.npz,True
data/labels_vreadA/shard_002.npz,raw_label_batch,90466718,815d5ffdf94bd180776dfdb0ac9efd9531a1990cf3c9c8fd8153944cb33b3652,.npz,True
data/labels_vreadA/shard_003.npz,raw_label_batch,90457392,47c6e531bd2cecfc8dc7b5f372529599bf6ba98de12d1bddec199f62eb722590,.npz,True
data/labels_vreadA/shard_004.npz,raw_label_batch,89249294,a03ac0f08883fe00e283d1ca5a5fa05efb2f2f98a7bf7ebb6dff9a26e3e46525,.npz,True
data/labels_vreadA/shard_005.npz,raw_label_batch,90756139,60cd4fa8d1ce9819b683576329600c04829afc81190f1e1f257d0fcb9ede79a9,.npz,True
data/labels_vreadA/shard_006.npz,raw_label_batch,89869489,41e50c06564701b32ca1eb7a7c18a1ea7da428944868ed5b39e04b7f54db3ad1,.npz,True
data/labels_vreadA/shard_007.npz,raw_label_batch,28562411,5f4c3cd3a9a73e9b1c0222f1a174cce4895fbbe097d2f5672392826d7cdcce9f,.npz,True
data/labels_vreadB/meta.json,raw_label_batch,1518,2bc49000a707fa111f343292c57f335af5bc333515e3231122b4362af962fb15,.json,False
data/labels_vreadB/shard_000.npz,raw_label_batch,90466454,7d81afd61612993e65f0d43e575e921ecf16cb9671a1619c262db485d27f6bac,.npz,True
data/labels_vreadB/shard_001.npz,raw_label_batch,89571063,e4effaba461bc175c3fd7ebeb90802f74053c7b4789d415a886e0f26408bce89,.npz,True
data/labels_vreadB/shard_002.npz,raw_label_batch,89244266,4aa94922ac1db4d0ebcad3a4ce66f5e05ddf2fc54a8f3f09a0876b353534ed5d,.npz,True
data/labels_vreadB/shard_003.npz,raw_label_batch,90765168,4ceb2c9adae790722253c1a1a8b8be156a5362b419c4d6cf5776c8d5b2bd21f6,.npz,True
data/labels_vreadB/shard_004.npz,raw_label_batch,90445782,c60c47279ed49a3d7e94c7d9e753a10cc2463ee8c7c46c6cde9642d04fd21497,.npz,True
data/labels_vreadB/shard_005.npz,raw_label_batch,89575763,8f4acd04453ac5b4ab2941436b8bc81c39b6522f50b5f7e853737249f2478955,.npz,True
data/labels_vreadB/shard_006.npz,raw_label_batch,90456009,703ba6b0b9d17568b1f233c475e7e5322185b52b647d78f74592a40bf125d970,.npz,True
data/labels_vreadB/shard_007.npz,raw_label_batch,22617742,7e9b2a06cea224602c5be963b335c3b5ffb3072fc12826e629ec9e17dd83e44f,.npz,True
data/labels_vsmoke/meta.json,raw_label_batch,1515,bdf94cc316d92e450506a05839037b7a3a8e098d785fa88c8bb823b0cebc5cbb,.json,False
data/labels_vsmoke/shard_000.npz,raw_label_batch,6249264,f9a3407d7b4ec130b3ffe6a0f901a2c417cec5270eb5419bc47efe8cca5729aa,.npz,True
data/owt_windows_L1024.npz,data_asset,5604848,b2ee6460e0a84d540c48daa5ea617f520f28fbd7c787fffa865deb3c3669721d,.npz,True
data/owt_windows_L128.npz,data_asset,307218,ab4646f1e75bc419c863b0782984280dabdce4684aa3bd0421fab152c13b7696,.npz,True
data/owt_windows_L256.npz,data_asset,1486776,d92d3bda74270ea619d582fa4c2a0e0351696766ce3f9213d84fc6835d94d2a1,.npz,True
data/owt_windows_L512.npz,data_asset,1159371,363e45b3b2ddcaee6cd33e723bcd8a0b7de82c4aa91f3b97285687c9ed3c33bf,.npz,True
data/task_state_readout.json,data_asset,7240,bd8efd6ebe7b667f3384c772338ad7898ed8686e0246d81cd80fd99599e52bed,.json,False
data/v_audit.json,data_asset,2875,e658923d4af3e159dcfd2a1b565f791607f61c3df11c8fec3b890c2fbc8012cd,.json,False
data/v_readout_results.json,data_asset,5174,c98be99e79629f3cbea6955dca20eaa80790e38c5efdb3ef0125330329816060,.json,False
logs/backfill_v_ab3.log,run_log,1745,2186c9256f8b7b99094578fa0c13d9d3474e89e19677e9de9aff468f1611b0c2,.log,False
logs/backfill_v_cd3.log,run_log,1745,b6683466eedbf3f14c7b3b71a81c30284da7fa7e2344d9dcf8421777959a4ea3,.log,False
logs/collect_a.log,run_log,2015,90dd967cf5b0c744ae0f4c2366ec4cb3b3201c87eeb388368e0ab52c61635417,.log,False
logs/collect_a2.log,run_log,1996,01d98e6f8c3aebc79d43529dd255d6af0366478a7fe23f72458dd29f8e01867f,.log,False
logs/collect_a3.log,run_log,2039,75729437b2301fc4cb51ac80fc1c6edb6802913fec2441845ceeddfa59116a5f,.log,False
logs/collect_b.log,run_log,2015,314247a0950239ff14046a0ed247ed141ccab2522f80ebf3a493ae68432e2040,.log,False
logs/collect_b2.log,run_log,1996,00f5c804ce24d22e164849c5096812fbd37f7fbd9cf98450e60a89d859ae86f0,.log,False
logs/collect_b3.log,run_log,2041,f2856a97952a07a5c5905dabf2616aa6a19ff984d120aae35047be31e55edbe8,.log,False
logs/collect_c1.log,run_log,1997,d6a4b1ae1094e352120092e73ec9cbbaba988973a978067c6f471d46fffab5dc,.log,False
logs/collect_c2.log,run_log,1998,b4c2641962f92fe2738e602091cdf19177a9167e3415a75e3cc1784aef3cc439,.log,False
logs/collect_c3.log,run_log,2019,1a1cd1049c44dd31dc3a2c49748825d4f45ce0b0fd476748d8b9e1c310bd3707,.log,False
logs/collect_d3.log,run_log,2019,8de0ba3ed144d933eec4095a9def0d2bb81e4b12a5967d5b4784e13097544904,.log,False
logs/collect_h32a.log,run_log,2025,14a57d7695c5398da0613a0eb3280b33d871dd6ca3b0414de48e6fab912211e1,.log,False
logs/collect_h32b.log,run_log,2025,5fbee5256076b0dc47748dc7bb7d49b2918b6e8cacca2d66ef21ca4e726ddef6,.log,False
logs/collect_h8a.log,run_log,1995,90784e2ee717cb1a1991ccb56641fca38563e0447be8fd9e5ad8a6cee77d7e47,.log,False
logs/collect_h8b.log,run_log,1994,28905dab10cefb6bdbf760bc1722aba01e916c94de015b5f5c59b408bfb8d789,.log,False
logs/collect_s1.log,run_log,1877,45dc57d6902795e4a8c55ede6676ba215e621769df20baf8f1fefcf7918e9659,.log,False
logs/collect_s2.log,run_log,1877,573411a4e00577b3b0201ea2ee1ce1541fe7ccc869fa51571ba66c403aaa36d5,.log,False
logs/collect_taskA.log,run_log,9649,942265e78b2af93f582eb83e633f0f325d75402651c5574424e206326e9cef16,.log,False
logs/collect_taskB.log,run_log,9686,16d281a28efddc7f776dc7cf3d48360f9173d5e16ea20e688b328544ef97becb,.log,False
logs/estimate_all.log,run_log,1032,bbfbaf7558b073ad20fb469c90660890346dbb1bce2df531d27699517acf9b15,.log,False
logs/estimate_task.log,run_log,485,0b9721f53fb5690613d7380ec5e6cc1baea4eba8a833b3da49fbe50868cbb5d8,.log,False
logs/exp1_conf.log,run_log,8332,9fb713c9816db814bfd62e12c214636bd858073dc064e2f8bfb0b3c210c68abd,.log,False
logs/exp1_final.log,run_log,8248,c6d9cb086c2b01adfd9bc68ad842a6ec7a316922d5ab8bf21fa0e4a6e6d07a06,.log,False
logs/exp1_k24.log,run_log,8517,7bd030f9e9574e65b09991df34d3946608c6310ab13d39af37c77fae0ff712a2,.log,False
logs/exp1_k24conf.log,run_log,8524,a7d63cf84386c0372de409b445438f08fee8a46104b7718ac6b1e38dbec3bd9b,.log,False
logs/exp1_sedd.log,run_log,9018,25d8b81bbf871a5dfbca7af41c6c7837e91385d4be76a002155724f7a3e5ee77,.log,False
logs/exp1_task.log,run_log,6116,f5e70ce6070f4505c678b260f40b24019aef3ba8c8ab2b388b294d25cc99d800,.log,False
logs/exp1b_h32.log,run_log,2963,780c1d80cffcb34d922c01dc10fc0b94127dc44c38d187a3579ccd14be198227,.log,False
logs/exp1b_h8.log,run_log,2960,f7a9c9b37b8c761d350bc1cf404c9fac5578da0474c38fbd43a828ed2428cc70,.log,False
logs/exp1b_sedd.log,run_log,3288,428984bb8b7f3ee12dfee924f8a76d239861f9f13f7c15f36407e2f66dfd8e2b,.log,False
logs/exp1b_task.log,run_log,2253,884bfc44a7470548cc9fefe5efdd5c7bd4677b61c417c28856da7ffabb1d9772,.log,False
logs/exp2_conf.log,run_log,1345,85de95e56cd45c5977190e3697ef386c01ffdd9974b5b18c3340a77613249d4b,.log,False
logs/exp2_k24.log,run_log,1335,321961cc36894b289259accfd8db623bc887215a2a38e3ea128791a9d737cb9a,.log,False
logs/exp2_k24conf.log,run_log,1325,42df1d310aa76e64ddc1b1c3f7c088b7e9612b78f03c4bed44276d754d21c8fc,.log,False
logs/exp2_k24confhp.log,run_log,1426,de656fe1e94db1cacea48bdf7495990837fb9a7a5c6f18aa68aad3ea3c16ddc5,.log,False
logs/exp2_k24hp.log,run_log,1425,ee0d9d0aef6e4554b95a309b0967bb213e16a1d74b9dbc25ee86dff46520ca2f,.log,False
logs/exp2_sedd.log,run_log,1756,63869e2a04742084a42a311410fb86b074b954dcf0e79f964367a5d2d2b9b17d,.log,False
logs/killed_vllm_cmdlines.txt,run_log,714,6265a4e6abe2b716577c525ca742bfad8beea639f2651faf0505de273ab5d249,.txt,False
logs/null_k24.log,run_log,3670,834c859bd4f55a093f4c14a0d94d6036bc9acf2fea9a2d2dc960bc3debbcb5e3,.log,False
logs/phase_s_full.log,run_log,2074,d589bb564aad1d70e1318578c0a43ee4cd381fe1edca81f9133dac78fd001bad,.log,False
logs/phase_s_nemotron.log,run_log,2314,04a5bb47569a9bb4eee5e5d57b26d83bcb9d47d5f1f86239a2f45cec47309307,.log,False
logs/refit_anc.log,run_log,3934,98ce9a12332ea8d2206cd07fbf3f57fd1ed8933192be7e687d239cc7b77d9114,.log,False
logs/refit_conf.log,run_log,3936,66c70ba120a00f69047644b164bcf5152dea2ecdb179fd88175a94bf27423bc6,.log,False
logs/screen_taskD_all_quick.log,run_log,56,c4e160a2b8c4e9ce8f132ff74849e9af8e60688f83355432fee66fdb2a45cfcd,.log,False
logs/screen_taskE_svamp_all_quick.log,run_log,62,62a38516749ca1bd1b2ae7731cced7031c51df3b7a87b059c0ad9bbfbb83c49d,.log,False
logs/taskCD_crossfit_confirmatory.log,run_log,1318,1089f44e3d7e2d7c7b12f03fd674f78cd7a8727f3b4669ff3d2f1bdcb1ad02ff,.log,False
logs/taskD_worker0_detached.log,run_log,16161,f5cc5e1e6b82531389200db6be6102f8fc6bcc3b70efefe18a1000209df0b344,.log,False
logs/taskD_worker1_detached.log,run_log,16230,6a7a90d9c0e917b62072cb602668ee6650c81da9b7db0e8127c6fc9c9430f814,.log,False
logs/taskE_svamp_crossfit.log,run_log,1303,59d1bb4f95e9f8c5cd4a8e277da9054855e25a01e590230a495e6ee9d87d5b43,.log,False
logs/task_state_readout.log,run_log,510,4f044be719e1d3e5ffb20a82d7584bcbe8f759c270d823561684f94f93bf1a9e,.log,False
logs/vreadA.log,run_log,5072,86da8e6b27ab13cbcaa13aa4bc203af630c49f1bb016ed146bb710f44e07afb6,.log,False
logs/vreadB.log,run_log,5079,04cc95979402307abd5ae3e5f7abcccb0f40c56a63671d95ea70d8887c573360,.log,False
rescue_audit/logs/auditA2_cap_B.log,run_log,1006,77434d16b258299f2fde1f11c89c50b2a7910f03ea449f49cdb458d25d2a52a7,.log,False
rescue_audit/logs/auditA2_cap_F.log,run_log,997,a3c63f8e8dd9dc762442616ca02d714a01f4c0d2b136f62fff26f11bae92b857,.log,False
rescue_audit/logs/auditA2_cap_real.log,run_log,990,a7f2baa14da4a18495722704a260fd9c472e9c08881015df53be10e6568b415a,.log,False
rescue_audit/logs/collect_freshA.log,run_log,2023,1a1f25f7582ed6dd992bb272bc535cf29b8570776fc33f209863b73b7604212f,.log,False
rescue_audit/logs/collect_taskC.log,run_log,8287,d5c7cc2cccb026f9366d1e4758519342aebfa9437de227ff2408a32849fc4d17,.log,False
rescue_audit/logs/collect_taskC2.log,run_log,5245,bdb7ac28319711af3ab72fd11d2ada6623f19549ebdd258ce793a67f1f37bafa,.log,False
rescue_audit/logs/confirm_fresh.log,run_log,1932,53f9c6024bd21a44ab2342b59956bbd87151e5d3464c78fea0157ae0987d01d3,.log,False
rescue_audit/logs/horizon.log,run_log,1833,6d458b76042aeff32ca14538103608866c02323c6566888eae75cd5a229a5729,.log,False
rescue_audit/logs/nonlinear_retest_real.log,run_log,1681,d4be098a0888100cdfc4b650ce80eee7487b024b5a967341a233ed148572bd02,.log,False
rescue_audit/logs/nonlinear_retest_syn.log,run_log,3196,716e9d70d4c673003530f6ced0dd7f63047cc43ce80753740bdc9589a2337e2d,.log,False
rescue_audit/logs/posthoc_fresh_L8.log,run_log,638,62226df3f6e81df114c9d7c5f9725abc8a14d81766596f705a705135b6150841,.log,False
rescue_audit/logs/prev_b3.log,run_log,1483,cad6fb25a5681f30a5e06862c3a79c6c3015ba7ce9b623404af6ea3f86645f00,.log,False
rescue_audit/logs/r1_deep_mdlm_anc.log,run_log,2875,5a47e4d40ea6c06d70d3a750dfd59599d361bc68703a25027900d51559de5385,.log,False
rescue_audit/logs/r1_deep_sedd.log,run_log,3541,42e8dbd6f0a5ca5ce2d1039726becd40ebdbca3aef0ced5ff206705664932f3e,.log,False
rescue_audit/logs/r1_mdlm_anc_broad.log,run_log,16514,0b6d6c879bb45ad6db024ce5446e662cfc91c1f81bebdb2bbc9d62c0894a2532,.log,False
rescue_audit/logs/synthetic.log,run_log,1291,5738aced56faaa483ec0a712024fac9000b0953cd7c6da3f0170de9115d8c1ef,.log,False
rescue_audit/logs/synthetic_E.log,run_log,620,f033c85ce7119ff2c41c8041f2bd300a49819c5113ac82f20ebedc1cf88e1911,.log,False
rescue_audit/logs/task_utility.log,run_log,6147,568ca94091458f3f94c7cfb5053610ea5ecebbfab0dc05ceab0e69efa295aaf5,.log,False
rescue_audit/results/AUDITOR_B_recheck.json,derived_result,31787,ee9f838b82ee617bdb4ac7957da18c74919f9284fa2479ee0d177ed2f0d58c87,.json,False
rescue_audit/results/A_fairtest_corrected_ci.json,derived_result,7886,e1f5651a46f7a897bc4811a01f5eeb5a29379045c93dc9bdfed253c655ff90c1,.json,False
rescue_audit/results/CONFIRMATORY_freshA.json,derived_result,63075,9aabd6135dd500ac5d61f94874fc8675dc9966f8f43bbce36e559e983ca40c96,.json,False
rescue_audit/results/CONFIRMATORY_freshA_posthoc_no_stale_C2.json,derived_result,31002,2ec0cdf936df01bc5baae486ff0e3247af989acc15d5563c99da45887922107d,.json,False
rescue_audit/results/CONFIRMATORY_taskD_frozen.json,derived_result,21244,07bdad0f5f440a30990e7c7b127bb8aa33a43a6b52d0590f62edb2612daa66a2,.json,False
rescue_audit/results/POSTHOC_fresh_L8.json,derived_result,32600,d244d23863e4465c0c9a211aa06fad678e3b9a8311849ce10677a7de901bfc10,.json,False
rescue_audit/results/R0_gridcounts.json,derived_result,4128,31563f00f685e50f0a7772d8127166188d6ede11034d992eaf1ee3feebd7a0c0,.json,False
rescue_audit/results/R0_static_checks.json,derived_result,10181,ae7b76214e6abd2ceffa0d1917f2921a23920d00862ae8d60a43705c48ee2005,.json,False
rescue_audit/results/R1_MDLM_anc_broad.json,derived_result,503290,f6cb908bdf32c0df954cf49db842c4ba38fb8c2868a042f74d1a40f555cc8550,.json,False
rescue_audit/results/R1deep_MDLM_anc_A_pertok_L11.json,derived_result,59496,c1fde2377d23e43219a68f60f89cf87aa3efa5b5a0bfd351272118e19e35ba5b,.json,False
rescue_audit/results/R1deep_MDLM_anc_A_pertok_L3.json,derived_result,59414,c3e1e187c6edab446284145c0ba6149ce48edce79095934c4fc8bd9dd4272ec4,.json,False
rescue_audit/results/R1deep_MDLM_anc_A_pertok_L6.json,derived_result,59393,37907f198520f348a3bbc906eb3f8f9122eb9a10bc64fa5ee9215a01a13ef8c4,.json,False
rescue_audit/results/R1deep_MDLM_anc_A_pertok_L9.json,derived_result,59242,34e7a22a4b8f6b235b3ebc3b2032e3afcf74fc58e371ca7107c281e39cc217f4,.json,False
rescue_audit/results/R1deep_SEDD_anc_A_pertok_L11.json,derived_result,59317,7816680af50568888bb12b5e5d6f4edcdaf5d818d1a3ba09c0345b8a6f2a877c,.json,False
rescue_audit/results/R1deep_SEDD_anc_A_pertok_L3.json,derived_result,59464,0dc53b4172fb25522d1ef85d439e3dba509fe455dafb72a6fb6c92a401073d0b,.json,False
rescue_audit/results/R1deep_SEDD_anc_A_pertok_L6.json,derived_result,59349,6ec01c5f3c5ee41f3d9daa47e225693fbc3d581c14a3f15fea4c9fa62a5d4138,.json,False
rescue_audit/results/R1deep_SEDD_anc_A_pertok_L9.json,derived_result,59379,fb06fa3650859b6d3ab71fae9976c49a051bdff05d0f229a8c4805b54ab9ea03,.json,False
rescue_audit/results/R2stats_MDLM_anc_A_pertok_L6_within_r2.json,derived_result,32683,e2df5584e0016719155ef8deca67ddbe794b1abb92cd6afac111502ebe91a23a,.json,False
rescue_audit/results/auditA2_arcsin.json,derived_result,3428,55f7e5d2cd5fb9a7d4905733d8b75668d7fdc418120e9569fa53a0876895a736,.json,False
rescue_audit/results/auditA2_boot.json,derived_result,6445,8e3c906f700b3b57fc73aa3e668b6c5dcca70467d0749569df4737aee05a0dbd,.json,False
rescue_audit/results/auditA2_bootcal.json,derived_result,415,2d7c58a4b9da61d29ed9648f4866eeda4513e39cf5b46ea65464b71acef8bb96,.json,False
rescue_audit/results/auditA2_capacity_MDLM_anc_B_bilinear.json,derived_result,6181,4faa649dfdffc8b08bf31315256123ff20c609cb6319f4ce77b6843ae0de8979,.json,False
rescue_audit/results/auditA2_capacity_MDLM_anc_F_null.json,derived_result,6116,bbec1fe736e5c7321258615d05feb57c20ee60e14be7572fe85c1db8180c60c8,.json,False
rescue_audit/results/auditA2_capacity_MDLM_anc_real.json,derived_result,6138,9bd094b394f3723d220390e3283ed643fcb10eb8ec3fffa83c2d269aa6b9fcc5,.json,False
rescue_audit/results/auditA2_nest.json,derived_result,912,491369ede18d88d2223c87a3d3ba618a8a74ae061e1ab76a59b57d2c0947c3ce,.json,False
rescue_audit/results/auditB_cache/D1_L6.npz,derived_result,991136,7f0e766106e2f1d4a3ee4c867846ec06a9a54e8282d8c9d6f8ac85c5cbaf39e1,.npz,True
rescue_audit/results/auditB_cache/D1_L6_meta.json,derived_result,487,810c253b59d368c57095878e0439ede829ffa19e1a333d057b097a4525cac1fd,.json,False
rescue_audit/results/auditB_cache/D1_L8.npz,derived_result,991185,2517b6b5dc997525ca6d3e5ed4766b00ff10d28fce9f827816c0f5343bcd7089,.npz,True
rescue_audit/results/auditB_cache/D1_L8_meta.json,derived_result,472,5a667a54ca183396cf3a891f795dfabc1a0a080b53be63a87d6aa3eb2c6e895b,.json,False
rescue_audit/results/auditB_cache/FRESH_D2_L8.npz,derived_result,263366,0980adccf9467fcbb5bec29568074db2f87ce4cac81e6daf0f455c40b647f073,.npz,True
rescue_audit/results/auditB_cache/FRESH_D2_L8_meta.json,derived_result,447,c56a5498b5bff4b18cf328f07dceaf88a9db4eda3ed37ebf523f9370f8cf7cbe,.json,False
rescue_audit/results/auditB_cache/MDLM_D2_L6.npz,derived_result,521397,4f10a48524f208f9bee05dabcac3e49772af6d138f3b2fba16536b692c707762,.npz,True
rescue_audit/results/auditB_cache/MDLM_D2_L6_meta.json,derived_result,487,810c253b59d368c57095878e0439ede829ffa19e1a333d057b097a4525cac1fd,.json,False
rescue_audit/results/auditB_cache/MDLM_D2_L8.npz,derived_result,521414,c44dfb39ec6177fd98947c6c3778a339648797a80f2d156255a920a8cf053cc4,.npz,True
rescue_audit/results/auditB_cache/MDLM_D2_L8_meta.json,derived_result,472,5a667a54ca183396cf3a891f795dfabc1a0a080b53be63a87d6aa3eb2c6e895b,.json,False
rescue_audit/results/auditB_cache/SEDD_D2_L8.npz,derived_result,520796,0a5f77241900e067ffddd62e746096943a0008590d7d869a4f1a8aa8d19272e9,.npz,True
rescue_audit/results/auditB_cache/SEDD_D2_L8_meta.json,derived_result,460,d936617b8078939d2ae54e6fb252641b885de190f838cbf773a407c9299a5638,.json,False
rescue_audit/results/batch_exports/batch_catalog.csv,derived_result,84134,8e67c36592aec9344239937b7f5f3c9c9f2e009428a121fb943452b12437c771,.csv,False
rescue_audit/results/batch_exports/cards/taskC/shard_000.json,derived_result,3837,d3ed6e753aaec25f4e3214ee57db9e58b3fc5da4a487c69b9ac1904bcbe8406b,.json,False
rescue_audit/results/batch_exports/cards/taskC/shard_001.json,derived_result,3856,bee88f4375e48be862c43571663bd71e46accaf13258ce317ead0e9116f4f366,.json,False
rescue_audit/results/batch_exports/cards/taskC/shard_002.json,derived_result,3854,54f94ebe684cc248ca1ec683feda97805d861de868916d64f9f964d88f7bc4d4,.json,False
rescue_audit/results/batch_exports/cards/taskC/shard_003.json,derived_result,3855,82527b28d76b05beea47f53482b69b02f288a6ca8a52e31fcc1cc0adedd5bb61,.json,False
rescue_audit/results/batch_exports/cards/taskC/shard_w0_004.json,derived_result,3880,56e114bb684e74c723a0f819ee7610c5c60c67fd579de710d0773c65b9caa1ae,.json,False
rescue_audit/results/batch_exports/cards/taskC/shard_w0_005.json,derived_result,3850,9c1cf7c00e235e8555eedf976840f2684ae9aabb75b409287f101f3e85a9b63e,.json,False
rescue_audit/results/batch_exports/cards/taskC/shard_w0_006.json,derived_result,3870,f5f3d435f3c3ec6beaaebc3508b05d446779456fe46ce05da4ab0e011718c6f5,.json,False
rescue_audit/results/batch_exports/cards/taskC/shard_w0_007.json,derived_result,3852,2ce557dee3dacb1577d764f10030254d76d2e9be221ba5082fac143321c0e3bd,.json,False
rescue_audit/results/batch_exports/cards/taskC/shard_w1_004.json,derived_result,3879,27888cee43d5b2b2d06ca0e0760c94648e85458068599389061b7f371f9eb959,.json,False
rescue_audit/results/batch_exports/cards/taskC/shard_w1_005.json,derived_result,3854,c1ddb72c1cc30b6caf213ad4aef24cdd9a5138cf02d803be1f50c1d1d55c6c0b,.json,False
rescue_audit/results/batch_exports/cards/taskC/shard_w1_006.json,derived_result,3865,71bdaeee8e2657b99a2b985beb6cecc8b310926422789496918e47f20d723f95,.json,False
rescue_audit/results/batch_exports/cards/taskC/shard_w1_007.json,derived_result,3851,0a6404c733242563349ece1a60559963f2a644f96657eac942a77f22529eb318,.json,False
rescue_audit/results/batch_exports/cards/taskD/shard_w0_000.json,derived_result,3814,3af040a761e3e3bb6012d1e2fb9bc1ebe95d2f5bf4e6cd4d8c15b4e5059a7ac7,.json,False
rescue_audit/results/batch_exports/cards/taskD/shard_w0_001.json,derived_result,3832,9a76876f22bbb184b8dd8011cf359f81d9408ea367bbae5953b834f6e807d69a,.json,False
rescue_audit/results/batch_exports/cards/taskD/shard_w0_002.json,derived_result,3797,7d832b8a25d70f2ffa23afe59c7ea9f5fff46f6ff1ba3573e9f71ca09024bf18,.json,False
rescue_audit/results/batch_exports/cards/taskD/shard_w0_003.json,derived_result,3787,929f63698fef38f0ddc3cc9c882dee773fdb6f66d0441d1184f2c847ba358d6e,.json,False
rescue_audit/results/batch_exports/cards/taskD/shard_w0_004.json,derived_result,3803,d88ce00a85cafeb1887697c1ed34550b58f2bf4ac6bc9f757587ccf487d67394,.json,False
rescue_audit/results/batch_exports/cards/taskD/shard_w0_005.json,derived_result,3835,db7dde30fa73a24d3d7dc9d9f4bee751b1a87b31044c3b8022af19e87ef333b0,.json,False
rescue_audit/results/batch_exports/cards/taskD/shard_w0_006.json,derived_result,3817,e2a07a68debcf680853005d05f34fcf9c63e1e5dcf4bf2e7a963d3e758782713,.json,False
rescue_audit/results/batch_exports/cards/taskD/shard_w0_007.json,derived_result,3827,790014efcd686815161cf98876b8573e420a27b45cb19d556e67fbae1d041984,.json,False
rescue_audit/results/batch_exports/cards/taskD/shard_w0_008.json,derived_result,3832,1876ed0413f0c2560662a80f1442c57b367e66e1127792be02aa6161316e7220,.json,False
rescue_audit/results/batch_exports/cards/taskD/shard_w0_009.json,derived_result,3832,c10235797ef47e933dc5a663135881c3939b6e679805472726fbdd553c8cf95d,.json,False
rescue_audit/results/batch_exports/cards/taskD/shard_w0_010.json,derived_result,3826,b7cc7ad2d34d4da330dbe58ffb47a97226271db3c4cfbcfe2adab29a0cca5f67,.json,False
rescue_audit/results/batch_exports/cards/taskD/shard_w0_011.json,derived_result,3824,618fab6be81ed37327fce2e40a7adbc1f1ce46b0c57288a4a7fba9dfeb07eed4,.json,False
rescue_audit/results/batch_exports/cards/taskD/shard_w0_012.json,derived_result,3800,5f1bc25158ff6b206c2c17fd03285cdea7d25aa317b0b8292732d0840f79c46d,.json,False
rescue_audit/results/batch_exports/cards/taskD/shard_w0_013.json,derived_result,3832,1fe0536d6438e68f2d1a5ec7fe836d82af77a2ce347abf1bfa4e4901eed49673,.json,False
rescue_audit/results/batch_exports/cards/taskD/shard_w0_014.json,derived_result,3825,82d918e062297c495cd8c93d9e24ffa66909ca8db714fed7f4ec7786288c9238,.json,False
rescue_audit/results/batch_exports/cards/taskD/shard_w0_015.json,derived_result,3808,5429884583a9be982b42199c7d8cc10ed8317da588adc64cb9dc2cb7e718cd37,.json,False
rescue_audit/results/batch_exports/cards/taskD/shard_w0_016.json,derived_result,3827,c51109c772f3f10cb9a63d7699b23a7b4878fb18eccc8cd2479dbc6b973e67f5,.json,False
rescue_audit/results/batch_exports/cards/taskD/shard_w0_017.json,derived_result,3808,faf8f06f6ed71382119dc1a28a3c52fb095b93d6e65d7bc90655f7f7fe3cda24,.json,False
rescue_audit/results/batch_exports/cards/taskD/shard_w0_018.json,derived_result,3807,3ee642eba023c91e361870947f3acf732a0135dd7f385d59ae1f78b16518e0b5,.json,False
rescue_audit/results/batch_exports/cards/taskD/shard_w0_019.json,derived_result,3827,d759306cce31de48ece2baeec9a1e3ba38f1e011c0b330878059044fa1ed6d1d,.json,False
rescue_audit/results/batch_exports/cards/taskD/shard_w0_020.json,derived_result,3827,a887ce678073a41ffb36c7b41d1f0a61b2c1eea489f4c287d4e2d5b6ce93fcc6,.json,False
rescue_audit/results/batch_exports/cards/taskD/shard_w0_021.json,derived_result,3831,6f7ac288416c6c3881e3261a26ed7fc5c9ff874d88bb03209cabcb926cd443d7,.json,False
rescue_audit/results/batch_exports/cards/taskD/shard_w0_022.json,derived_result,3839,d99e341e3804da5545a59b36e226a1d27ac43bd858b5807c7a50b002ba33682a,.json,False
rescue_audit/results/batch_exports/cards/taskD/shard_w0_023.json,derived_result,3812,864f7382b4f1ff4ed20092771bae031c55d5453fc84824010d56c337ba0487af,.json,False
rescue_audit/results/batch_exports/cards/taskD/shard_w0_024.json,derived_result,3832,4d4ccd451f22315e5af4b2e4a6d9707fbc2c0a5e015a4041253634567c2f0309,.json,False
rescue_audit/results/batch_exports/cards/taskD/shard_w0_025.json,derived_result,3807,b847271f1fa09536ec917b6b01e447b5bed1d33003fa9f06375a210402e60ec1,.json,False
rescue_audit/results/batch_exports/cards/taskD/shard_w0_026.json,derived_result,3819,b5eafaca6bc3aab8727cac82bda6568f5a031a0a25fdeed96e9f24579b3aff18,.json,False
rescue_audit/results/batch_exports/cards/taskD/shard_w0_027.json,derived_result,3823,4f05fee3ddf39311a1d1eec45f881b8592941851b0503f93197957228728b8cc,.json,False
rescue_audit/results/batch_exports/cards/taskD/shard_w0_028.json,derived_result,3825,ba2f761880e61f2fbf5707b639c226f4829df567d26c14c6db497a091667f1cd,.json,False
rescue_audit/results/batch_exports/cards/taskD/shard_w0_029.json,derived_result,3698,16f6601084abae0c10c3355ae3497d4a2f6126897a624cb4c20bd9b41395a51d,.json,False
rescue_audit/results/batch_exports/cards/taskD/shard_w0_030.json,derived_result,3835,9489627814d526782acdc04de3fd7b9d387577959e24c8eb08cdde0ff2f0f027,.json,False
rescue_audit/results/batch_exports/cards/taskD/shard_w0_031.json,derived_result,3697,fc002c54b32432a404ef1a72143c9153b6d4590b459150b13a2cb412b3d608a4,.json,False
rescue_audit/results/batch_exports/cards/taskD/shard_w0_032.json,derived_result,3816,119a913214e50f667bf0f164c31d516c5f5c4551bf305ecaf16c11ad64fbc21e,.json,False
rescue_audit/results/batch_exports/cards/taskD/shard_w0_033.json,derived_result,3827,05d0548bf359ee4680145659f91d67090cef3045d71c0e1c9bc75a0ce9b89304,.json,False
rescue_audit/results/batch_exports/cards/taskD/shard_w0_034.json,derived_result,3762,aeb27de41acb2152a076d7920e79606a9e0a53954261f4c82a9b64925d71568b,.json,False
rescue_audit/results/batch_exports/cards/taskD/shard_w0_035.json,derived_result,3814,44ad18a1aec16ca177fb74ff10d75e2edac3cd71b4d3c8c3cca0ad898aeaf267,.json,False
rescue_audit/results/batch_exports/cards/taskD/shard_w0_036.json,derived_result,3809,401fb9c827938cbfe051ec210412e1360e0978ce7c0995bdba31ddc57aa82f45,.json,False
rescue_audit/results/batch_exports/cards/taskD/shard_w0_037.json,derived_result,3789,54644861f312229d5cfb0c065b3bdc12bf01889b5acfb223d5960fa7cf9a49c1,.json,False
rescue_audit/results/batch_exports/cards/taskD/shard_w0_038.json,derived_result,3700,24a43fdb1da5dabadc95e32694cd3a585e59f66d36c829778eb2212c4fb9727f,.json,False
rescue_audit/results/batch_exports/cards/taskD/shard_w0_039.json,derived_result,3834,400dcebb6919e6feac1bdbf58ab0b5e82ddc14e3fa770d01f51271111d23f92c,.json,False
rescue_audit/results/batch_exports/cards/taskD/shard_w0_040.json,derived_result,3828,531134882921e1a2221fc8f5121ff5a336bb8a7913c8c9959b126e50aeec00f7,.json,False
rescue_audit/results/batch_exports/cards/taskD/shard_w0_041.json,derived_result,3816,c350beb6abbb95163b58fc4c3c571771750848e0675610018e89d16bace4a9ea,.json,False
rescue_audit/results/batch_exports/cards/taskD/shard_w0_042.json,derived_result,3829,10a5f28ba3722b84cd88259ba156edcb4987d7d9c0929822814c3cc70ad2d6f5,.json,False
rescue_audit/results/batch_exports/cards/taskD/shard_w0_043.json,derived_result,3728,62db2321b3260a3f3ff19e00936d4136811af7fcfdf45b546b5e7ffc94f47f88,.json,False
rescue_audit/results/batch_exports/cards/taskD/shard_w0_044.json,derived_result,3836,558613d1466b1cab5a6360259ce6d1d18957587d1748167eac5271aeea273b1e,.json,False
rescue_audit/results/batch_exports/cards/taskD/shard_w0_045.json,derived_result,3813,ac74fb89bcb0ae5a842ec9ad3fac78da689196c329a0971e7bed48f270a096e1,.json,False
rescue_audit/results/batch_exports/cards/taskD/shard_w0_046.json,derived_result,3758,960de12f78a5be3ea40cf1094dff7b630d24938fe5b4f5bcf54563632eddb681,.json,False
rescue_audit/results/batch_exports/cards/taskD/shard_w0_047.json,derived_result,3831,cce8acf4a7b5ba2ec0035ea02d35ac99b1cf4b92f7018badf2262ba533b19b48,.json,False
rescue_audit/results/batch_exports/cards/taskD/shard_w0_048.json,derived_result,3680,e119578700109e7ca4f60ef2c3409d85eebef856375fd9b3bd5bf88affd6a95b,.json,False
rescue_audit/results/batch_exports/cards/taskD/shard_w0_049.json,derived_result,3809,fc0808c57e4597f3f6d23b6483cae7b5dc582af69bae0e64c54e73f7384bab9a,.json,False
rescue_audit/results/batch_exports/cards/taskD/shard_w0_050.json,derived_result,3727,b691535175305ff5de85f842822efd62d4a45ee4981815f8ecfdfcd67360b60e,.json,False
rescue_audit/results/batch_exports/cards/taskD/shard_w0_051.json,derived_result,3832,7fa630703b4939d32c2fef4c59d358bd842824327f8bc14c8424a181b6c90a36,.json,False
rescue_audit/results/batch_exports/cards/taskD/shard_w0_052.json,derived_result,3821,77debd438018946790e22e2d18dac0d7dc04fe65d63f89d3a732f313bcc28d87,.json,False
rescue_audit/results/batch_exports/cards/taskD/shard_w0_053.json,derived_result,3776,272d893f2f8db51caaacff55946680ca31cd6ac1687bb8357dd999bf2413e960,.json,False
rescue_audit/results/batch_exports/cards/taskD/shard_w0_054.json,derived_result,3828,f06096ae90d0a7e64dc0a7f96f1dc37d02ba6ee9eba66354fad0db1c99cedd81,.json,False
rescue_audit/results/batch_exports/cards/taskD/shard_w0_055.json,derived_result,3730,c0983215d00c4ae36cd36ad2c83165c4ad063f54b688c0f2cbb25f0c768c11f9,.json,False
rescue_audit/results/batch_exports/cards/taskD/shard_w0_056.json,derived_result,3830,b4f7c7c5adc816e7ecc6d054c4e751f31287a98dd4f31175336ad1c34f6d7f22,.json,False
rescue_audit/results/batch_exports/cards/taskD/shard_w0_057.json,derived_result,3828,54074b01fc496ed7ec04e7c904e3f9641f7f7fdef24f8b4aa4f9b44a2c666042,.json,False
rescue_audit/results/batch_exports/cards/taskD/shard_w0_058.json,derived_result,3803,4437e0a6a9cfd36b2f01145443223ed2f4124c559e4b60d59b24b1b834de6c06,.json,False
rescue_audit/results/batch_exports/cards/taskD/shard_w0_059.json,derived_result,3815,28d962635cce85ec687858280ec1c864b1ca0e6e9ab88df576cd43f37de200bb,.json,False
rescue_audit/results/batch_exports/cards/taskD/shard_w0_060.json,derived_result,3783,c8a2fd863b2e7612d5c04178341b28c3aea771a574eef405643d088686c20249,.json,False
rescue_audit/results/batch_exports/cards/taskD/shard_w0_061.json,derived_result,3805,f4fc90e9a97430bf75df6ab9e7c71023e05f505e7b6f28cc7f2b5dc2d49c472f,.json,False
rescue_audit/results/batch_exports/cards/taskD/shard_w0_062.json,derived_result,3816,51d5585944e80e11b5d488fa98c35f210b22f25fef992bded06db97e554489af,.json,False
rescue_audit/results/batch_exports/cards/taskD/shard_w0_063.json,derived_result,3796,fb0e93becd96921ac5664bda540910617e096674b83dbbe94e40e456d1f97d12,.json,False
rescue_audit/results/batch_exports/cards/taskD/shard_w0_064.json,derived_result,3833,d53ff0832c86efcd90ac02c67e33b1d958b888b7a3743a7bbcad30b2ddcfe428,.json,False
rescue_audit/results/batch_exports/cards/taskD/shard_w0_065.json,derived_result,3773,897bec7c76b66e3ea276be1b69b26a3f4e12ca3f81a65371661c62bda3b89e6e,.json,False
rescue_audit/results/batch_exports/cards/taskD/shard_w0_066.json,derived_result,3813,f5833ef1f87721b92c8cf8f567f6416aff0fc241239ddc0acaba96c47019e346,.json,False
rescue_audit/results/batch_exports/cards/taskD/shard_w0_067.json,derived_result,3828,ae8cd1c3090fe72fde548a61d7397452c717fb944c4cff2ca5f5a5bc12136a99,.json,False
rescue_audit/results/batch_exports/cards/taskD/shard_w0_068.json,derived_result,3818,bd3a4f1700aac77c61f046df71d8f872414c95f5a05afb63ad034109cb8c57a0,.json,False
rescue_audit/results/batch_exports/cards/taskD/shard_w0_069.json,derived_result,3821,078d99ecf21a90d8c1c0713ac23d7308b94557e0e58738fe83d42a38fad06629,.json,False
rescue_audit/results/batch_exports/cards/taskD/shard_w0_070.json,derived_result,3817,46c4fd3e8cfc0a1068eb9cf4157b9e0b6318572e99c296df967249515bcbbaa1,.json,False
rescue_audit/results/batch_exports/cards/taskD/shard_w0_071.json,derived_result,3698,7bad658483714ce9c00a14b6268c9234dcefe7ef02ce1115f9ed624fb5578c12,.json,False
rescue_audit/results/batch_exports/cards/taskD/shard_w1_000.json,derived_result,3869,7e1f93ac782cbfe8310a7b2a6d92596fd07a62f69f399b57a0f8749456791767,.json,False
rescue_audit/results/batch_exports/cards/taskD/shard_w1_001.json,derived_result,3864,add6bef6b916b4427463b99e491956102c91c03692b7f90712b645e12209fcbb,.json,False
rescue_audit/results/batch_exports/cards/taskD/shard_w1_002.json,derived_result,3847,a6fb8ed8048ce682ffcd5b4661e7c56bbc19cf500015394ad8c4750c4b2ccd8e,.json,False
rescue_audit/results/batch_exports/cards/taskD/shard_w1_003.json,derived_result,3860,d62c5c5aec392fd4513da02069adb857c48ce456ef5e3c2396d9babf393b22d9,.json,False
rescue_audit/results/batch_exports/cards/taskD/shard_w1_004.json,derived_result,3857,fb159b53b581797af4532da93eabd435f3e12a169e58bf413e2107af806e4763,.json,False
rescue_audit/results/batch_exports/cards/taskD/shard_w1_005.json,derived_result,3878,ab14845fed916c1e2452f15a7e27f800f7c9b6197c78489651d6e8a98859bff1,.json,False
rescue_audit/results/batch_exports/cards/taskD/shard_w1_006.json,derived_result,3875,1eab7a10a3448b988c532f373b19b1599c5a28df1312c3338fa4a59f980185fa,.json,False
rescue_audit/results/batch_exports/cards/taskD/shard_w1_007.json,derived_result,3868,bc3e80963cd15e5eb38015c3a4db93c773f83c640f8839da8a3ca8f55d1f4f2a,.json,False
rescue_audit/results/batch_exports/cards/taskD/shard_w1_008.json,derived_result,3870,4cb6c89dac79903390cf15ae3f8532f091fc24b6cef7b09e6ad57fcd1242a02b,.json,False
rescue_audit/results/batch_exports/cards/taskD/shard_w1_039.json,derived_result,3829,c91bbe562b06defae17548dacd526b01279c53c1d523d900b96fa4e3654d66d2,.json,False
rescue_audit/results/batch_exports/cards/taskD/shard_w1_040.json,derived_result,3730,274b4cff11eaf4e93bae440984353aed6f10600cbfbff846ef5fe62986ee9a38,.json,False
rescue_audit/results/batch_exports/cards/taskD/shard_w1_041.json,derived_result,3832,f400a7c99d02a5d5cd814283b758e68760d733632903f96c6f87f971ce8f8011,.json,False
rescue_audit/results/batch_exports/cards/taskD/shard_w1_042.json,derived_result,3828,7cfb5517088eb0fb140e36bad391f41ba4311b538cd724146d6758786e332306,.json,False
rescue_audit/results/batch_exports/cards/taskD/shard_w1_043.json,derived_result,3813,53d69532a60bc0a5636ce431e2d5f34709a518116e1deeb057c7d839ce2cb47d,.json,False
rescue_audit/results/batch_exports/cards/taskD/shard_w1_044.json,derived_result,3832,d3a81acb92de62151c0f9a7b2637e5422705d80168e1b5d7b8584a9278c38251,.json,False
rescue_audit/results/batch_exports/cards/taskD/shard_w1_045.json,derived_result,3835,802dda18eeafec1329032a55baef915fc1cbe3faee3651ceac4c2f607533fef2,.json,False
rescue_audit/results/batch_exports/cards/taskD/shard_w1_046.json,derived_result,3811,c1f230ad6f6292b875f8fe9b98adaac58cd21f0fde7a18f0de7eaedd01e4471c,.json,False
rescue_audit/results/batch_exports/cards/taskD/shard_w1_047.json,derived_result,3813,8a2869dde490a970e73ed0804afbb80a77da30e8f9187aa9240847657c723bb0,.json,False
rescue_audit/results/batch_exports/cards/taskD/shard_w1_048.json,derived_result,3807,ecdb3d4311b4a8b96bd1db70f2c6d27ceb3b8b359d2806dec55620afd3b911e0,.json,False
rescue_audit/results/batch_exports/cards/taskD/shard_w1_049.json,derived_result,3795,f6baf4b0ca7ab21c71b4a5ec4823fe048fd72309c4ace1f49089ac9ffc4eb78d,.json,False
rescue_audit/results/batch_exports/cards/taskD/shard_w1_050.json,derived_result,3804,1dec09ad906f09689b831b0837e4c3a4c5b561acc602bcad08c0f9548f7502c6,.json,False
rescue_audit/results/batch_exports/cards/taskD/shard_w1_051.json,derived_result,3831,c9091a8d547a85caa76d3457cd3fb62c0777b99904f5c02998cf1a5ff81633b0,.json,False
rescue_audit/results/batch_exports/cards/taskD/shard_w1_052.json,derived_result,3832,32a23a709f67fa4d302f23829ddda349fb4bac8ae576e9becc700ebc92f740a0,.json,False
rescue_audit/results/batch_exports/cards/taskD/shard_w1_053.json,derived_result,3818,48818980283042916c1f07f8585e58ed3ba4fdba0fcb557632e5da9a0ae798c6,.json,False
rescue_audit/results/batch_exports/cards/taskD/shard_w1_054.json,derived_result,3805,94304d1120fcd5133da2dfc12600dd74b34951a8cde3c890dd38093b1257b878,.json,False
rescue_audit/results/batch_exports/cards/taskD/shard_w1_055.json,derived_result,3802,8279fc6d570352d8ba79031a0be4a2a94b7e24c1ea2a986f94895bba901233b7,.json,False
rescue_audit/results/batch_exports/cards/taskD/shard_w1_056.json,derived_result,3794,11e6bfc1d4adeca67ee0ac838e833cecd910951cbf9e741e729139f2cce4689c,.json,False
rescue_audit/results/batch_exports/cards/taskD/shard_w1_057.json,derived_result,3823,6a8379345c282c94f533f0fb05b0618bdc91032f31c106b0be4b80d9d866bbfb,.json,False
rescue_audit/results/batch_exports/cards/taskD/shard_w1_058.json,derived_result,3829,d7c0a289d42736019e4402dc4f7fd244a672f59491f01fff041a36dc91bec19b,.json,False
rescue_audit/results/batch_exports/cards/taskD/shard_w1_059.json,derived_result,3784,00f3d340739f1e059f92f1d426f2b15d248267e4be428ebfaf4b61a1477b557a,.json,False
rescue_audit/results/batch_exports/cards/taskD/shard_w1_060.json,derived_result,3820,54606eec64166fc964b40b0b3cd3361ac47275ed914fa498c94969e7d8f6033c,.json,False
rescue_audit/results/batch_exports/cards/taskD/shard_w1_061.json,derived_result,3817,990ed7b087ed49abc996b6e829079dc61e98d28948efe0df47dc1e26fc26e09b,.json,False
rescue_audit/results/batch_exports/cards/taskD/shard_w1_062.json,derived_result,3722,350992a56ba8b55a084aab968f4f0b22ee4114de7b866d02a2f8f5209a146834,.json,False
rescue_audit/results/batch_exports/cards/taskD/shard_w1_063.json,derived_result,3829,7303b6b8c7091910facd24442b582bfc38c226415d8f181a030b63f627da5170,.json,False
rescue_audit/results/batch_exports/cards/taskD/shard_w1_064.json,derived_result,3838,43b043aa87b796d3c9157896c63c7bf5c3f3ee3c5ea8b047890112f8e8bb4988,.json,False
rescue_audit/results/batch_exports/cards/taskD/shard_w1_065.json,derived_result,3828,7a0e3dfc1c608ced2fdabb5adb0ac4d1be1fe1200a4672d1b05987b9616ba9dc,.json,False
rescue_audit/results/batch_exports/cards/taskD/shard_w1_066.json,derived_result,3700,6c09f043a853f1960f9ca4ed78e05ec8a427e97427f7c6c3521ceed725a77c47,.json,False
rescue_audit/results/batch_exports/cards/taskD/shard_w1_067.json,derived_result,3812,70b8e5b805f0f0f3621902ad2b47dbc545f4934573a596d66282e2c9f29a6c4f,.json,False
rescue_audit/results/batch_exports/cards/taskD/shard_w1_068.json,derived_result,3762,83594db91cd7f1b0bf96ff454a3950b2139933f46ef558e8d35c1f3e3c92eb7b,.json,False
rescue_audit/results/batch_exports/cards/taskD/shard_w1_069.json,derived_result,3811,8f983bce422379b2d1f1f6f9ba0aa73769a6344245b30c9b1e56d16cbd1dfa6c,.json,False
rescue_audit/results/batch_exports/cards/taskD/shard_w1_070.json,derived_result,3829,ba9f9930a1c67bb0cbede4345214132393522f9896afe07ae16e4f62207a766b,.json,False
rescue_audit/results/batch_exports/cards/taskD/shard_w1_071.json,derived_result,3809,c680e3b1cd8b649141d82fac490df70e1293630b5776882eaea1c062f67c3895,.json,False
rescue_audit/results/batch_exports/cards/taskE_svamp/shard_000.json,derived_result,3799,ebb388db3ddd607d2086678d79d7d123fc3966a39959e7df3f6dd3d6a84b4588,.json,False
rescue_audit/results/batch_exports/cards/taskE_svamp/shard_001.json,derived_result,3808,519a3b558a56c0419c0db9022bfe0370f714989e1cad346870f9e6dfed00ceb1,.json,False
rescue_audit/results/batch_exports/cards/taskE_svamp/shard_002.json,derived_result,3814,9da046a2e32c6ef678d25fd563bb4aa21c0e84c92c13bde1096fc06d276e2409,.json,False
rescue_audit/results/batch_exports/cards/taskE_svamp/shard_003.json,derived_result,3826,e3548f03f71c41cfd79c5ae911b787242a220756f1a4fe5c27f68b4d9a78a55e,.json,False
rescue_audit/results/batch_exports/cards/taskE_svamp/shard_004.json,derived_result,3843,e98c31d3b1f2f29e8cef3287163405f447ded50305834b01dbabe250209423bd,.json,False
rescue_audit/results/batch_exports/cards/taskE_svamp/shard_005.json,derived_result,3820,33efd5bf40689673e50be9fe844ccb869fad708cf1af786915eae5037d04fc84,.json,False
rescue_audit/results/batch_exports/cards/taskE_svamp/shard_006.json,derived_result,3828,7984d6c623b1e05cc70c3823b1d8d4d875c8da6ca0dc33a3b841afb6e72ed499,.json,False
rescue_audit/results/batch_exports/cards/taskE_svamp/shard_007.json,derived_result,3806,2e2cfb44f5745694b5b48c39165de3fc34d7ece34aad8db41d09e632d5e5753a,.json,False
rescue_audit/results/batch_exports/cards/taskE_svamp/shard_008.json,derived_result,3827,c05c683c02650c895f8d9b8c19c7390f06c6c8f7bc967ff8ea89cad1789f27f3,.json,False
rescue_audit/results/batch_exports/cards/taskE_svamp/shard_009.json,derived_result,3837,1c090bf3195eeb4cca5cb918915ae4295589d13a5c408f9edaad7d6202d2564d,.json,False
rescue_audit/results/batch_exports/cards/taskE_svamp/shard_010.json,derived_result,3830,fdfdca6e4c503a3c93179ea410c0f3262e86f0c63ac09e38bf3857d46c05e0c0,.json,False
rescue_audit/results/batch_exports/cards/taskE_svamp/shard_011.json,derived_result,3805,9fcd7634c20f5799f383dae0a3b58877440de77ee406bb31a47182fed117febc,.json,False
rescue_audit/results/batch_exports/cards/taskE_svamp/shard_012.json,derived_result,3810,a8b6d6b0fd0be45a83e1828f48be7d87528a630a6b1857b7169a92dcef3298a5,.json,False
rescue_audit/results/batch_exports/cards/taskE_svamp/shard_013.json,derived_result,3825,64cc2266b960c922a0cf302d5fbc69a4b9cc46f99ee08cc526e087429fd07cc9,.json,False
rescue_audit/results/batch_exports/cards/taskE_svamp/shard_014.json,derived_result,3831,ae8a1558cf23b7bea7873da6a465ea1aed7fa595f11aab458d3d884f4f9238f8,.json,False
rescue_audit/results/batch_exports/cards/taskE_svamp/shard_015.json,derived_result,3826,20c5b11599cb2ea6b50b5ff0dc6f6be5f41aec343c110555f28dce99ae59b810,.json,False
rescue_audit/results/batch_exports/cards/taskE_svamp/shard_016.json,derived_result,3758,21ada2256b05d7a66c8354b0659819d54e6420a718e06c99aeac9c06b4565af2,.json,False
rescue_audit/results/batch_exports/cards/taskE_svamp/shard_017.json,derived_result,3815,d949ee94c3fe4120f0c4d7acce56b551d939e3673d5d2353658bdde1e97dfec5,.json,False
rescue_audit/results/batch_exports/cards/taskE_svamp/shard_018.json,derived_result,3726,2dbfcd9707df2560412f9fe6f0e5a33bfefd5892c71ada6d5f62ce08465d0602,.json,False
rescue_audit/results/batch_exports/cards/taskE_svamp/shard_019.json,derived_result,3706,8940252233855c6acf5db65e51795fc2f291dd4f6be8bad9831daded467ebab4,.json,False
rescue_audit/results/batch_exports/cards/taskE_svamp/shard_020.json,derived_result,3821,2137972e6faafabe8e76ccfa32924de9b8be6165333a81521585caf894e73174,.json,False
rescue_audit/results/batch_exports/cards/taskE_svamp/shard_021.json,derived_result,3712,50d986982d56001df3ae76f4c9057571dddab4fbac7b9913a4932a3a50339c8a,.json,False
rescue_audit/results/batch_exports/cards/taskE_svamp/shard_022.json,derived_result,3830,e019ef3788d9b18089a18375314c7c84dd611cb98e8987642e6c5531b6632da1,.json,False
rescue_audit/results/batch_exports/cards/taskE_svamp/shard_023.json,derived_result,3713,c3aa776ba85b4289c223b577c8c37fe5bb2fcb2f06d2f99b4a0e4dea124c8258,.json,False
rescue_audit/results/batch_exports/cards/taskE_svamp/shard_024.json,derived_result,3737,50e68694f416b5deea4b940278a5bd7be611da76d59651c97c5d69e51b9ecf3a,.json,False
rescue_audit/results/batch_exports/cards/taskE_svamp/shard_025.json,derived_result,3746,e6116daf90603cd15e411ce32c9538adc07b4e4eb1b3e2435bc09f5d236a6a00,.json,False
rescue_audit/results/batch_exports/cards/taskE_svamp/shard_026.json,derived_result,3706,cad263b999bbd82e19043330ddf7c3982a37050f180030c80f6c5386a8eca5ef,.json,False
rescue_audit/results/batch_exports/cards/taskE_svamp/shard_027.json,derived_result,3817,d128855947f1dc58a10a46d32f83c74c104b3b470b39d0fd02fff8bc3db88208,.json,False
rescue_audit/results/batch_exports/cards/taskE_svamp/shard_028.json,derived_result,3705,08576adea07dad446ac24c7cdbdcd5b76c78534d31148880247ba76bd0a03a7c,.json,False
rescue_audit/results/batch_exports/cards/taskE_svamp/shard_029.json,derived_result,3796,55fa5c3c8f72d6195aab45d48d0e034d783cfc9848bdbbbc7c23b2a84b6aacf7,.json,False
rescue_audit/results/batch_exports/cards/taskE_svamp/shard_030.json,derived_result,3818,389d6a2ac13737bf6293b913eb1ef8b362070ea2bc441f216c7b124a580492c6,.json,False
rescue_audit/results/batch_exports/cards/taskE_svamp/shard_031.json,derived_result,3729,be0520bbf89a19c63b1728f790c91c9ae7d951b9c6efe16c87b92ab9a6327382,.json,False
rescue_audit/results/batch_exports/cards/taskE_svamp/shard_032.json,derived_result,3743,c154bdbf8d1f31d7c4e5849ac736914f0aa7d09bdc7318fba824b4835a4d1431,.json,False
rescue_audit/results/batch_exports/cards/taskE_svamp/shard_033.json,derived_result,3709,2f9242bb4ad72b9c057452a04529038e4fac40955750686dfebc71b83fdfb50f,.json,False
rescue_audit/results/batch_exports/cards/taskE_svamp/shard_034.json,derived_result,3836,f1bacd94152bdd70afb624a5cb866d1d9648b38ad07da5c1ebeee93e22e2fc4a,.json,False
rescue_audit/results/batch_exports/cards/taskE_svamp/shard_035.json,derived_result,3843,0fd6b209641b23f0f14844da6f3253b8d666418d843dfe8a29d516a4544fdd88,.json,False
rescue_audit/results/batch_exports/cards/taskE_svamp/shard_036.json,derived_result,3826,2e7f52d490ff7804c98a72ca5e2ef1917799e34722c8655605bfb0c249cc286a,.json,False
rescue_audit/results/batch_exports/cards/taskE_svamp/shard_037.json,derived_result,3729,ef202a77377901b1b2b652cfcb8b0b8048c51c63cf8cabe031cba0db5a552e01,.json,False
rescue_audit/results/batch_exports/cards/taskE_svamp/shard_038.json,derived_result,3812,cd2a6859b3b33738f5e0e97d63ca049ed260e8e9220b1ceda24e6924321aee5e,.json,False
rescue_audit/results/batch_exports/cards/taskE_svamp/shard_039.json,derived_result,3776,5fb7adb50c090a650ecbd1882caee53a6d1992d9bf6de8d3d3284664d56eb347,.json,False
rescue_audit/results/batch_exports/cards/taskE_svamp/shard_040.json,derived_result,3741,85e4d25482844939237fcffada23eca21b00ad267a30c2aaeda1f0866e6cfb14,.json,False
rescue_audit/results/batch_exports/cards/taskE_svamp/shard_041.json,derived_result,3823,5eac64b12b330f18ae8b71e8ada73e15c9d3ec24e66c5797f4054d04b83df213,.json,False
rescue_audit/results/batch_exports/cards/taskE_svamp/shard_042.json,derived_result,3841,f81b79cb22bd3229bacc3b334d8f69b243bf08a918913cd4f52884788e353e73,.json,False
rescue_audit/results/batch_exports/cards/taskE_svamp/shard_043.json,derived_result,3706,013c75723ad7b0bc4416dc76b6e929380040e19c26948f6d8061ff215317971d,.json,False
rescue_audit/results/batch_exports/cards/taskE_svamp/shard_044.json,derived_result,3804,952530859911e3345a729ef81bca17cb4f4703a2ab04a1d0fcab6ca2935d4bbd,.json,False
rescue_audit/results/batch_exports/cards/taskE_svamp/shard_045.json,derived_result,3703,6b79c7a81fea38c0b3a210f343acfefe3caa7377b9ade822b76280adae88a07d,.json,False
rescue_audit/results/batch_exports/cards/taskE_svamp/shard_046.json,derived_result,3841,0ef0a1d4b64cafc666cfb47a29b7a6925324c904936732d76f5ac0aa4cd78990,.json,False
rescue_audit/results/batch_exports/cards/taskE_svamp/shard_047.json,derived_result,3738,00a72a5d247595868c42b8d1362808381f162a7cca6bdae9ba99bb6306375ffd,.json,False
rescue_audit/results/batch_exports/cards/taskE_svamp/shard_048.json,derived_result,3769,5546888153fad17097cd4ac862ca344008ea54096305bfb35944a59f1869c139,.json,False
rescue_audit/results/batch_exports/cards/taskE_svamp/shard_049.json,derived_result,3831,ee555d40f8d63939cb151a60615e8e46a71c83468253797bad3ac1532c1f894c,.json,False
rescue_audit/results/batch_exports/dataset_summary.json,derived_result,1906,49e7c3abff2b1534db39fd2c5e8478b8097bd4bed376011014b058a40fff5204,.json,False
rescue_audit/results/batch_exports/trend_summary.csv,derived_result,20374,d0c3853eb2ffe827fb683c973d20139787397528718ee92eb866f07917a5825d,.csv,False
rescue_audit/results/bootfix_verify.json,derived_result,4173,a53b3cee64fde42b9a8f929c039e96556b06d14534ebd535cc0232779907a1af,.json,False
rescue_audit/results/exact_toy.json,derived_result,604,d193a4914753be2556a57158b46df4ec7f5fb57d0eb8a4fb24e1adb75b881a0a,.json,False
rescue_audit/results/horizon_timestep_layer.json,derived_result,63296,98a8b53bda9cb71fd846fdbd060f4793758b85334f1dcb5f8f26b8cb87d1f4a5,.json,False
rescue_audit/results/label_reliability.json,derived_result,6937,94ad3105569ae68194777dc4803232e2dda2e73e3763e58bb2ece7e388d2938c,.json,False
rescue_audit/results/nonlinear_retest_real_MDLM_anc.json,derived_result,12187,2351390a596142533fda1bae69e211768c3ed4a2fdbd860f8f34150657f7909d,.json,False
rescue_audit/results/nonlinear_retest_synthetic_MDLM_anc.json,derived_result,22634,be893108ff87b152d6f60355f70828d73330f2a7ed8404916b27426eda1486d1,.json,False
rescue_audit/results/qualification_svamp.json,derived_result,10990,857621da8f7da9909c0fd1cdc341d6d35d09512229e7120b5ab35638c2333dec,.json,False
rescue_audit/results/reference_rollout_compare.json,derived_result,638,15e563646acef12819f0d24e6bcc61fa90115809d88426cd143a1c98abe7c557,.json,False
rescue_audit/results/relational_recheck_real_FRESH_MDLM_anc.json,derived_result,7337,9f029a822ce35e97dffb0dcfc79195457b999cfd9a280b131401cdfadc0cb92f,.json,False
rescue_audit/results/relational_recheck_real_MDLM_anc.json,derived_result,20765,8e0bb472fd778bb7f1b6500a3721dccc064841459293709986c1e6ac17e2b405,.json,False
rescue_audit/results/relational_recheck_real_MDLM_anc_wide.json,derived_result,7385,e654962063a0f93d296e2df9cd4b86b2093b9005e7fff6186656d057bf8f6e9f,.json,False
rescue_audit/results/relational_recheck_real_MDLM_conf.json,derived_result,7281,d7083d30faf19b133b7ba702b5e1f4164a6604bca7cd808c09f6baa33281bf5e,.json,False
rescue_audit/results/relational_recheck_real_SEDD_anc.json,derived_result,7238,bc3030e3b8b12085e1393530caeca85182f69ebf31791bde6e9fb4a2ca513b59,.json,False
rescue_audit/results/relational_recheck_synthetic_MDLM_anc.json,derived_result,10586,66cfad4df883411b6a707bb940641db395a3b0d6d127488b245c355a2ac5630c,.json,False
rescue_audit/results/screen_a3b3_quick/partial.json,derived_result,33796,ab339c4fcb9121b34dcfa3ced1a5e9397ff2cd798c7a3a9b3ec6b649ba4fc54e,.json,False
rescue_audit/results/screen_a3b3_quick/report.json,derived_result,33796,ab339c4fcb9121b34dcfa3ced1a5e9397ff2cd798c7a3a9b3ec6b649ba4fc54e,.json,False
rescue_audit/results/screen_a3b3_quick_v2/partial.json,derived_result,100720,002f590b2cdf35be11ed696c4fe62c597748e0e02852a525ac630c2facdf2779,.json,False
rescue_audit/results/screen_a3b3_quick_v2/report.json,derived_result,100720,002f590b2cdf35be11ed696c4fe62c597748e0e02852a525ac630c2facdf2779,.json,False
rescue_audit/results/screen_c3d3_quick_v2/partial.json,derived_result,100538,0b66ee26a1876e93b872b6a46d6e365022975051e78531b66d20761bd65a21dc,.json,False
rescue_audit/results/screen_c3d3_quick_v2/report.json,derived_result,100538,0b66ee26a1876e93b872b6a46d6e365022975051e78531b66d20761bd65a21dc,.json,False
rescue_audit/results/screen_s1s2_quick_v2/partial.json,derived_result,100826,a0e903ebc15ecded89daa2313df290cd13dafbc5e6cf49d0edf25d512c6e53ac,.json,False
rescue_audit/results/screen_s1s2_quick_v2/report.json,derived_result,100826,a0e903ebc15ecded89daa2313df290cd13dafbc5e6cf49d0edf25d512c6e53ac,.json,False
rescue_audit/results/screen_taskAtaskB_quick_v2/partial.json,derived_result,100976,c98d68cb3cfae4cf57cd935cf87f082170e7d65886aff09a27bec5e9d461c8be,.json,False
rescue_audit/results/screen_taskAtaskB_quick_v2/report.json,derived_result,100976,c98d68cb3cfae4cf57cd935cf87f082170e7d65886aff09a27bec5e9d461c8be,.json,False
rescue_audit/results/screen_taskC_all_quick/partial.json,derived_result,248631,93b1cb89b0a37dc580dd3e0812a3aadde9eec0d2b83ddecf74bf587fc41b2cbc,.json,False
rescue_audit/results/screen_taskC_all_quick/report.json,derived_result,248631,93b1cb89b0a37dc580dd3e0812a3aadde9eec0d2b83ddecf74bf587fc41b2cbc,.json,False
rescue_audit/results/screen_taskC_informative_quick/partial.json,derived_result,101093,0653a73e0704c878d602b6cbda0fc0d32af1490ecb1d842de6afdaaec5490a40,.json,False
rescue_audit/results/screen_taskC_informative_quick/report.json,derived_result,101093,0653a73e0704c878d602b6cbda0fc0d32af1490ecb1d842de6afdaaec5490a40,.json,False
rescue_audit/results/screen_taskC_natural_quick/partial.json,derived_result,31812,bb3ed04ccc6c84da8c2107ba70d8835d2555dc0a2800104b9c5ad44d7263611c,.json,False
rescue_audit/results/screen_taskD_all_quick/partial.json,derived_result,278508,4cf663e82c6ebded46fd175f34753f6052a7cbb5123b1099b40edcd50677f95f,.json,False
rescue_audit/results/screen_taskD_all_quick/report.json,derived_result,278508,4cf663e82c6ebded46fd175f34753f6052a7cbb5123b1099b40edcd50677f95f,.json,False
rescue_audit/results/screen_taskE_svamp_all_quick/partial.json,derived_result,262873,acc0668933e77addd5639f38ede7af85436390e72d42c21f0ec3e6cf802035ad,.json,False
rescue_audit/results/screen_taskE_svamp_all_quick/report.json,derived_result,262873,acc0668933e77addd5639f38ede7af85436390e72d42c21f0ec3e6cf802035ad,.json,False
rescue_audit/results/stratified_concordance.json,derived_result,3528,3b691cf9e5900b71d7ccfe58dcc7309b925387ed9037ab4bd7077ac36fb4f7e2,.json,False
rescue_audit/results/stratified_concordance_ci.json,derived_result,2058,fe7b7118a0c340eb1b370912f2420adf59c07e5f232c63984bb8d7fae5c478ae,.json,False
rescue_audit/results/synthetic/synthetic_suite.json,derived_result,14950,093b6eec452d906f00ec5fa94c211d1bc933a5c37ec95271d126cc60234369fb,.json,False
rescue_audit/results/taskCD_crossfit_confirmatory.json,derived_result,42305,63d89a5efd6e76a2f3d95871abee9bd4494295905e6c468abecee513b88c257f,.json,False
rescue_audit/results/taskC_crossfit_positive_exact.json,derived_result,42322,315875b7fc6f67bfce33b563316a326b787e5b259cb57445b54018841d7fa8fe,.json,False
rescue_audit/results/taskC_crossfit_positive_exact_seedmatch.json,derived_result,42498,b7aef60163aa785b6413230f787825ba7edd24f51f7159a6461c89e001e692bd,.json,False
rescue_audit/results/taskC_label_analysis.json,derived_result,1314,3605681c4dee15f07b2b7e580f71c8d01580fcc1abb4f89b5095c1d1519e8c61,.json,False
rescue_audit/results/taskC_locked_replication.json,derived_result,5448,1d0300dda29411767dcd1867b10ae706c87e53754f39cc41c0658bb8c0970d57,.json,False
rescue_audit/results/taskE_svamp_crossfit.json,derived_result,40774,64866df5164b82fb65d01cacb654a8f46cc1b7c99577c7d2819cdacf1c981eaf,.json,False
rescue_audit/results/task_utility_analysis.json,derived_result,73421,cc3f0bee568d97dc3e4d858e6329b3bd07135491158d12159fd812bf453ee3db,.json,False
rescue_audit/results/temporal_probe.json,derived_result,16197,a7ea4b00cce2bd2af0737d29ce8f866a7615cc2b62fe7778f9933255c3591667,.json,False
rescue_audit/results/temporal_probe_a3.json,derived_result,10853,82cec2d1b76104885cf16c401a0ed10b1f3f2bd8acab738867aa9c1e1893f7f9,.json,False
rescue_audit/sealed_taskD_primary/SEALED.json,sealed_probe_model,4734,30d86251cc29d394094aec133979b3c016b04b4c45599bc646967e2b198cbf07,.json,False
rescue_audit/sealed_taskD_primary/bilinear.json,sealed_probe_model,1255,f366797fb8bcd6e33b95e12c67c2496424b860ed28a5ce012a2ee045d0ee4d75,.json,False
rescue_audit/sealed_taskD_primary/bilinear.npz,sealed_probe_model,1488240,a138f45cc000dcf0996ed6e2853b478e556e1fe4b851100efe219bdc21f89c6f,.npz,True
rescue_audit/sealed_taskD_primary/cheap_only.json,sealed_probe_model,1260,cc9316485114f387ab81c14affaa079bf0e91bd6887dee6d38b29cc04ad71d57,.json,False
rescue_audit/sealed_taskD_primary/cheap_only.npz,sealed_probe_model,1487179,7dbf4f7a77bc9f624905875d5c98192c59639738970722c63e04045c8aa3fa26,.npz,True
rescue_audit/sealed_taskD_primary/no_state_interaction.json,sealed_probe_model,1252,bce83384753808be943ebf43868c0a3cbd19919c44b0c9fdb6e8bac46fc6623d,.json,False
rescue_audit/sealed_taskD_primary/no_state_interaction.npz,sealed_probe_model,1487702,07d9066c988b5b863b2c7c7bf56a460ed6d0aa6b7c66478c536a152ad20ff533,.npz,True
results/exp1/exp1_report.json,derived_result,32940,d02068162598ac7294d6138cc3c7c4215decaa8be04fcf9ff4acca4d1fe8bac1,.json,False
results/exp1/heatmap.npz,derived_result,2052,045254c73a13ae09bb8d4bce7eebeb26c6b0d8d3c18a968d1a919005bbdca0fa,.npz,True
results/exp1_conf/exp1_report.json,derived_result,32951,33958b63d97cdaa6f9bc40aa223741c0eba15ff730503e01ba145b0643da2559,.json,False
results/exp1_conf/heatmap.npz,derived_result,2052,388f2dd1ce07e0e5e3f0237cce0d8106d48743e001b2e87bf0993411b413b1e5,.npz,True
results/exp1_fixed/exp1_report.json,derived_result,33031,83552b8ae0f0451af4c675144603db97cbe92f0adaf63329c64244dfaa5a9401,.json,False
results/exp1_fixed/heatmap.npz,derived_result,2052,5242e883c7108450b7dba449d927f16cfb3f74333c03425787633de716b64e6d,.npz,True
results/exp1_k24/exp1_report.json,derived_result,33572,12f9575fd287f642d8c843f7c0ed2af42e0192dc6f1fefcf3211e0460d8f8015,.json,False
results/exp1_k24/heatmap.npz,derived_result,2052,349f8cb4e0bc8ddaa66f30adceab4b916bedca4b29d73c16f7fc27189091594b,.npz,True
results/exp1_k24conf/exp1_report.json,derived_result,33538,6de7290ee7e90ff9030181a85b29eb72ce1c3e4254dc55a9326c993a2ea3b937,.json,False
results/exp1_k24conf/heatmap.npz,derived_result,2052,5bed1dfca901b5a2a43dd2028a29df17a9f3fc9536442211c069a6876f171b93,.npz,True
results/exp1_null_check/exp1_report.json,derived_result,12475,58d97c9001718c455230be84a9481ef6b3f694a99c9123e074ba05d128521ba4,.json,False
results/exp1_null_check/heatmap.npz,derived_result,2052,1f5db285a5d296504c97994d93361d32aa02ece6fdc5c2f4501fc7556bc1984d,.npz,True
results/exp1_partial/exp1_report.json,derived_result,18420,a569df0c3d5d8fe73ea2231c838805a4b79d6556b7e0ec2b9414de0f8536b31d,.json,False
results/exp1_partial/heatmap.npz,derived_result,2052,054186dd9a727ba1fcdd0a636215fe06f883372dcd59c6424fd4e1fd1be658d1,.npz,True
results/exp1_sedd/exp1_report.json,derived_result,33460,6d9cb631648bd88f72cc743472efd8a792215c3e962c38e4829f5da78a1a92ca,.json,False
results/exp1_sedd/heatmap.npz,derived_result,2052,ef43644e3f0f52bd90b0e43a260d51746d862da4c51432f8eb8a217b6ce78c97,.npz,True
results/exp1_task/exp1_report.json,derived_result,23790,1c7720ccb0427faa6043c491aa1e59108ad9aed2b2a5dd496b0bc761f55c5c29,.json,False
results/exp1_task/heatmap.npz,derived_result,1620,3c36b92e67fb5fbc2356a24042a77e05f48be10c9a6e74cfbdbb50ac6ae77b6a,.npz,True
results/exp1b_heatmaps.npz,derived_result,2974,f261803c3b714ca9bf01fc5d178bce2a47fa0eadf7725d4c30a4d636512f81a6,.npz,True
results/exp1b_heatmaps_a2b2.npz,derived_result,2974,09d85111bf26dd0ac0e07a089cae4a3a9f5a5d73148bd662e8ea34354ba5e9f8,.npz,True
results/exp1b_heatmaps_a3b3.npz,derived_result,2974,a9073207449cd7ff7b187ecc1b3912095b24b341653f70f4938644e21ff7c751,.npz,True
results/exp1b_heatmaps_c3d3.npz,derived_result,2974,dde13aed5a5d1b0757d01a877df453dd20296d9e812c6a1a12ba62a31688c983,.npz,True
results/exp1b_heatmaps_h32ah32b.npz,derived_result,2974,273f3f854f41f9a7a846a0347fad2b25f8e1c80e97fddf1bc4c729de9ee2e33b,.npz,True
results/exp1b_heatmaps_h8ah8b.npz,derived_result,2974,04f8cdac4ba46302ba781eceda0a190c5e6ad04120be8bf1088bfef87219dabd,.npz,True
results/exp1b_heatmaps_s1s2.npz,derived_result,2974,5d45047e34fd8fcdef62248f0c3d9dfddf55002654e31c95b119b6e1375e473b,.npz,True
results/exp1b_heatmaps_taskAtaskB.npz,derived_result,2334,6d901e97900c2466df9d85462c7fdb28c3754060c551f048cfe2158934416505,.npz,True
results/exp1b_within_state.json,derived_result,6977,8018d765d0a82c840494fe1e856aadc2942e7b8e8c06682555b6cadea9dcd628,.json,False
results/exp1b_within_state_a2b2.json,derived_result,6744,dae882c59fc029df402ac0c11761102c3d3badff29bdd86945ce449deec09e98,.json,False
results/exp1b_within_state_a3b3.json,derived_result,7182,9d5838e20911bcec18bc623910cfedab62434d0de749355ec742a9bf1789d399,.json,False
results/exp1b_within_state_c3d3.json,derived_result,7160,19e2084bf0c7afa62fbbd4accb6b080262a23daf3b2bf8d8034c834c35b4e53b,.json,False
results/exp1b_within_state_h32ah32b.json,derived_result,6258,debfbb36258fe2479e3ab1d2126ecf3073de51991b48aaa7fdc00a2fab095ad8,.json,False
results/exp1b_within_state_h8ah8b.json,derived_result,7236,90d3250615b22630f51d30538ea91cb2676778b6b0c22e1fd13245e40af7fb8b,.json,False
results/exp1b_within_state_s1s2.json,derived_result,7110,2c9de7e398a519ae4a8203c01a12629063448ac6a8f68b77d5d870fa87e3fb2b,.json,False
results/exp1b_within_state_taskAtaskB.json,derived_result,3795,f324cae28cb3fc4c5362aefe5ae365f9f3c52d47b7a22cf3d47667578f86d1ff,.json,False
results/exp2/exp2_report.json,derived_result,2055,6770249dd1d82fb85b765ea9c86bb24dc072a67974fee68fe0f7295acfe545fa,.json,False
results/exp2_conf/exp2_report.json,derived_result,2058,b3b23dfb28db307e4a86b27519f70b4aa481f459505ebdbb2dac0daf99ab2bd6,.json,False
results/exp2_fixed/exp2_report.json,derived_result,1999,52988b37f1eb0d033f96486441fc8b019ef8e4e73e239ba8dcd1e779162b7622,.json,False
results/exp2_hipower/exp2_report.json,derived_result,2066,55d101a0a885f932d6a9275323a983eec272dbc2623df3be19040147aa751ea2,.json,False
results/exp2_k24/exp2_report.json,derived_result,2025,9c162a80ba604f26b37995435164ef575c9a88263a188deb829038fe5c66fcaf,.json,False
results/exp2_k24conf/exp2_report.json,derived_result,1967,ce5a33e12dff44994ae109a4fdee790cfe4df322835bfc664342251ee73fb32e,.json,False
results/exp2_k24confhp/exp2_report.json,derived_result,2210,fbf248857f3bff20b50a9b6682305d77915afc91d363027c18852affaa89e4a6,.json,False
results/exp2_k24hp/exp2_report.json,derived_result,2221,b95552d266411d534aa44fa0281f08095aba620a3fae7a8bf525d48f578e0132,.json,False
results/exp2_sedd/exp2_report.json,derived_result,2205,63ed449a430f0fc6ca2835db5154bf8998f8368595075171519a4b255a167089,.json,False
results/exp2_seddplacebo/exp2_report.json,derived_result,2194,d32b378e0fcbafb327c43b607b627ff91cfcb4bccdf5ea979f7dfa795f0ed61a,.json,False
results/exp2_seddstrict/exp2_report.json,derived_result,2221,bdf957082fc2679f7b3359b45ca943ef24d35e65216a419c2282d992a39713bd,.json,False
results/exp2_strict/exp2_report.json,derived_result,2054,6d4da067bd250f81f936ecb87a3298d4bf1f69e7e5c865239fe9761724817002,.json,False
results/figures/fig_block_r2.png,derived_result,87282,27c01eee8537ff9269b50ddd351c8707931060ad9eac779af62fe08f54a199a6,.png,False
results/figures/fig_decomposition.png,derived_result,135335,edd33e2cb3cd30e99abaa74859d4562c9c7cac9021f2172f35d4593440011335,.png,False
results/figures/fig_layer_timestep_heatmap.png,derived_result,83691,e5494703594336196268fe2ea6a37a2bb9b2cf31d4ad11811d0c0914e8676e69,.png,False
results/figures/fig_matched_candidates.png,derived_result,44275,4d92ba4344b825d57c489ce51f849620d0a90a51d6cec60a2d634027353ce71e,.png,False
results/figures/fig_within_state_r2.png,derived_result,42794,ee6662c787721f14f0e6e590ee8fc7b4f17d0714d5d666b583f0e83293288638,.png,False
results/figures_fixed/fig_block_r2.png,derived_result,86634,8322fefd654b7e315666fa3acaa0804422deb0737caf8c49bea87eea0429e03a,.png,False
results/figures_fixed/fig_decomposition.png,derived_result,133294,76eefa52a1f392435ebbcc1ddeee3c1af500363d20c9706fec74eeb6fed99829,.png,False
results/figures_fixed/fig_layer_timestep_heatmap.png,derived_result,84755,bc3a2e71dd17eeab91cdc6d428bf8461117ec001bac132df9468596f93ff6aef,.png,False
results/figures_fixed/fig_matched_candidates.png,derived_result,44279,83a57167850f555e1227762a2d03de02ee6c7d3806a539ebf7af2a56d45b902f,.png,False
results/figures_fixed/fig_within_state_r2.png,derived_result,46296,1db6f240910cf6f5e29186b1fa5e8eba27b430f2fc2bb93be10d7301f502381d,.png,False
results/figures_k24/fig_block_r2.png,derived_result,87526,0acfb5f3a5547d4e3f8e61059538ccf7da58b68060db3c17050693a4cbaca672,.png,False
results/figures_k24/fig_decomposition.png,derived_result,142162,975677f1a0ea2fc714a26f148bf82c5d84e203e0b55f749ecebfcf4af7872226,.png,False
results/figures_k24/fig_layer_timestep_heatmap.png,derived_result,84410,bc60a479bc3d88d654d4879aa4096514ad768b275933408718b59aee8994cdb4,.png,False
results/figures_k24/fig_matched_candidates.png,derived_result,46398,05f3a6ff8600f9eaffdb5107a670181e76eda019a0403745af1ed80ee67a0c22,.png,False
results/figures_k24/fig_within_state_r2.png,derived_result,45464,31dea56835578f69a08a788f425d59af4442c0f85cc3017e67a8e260e8368b8b,.png,False
results/figures_partial/fig_block_r2.png,derived_result,77018,7a44eda04e2f6c4584c47e733df6c6a598e430e31f96af20826f554d9337bfc9,.png,False
results/figures_partial/fig_layer_timestep_heatmap.png,derived_result,81383,95a43e8aa2f51d35009656257ba4924764a88f18594cbb7db83a972be5b04746,.png,False
results/figures_partial/fig_within_state_r2.png,derived_result,31942,f55487afffc6e79b9a8161eb51da2d015d13e8ebb3c81f830c458fc01102f6e5,.png,False
results/kill_gate_A_pertok.json,derived_result,832,2d2681cf0ba2e2fc8f602f3e144c1d4a4a88f32dfb3c41d9e59e2f8b31b927d0,.json,False
results/kill_gate_A_pertok_ANC.json,derived_result,824,1cde79128af1c10f21d427aa0699d8fc3c1cf78fb62458cbef5a721f07ccf84c,.json,False
results/kill_gate_A_pertok_CONF.json,derived_result,804,37558ad3031749893b7cd6f51d79c0b5747b025674c2242a799e2a411e7479b7,.json,False
results/kill_gate_A_pertok_SEDD.json,derived_result,844,634fd43cca16d5ec5824312edffebb42b56999fd961efd1d73ca4eae2c8a75e2,.json,False
results/kill_gate_A_pertok_SEDDSTRICT.json,derived_result,845,775f8d7b1a3f5de4817acf394b08925cba9ae40ad780a03514c160a2b5985afd,.json,False
results/kill_gate_A_pertok_conf.json,derived_result,825,acd6ea34dc58d2cd481c9d10489bc4a41da8fc07a7f0c38b7869df0a0d84c2da,.json,False
results/kill_gate_A_pertok_fixed.json,derived_result,825,fef6f263745d1abffbddc4ccbe9e612b9a63a7931ebbdd1c053f1aac98269213,.json,False
results/label_diagnostics.json,derived_result,2164,01d85791da5deec95b7400abf613ebe29ee905da9842ff37b8c1ff10f1de0ed4,.json,False
results/null_k24/exp1_report.json,derived_result,12954,6c9d2c3f3448466f0ea071521f98f9c8c2945bca4fe06f3961590fae5baec620,.json,False
results/null_k24/heatmap.npz,derived_result,2052,f8271ec7ed1a8dcb2a171d9bc83a389f94f8a9540ae3271dc4a78034cfc9ca2c,.npz,True
results/phase_s/phase_s_report.json,derived_result,4582,4c37cb72691ec9a7fdc5991c182787c5a62a96b98c52efd53427fc2caee33c65,.json,False
results/phase_s_nemotron/report.json,derived_result,660,b02ec959cce7227221c8ef1a03873fddcb27ce6930ed7e1ec5494a0d477ac00a,.json,False
results/phase_s_nemotron/rewards.npy,derived_result,1664,89bc3bb7bd57c1d124d4e140a08d7e984f6143b1d58773cdf258b8443404b5b1,.npy,True
results/phase_s_sedd/report.json,derived_result,771,d0853949a4b1113c9e6abe2e6db72205c546cc1424bbd53d504b7d6e1a783e81,.json,False
results/refit_fixed_anc/exp1_report.json,derived_result,15532,e8fe108b84b4629a739bb05a0071dd48aaf025fa1706432de84ddfbf74127431,.json,False
results/refit_fixed_anc/heatmap.npz,derived_result,2052,349f8cb4e0bc8ddaa66f30adceab4b916bedca4b29d73c16f7fc27189091594b,.npz,True
results/refit_fixed_conf/exp1_report.json,derived_result,15473,0f2eb4dd76d99345b5c086bf6bfc267b66f17a5d79ce43088c2d730106a8ca95,.json,False
results/refit_fixed_conf/heatmap.npz,derived_result,2052,5bed1dfca901b5a2a43dd2028a29df17a9f3fc9536442211c069a6876f171b93,.npz,True
