arm,target,split_seed,criterion,layer,probe,hg_kind,r2,within_r2,concordance,top1,regret_norm_mean,kendall_tau,val_score,n_params,date,phase,output_path
MDLM_anc,A_pertok,0,within_r2,3,P0_cheap,hg,0.5166937701699063,0.5594392852814021,0.7785555555555556,0.41333333333333333,0.1593822761290729,0.5571111111111111,0.5503232036011703,101,2026-08-31,R1_exploratory,rescue_audit/results/R1deep_MDLM_anc_A_pertok_L3.json
MDLM_anc,A_pertok,0,within_r2,3,P0_hi,hg,0.1770427158211395,0.08796871510055415,0.5986666666666667,0.24166666666666667,0.32998676568536867,0.19733333333333333,0.07914347677594802,769,2026-08-31,R1_exploratory,rescue_audit/results/R1deep_MDLM_anc_A_pertok_L3.json
MDLM_anc,A_pertok,0,within_r2,3,P0_hg,hg,-2.8554170006345108,0.0,0.5,0.15166666666666667,0.5055533549805754,nan,0.0,769,2026-08-31,R1_exploratory,rescue_audit/results/R1deep_MDLM_anc_A_pertok_L3.json
MDLM_anc,A_pertok,0,within_r2,3,P0_hi_hg,hg,0.22690572886878546,0.14100705023889737,0.6211111111111111,0.23833333333333334,0.29889496621561856,0.2422222222222222,0.14174069974848935,1537,2026-08-31,R1_exploratory,rescue_audit/results/R1deep_MDLM_anc_A_pertok_L3.json
MDLM_anc,A_pertok,0,within_r2,3,P0_cheap+hi,hg,0.5265525386622933,0.5670779025555397,0.7783333333333333,0.43,0.16071013979097543,0.5566666666666666,0.5562140666803872,869,2026-08-31,R1_exploratory,rescue_audit/results/R1deep_MDLM_anc_A_pertok_L3.json
MDLM_anc,A_pertok,0,within_r2,3,P0_cheap+H,hg,0.5319426552399297,0.5795553488494618,0.7861111111111111,0.44333333333333336,0.14945499921003455,0.5722222222222222,0.5697136952579177,1637,2026-08-31,R1_exploratory,rescue_audit/results/R1deep_MDLM_anc_A_pertok_L3.json
MDLM_anc,A_pertok,0,within_r2,3,P2_bilinear_r2,hg,0.3946570508654099,0.4654536034398117,0.7641111111111111,0.4166666666666667,0.1731012747451725,0.5282222222222223,0.5088661461571529,872,2026-08-31,R1_exploratory,rescue_audit/results/R1deep_MDLM_anc_A_pertok_L3.json
MDLM_anc,A_pertok,0,within_r2,3,P2_bilinear_r4,hg,0.3257651766307046,0.3938291844263795,0.7471111111111111,0.39166666666666666,0.180392979117456,0.4942222222222222,0.443382376065226,1384,2026-08-31,R1_exploratory,rescue_audit/results/R1deep_MDLM_anc_A_pertok_L3.json
MDLM_anc,A_pertok,0,within_r2,3,P2_bilinear_r8,hg,0.10291981274293838,0.13087145861575722,0.7218888888888889,0.3983333333333333,0.20356141405139744,0.44377777777777777,0.30675038958110046,2408,2026-08-31,R1_exploratory,rescue_audit/results/R1deep_MDLM_anc_A_pertok_L3.json
MDLM_anc,A_pertok,0,within_r2,3,P2_bilinear_r16,hg,-0.3973176237764211,-0.3361764706935455,0.6932222222222222,0.345,0.23668053798072686,0.3864444444444445,-0.18197624675479918,4456,2026-08-31,R1_exploratory,rescue_audit/results/R1deep_MDLM_anc_A_pertok_L3.json
MDLM_anc,A_pertok,0,within_r2,3,P2_bilinear_r32,hg,-2.5668713918233275,-2.8877272996797427,0.6253333333333333,0.24166666666666667,0.3033792335421464,0.25066666666666665,-2.112962078686563,8552,2026-08-31,R1_exploratory,rescue_audit/results/R1deep_MDLM_anc_A_pertok_L3.json
MDLM_anc,A_pertok,0,within_r2,3,P2_bilinear_r64,hg,-11.068284163052562,-13.163119415936825,0.5786666666666667,0.2683333333333333,0.32046485084076465,0.15733333333333333,-9.626654960117385,16744,2026-08-31,R1_exploratory,rescue_audit/results/R1deep_MDLM_anc_A_pertok_L3.json
MDLM_anc,A_pertok,0,within_r2,3,P2_bilinear_best,hg,0.3946570508654099,0.4654536034398117,0.7641111111111111,0.4166666666666667,0.1731012747451725,0.5282222222222223,0.5088661461571529,872,2026-08-31,R1_exploratory,rescue_audit/results/R1deep_MDLM_anc_A_pertok_L3.json
MDLM_anc,A_pertok,0,within_r2,3,P2_bilinear_r1,hg,0.46001372645345706,0.5247758531098143,0.7702222222222223,0.44333333333333336,0.15839634893749077,0.5404444444444444,0.5343358510971198,616,2026-08-31,R1_exploratory,rescue_audit/results/R1deep_MDLM_anc_A_pertok_L3.json
MDLM_anc,A_pertok,0,within_r2,3,P2k_kron_d16,hg,0.5254766015485061,0.5659672470400361,0.7816666666666666,0.4166666666666667,0.15874596235606864,0.5633333333333334,0.5556598217918858,389,2026-08-31,R1_exploratory,rescue_audit/results/R1deep_MDLM_anc_A_pertok_L3.json
MDLM_anc,A_pertok,0,within_r2,3,P2k_kroneOnly_d16,hg,0.5210726289722908,0.5642101473553777,0.7806666666666666,0.41,0.15973871987002017,0.5613333333333332,0.553899491081735,357,2026-08-31,R1_exploratory,rescue_audit/results/R1deep_MDLM_anc_A_pertok_L3.json
MDLM_anc,A_pertok,0,within_r2,3,P2k_additive_d16,hg,0.5463256833004101,0.574770042549879,0.7845555555555556,0.43166666666666664,0.15583161394083253,0.569111111111111,0.5657700978072524,133,2026-08-31,R1_exploratory,rescue_audit/results/R1deep_MDLM_anc_A_pertok_L3.json
MDLM_anc,A_pertok,0,within_r2,3,P2k_kron_wc_d16,hg,,0.5580162519283727,0.7853333333333333,0.415,0.16151165117468874,0.5706666666666667,0.5487184879941728,389,2026-08-31,R1_exploratory,rescue_audit/results/R1deep_MDLM_anc_A_pertok_L3.json
MDLM_anc,A_pertok,0,within_r2,3,P2k_additive_wc_d16,hg,,0.5610754116643366,0.7866666666666666,0.43,0.1539733401765877,0.5733333333333334,0.5525206482268598,133,2026-08-31,R1_exploratory,rescue_audit/results/R1deep_MDLM_anc_A_pertok_L3.json
MDLM_anc,A_pertok,0,within_r2,3,P2k_kron_d32,hg,0.5220883430101537,0.5645238893438165,0.7792222222222223,0.41833333333333333,0.15911207012305378,0.5584444444444443,0.5564648852828953,1189,2026-08-31,R1_exploratory,rescue_audit/results/R1deep_MDLM_anc_A_pertok_L3.json
MDLM_anc,A_pertok,0,within_r2,3,P2k_kroneOnly_d32,hg,0.5169686449359854,0.5630376925380873,0.7792222222222223,0.415,0.1582038316960327,0.5584444444444443,0.5552107920759559,1125,2026-08-31,R1_exploratory,rescue_audit/results/R1deep_MDLM_anc_A_pertok_L3.json
MDLM_anc,A_pertok,0,within_r2,3,P2k_additive_d32,hg,0.5477123064088972,0.5769920665953969,0.787,0.44,0.14762675634866254,0.574,0.570234512371709,165,2026-08-31,R1_exploratory,rescue_audit/results/R1deep_MDLM_anc_A_pertok_L3.json
MDLM_anc,A_pertok,0,within_r2,3,P2k_kron_wc_d32,hg,,0.5566316176565962,0.7838888888888889,0.415,0.1622963090843124,0.5677777777777778,0.5489267334455475,1189,2026-08-31,R1_exploratory,rescue_audit/results/R1deep_MDLM_anc_A_pertok_L3.json
MDLM_anc,A_pertok,0,within_r2,3,P2k_additive_wc_d32,hg,,0.5616489004583516,0.7863333333333333,0.4266666666666667,0.15607690422471157,0.5726666666666667,0.5545236334778212,165,2026-08-31,R1_exploratory,rescue_audit/results/R1deep_MDLM_anc_A_pertok_L3.json
MDLM_anc,A_pertok,0,within_r2,3,P3_film,hg,0.3467892779735853,0.4739495570402894,0.7563333333333333,0.4116666666666667,0.17254352263240388,0.5126666666666666,0.4798323933164971,25255,2026-08-31,R1_exploratory,rescue_audit/results/R1deep_MDLM_anc_A_pertok_L3.json
MDLM_anc,A_pertok,0,within_r2,3,P4_relmlp_w128,hg,0.3822772279140846,0.4578745023382864,0.751,0.37333333333333335,0.1849398660874618,0.502,0.4823236151421535,94977,2026-08-31,R1_exploratory,rescue_audit/results/R1deep_MDLM_anc_A_pertok_L3.json
MDLM_anc,A_pertok,0,within_r2,3,P4_relmlp_w512,hg,0.37689534916247036,0.475401027511274,0.7526666666666667,0.39,0.17742786804294317,0.5053333333333333,0.4925214238966258,379905,2026-08-31,R1_exploratory,rescue_audit/results/R1deep_MDLM_anc_A_pertok_L3.json
MDLM_anc,A_pertok,0,within_r2,3,P4_cheaponly_mlp,hg,0.5160207928036877,0.5666886317465598,0.7768888888888889,0.42333333333333334,0.1556488050974627,0.5537777777777777,0.5620894942870345,52225,2026-08-31,R1_exploratory,rescue_audit/results/R1deep_MDLM_anc_A_pertok_L3.json
MDLM_anc,A_pertok,0,within_r2,3,P5_rff_g0.1,hg,0.5153162206301023,0.5396790016345457,0.7741111111111111,0.4266666666666667,0.16120906861082904,0.5482222222222222,0.5434348272225,1025,2026-08-31,R1_exploratory,rescue_audit/results/R1deep_MDLM_anc_A_pertok_L3.json
MDLM_anc,A_pertok,0,within_r2,3,P5_rff_cheaponly_g0.1,hg,0.5124329434456318,0.5534966842588962,0.7777777777777778,0.43,0.1541146711390958,0.5555555555555555,0.5440919513233471,1025,2026-08-31,R1_exploratory,rescue_audit/results/R1deep_MDLM_anc_A_pertok_L3.json
MDLM_anc,A_pertok,0,within_r2,3,P5_rff_g1,hg,0.43757633192526413,0.4355716632525096,0.7418888888888889,0.395,0.17630153043834507,0.48377777777777775,0.45801220610832694,1025,2026-08-31,R1_exploratory,rescue_audit/results/R1deep_MDLM_anc_A_pertok_L3.json
MDLM_anc,A_pertok,0,within_r2,3,P5_rff_cheaponly_g1,hg,0.4715620887555567,0.5027810258548586,0.7583333333333333,0.42,0.16262726253182766,0.5166666666666667,0.508182482927134,1025,2026-08-31,R1_exploratory,rescue_audit/results/R1deep_MDLM_anc_A_pertok_L3.json
MDLM_anc,A_pertok,0,within_r2,3,P5_rff_g10,hg,0.0020147416201331536,0.00793850906279503,0.535,0.18666666666666668,0.4117965904582311,0.06999999999999999,0.003540051147177814,1025,2026-08-31,R1_exploratory,rescue_audit/results/R1deep_MDLM_anc_A_pertok_L3.json
MDLM_anc,A_pertok,0,within_r2,3,P5_rff_cheaponly_g10,hg,0.003961559414905835,0.011363239221250154,0.5293333333333333,0.18166666666666667,0.42697027125563003,0.05866666666666667,0.023028592422593697,1025,2026-08-31,R1_exploratory,rescue_audit/results/R1deep_MDLM_anc_A_pertok_L3.json
MDLM_anc,A_pertok,0,within_r2,3,P5_poly2,hg,0.4953298041191694,0.5145179500570003,0.7567777777777778,0.39166666666666666,0.17704687125684732,0.5135555555555555,0.5269361154617065,11175,2026-08-31,R1_exploratory,rescue_audit/results/R1deep_MDLM_anc_A_pertok_L3.json
MDLM_anc,A_pertok,0,within_r2,3,P5_poly2_cheaponly,hg,0.49893534492004665,0.5279216343535813,0.7628888888888888,0.41333333333333333,0.1655145249064625,0.5257777777777778,0.5340729495614938,5151,2026-08-31,R1_exploratory,rescue_audit/results/R1deep_MDLM_anc_A_pertok_L3.json
MDLM_anc,A_pertok,0,within_r2,3,P6_boost,hg,0.5358010000953952,0.5767455813647471,0.7825555555555556,0.43833333333333335,0.15067483648948798,0.5651111111111111,0.5642346310453128,-1,2026-08-31,R1_exploratory,rescue_audit/results/R1deep_MDLM_anc_A_pertok_L3.json
MDLM_anc,A_pertok,0,within_r2,3,P6_boost_cheaponly,hg,0.5222140602537966,0.5630281578694545,0.7771111111111111,0.415,0.16527607281469933,0.5542222222222222,0.551144201145028,-1,2026-08-31,R1_exploratory,rescue_audit/results/R1deep_MDLM_anc_A_pertok_L3.json
MDLM_anc,A_pertok,0,within_r2,3,P7k_pair_kron_d32,hg,0.005098827137448136,0.02845780248030161,0.5654444444444444,0.22,0.3556589582430029,0.1308888888888889,0.05012527547655632,1057,2026-08-31,R1_exploratory,rescue_audit/results/R1deep_MDLM_anc_A_pertok_L3.json
MDLM_anc,A_pertok,0,within_r2,3,P7k_pair_hi_d32,hg,0.03347785810470638,0.09640788682948676,0.6148888888888889,0.26,0.29898693032913426,0.22977777777777775,0.08852213761052363,33,2026-08-31,R1_exploratory,rescue_audit/results/R1deep_MDLM_anc_A_pertok_L3.json
MDLM_anc,A_pertok,0,within_r2,3,P7_pair_hi,hg,0.018749019925044408,0.07822988850127355,0.6141111111111112,0.24166666666666667,0.3155297135001819,0.22822222222222222,0.07200031471775126,129,2026-08-31,R1_exploratory,rescue_audit/results/R1deep_MDLM_anc_A_pertok_L3.json
MDLM_anc,A_pertok,0,within_r2,3,P7_pair_hi_x_hg,hg,0.009908381098051033,0.07419254148052223,0.5971111111111111,0.24,0.31990326533595054,0.1942222222222222,0.0633923378041652,257,2026-08-31,R1_exploratory,rescue_audit/results/R1deep_MDLM_anc_A_pertok_L3.json
MDLM_anc,A_pertok,0,within_r2,3,P8_ranknet_cand,hg,0.018659612259153913,0.0771880933035145,0.6103333333333333,0.24166666666666667,0.3249290851654625,0.22066666666666662,0.07457512040603287,33281,2026-08-31,R1_exploratory,rescue_audit/results/R1deep_MDLM_anc_A_pertok_L3.json
MDLM_anc,A_pertok,0,within_r2,3,P8_ranknet_cand_state,hg,0.008187262584748889,0.0567891725518761,0.609,0.22333333333333333,0.3280350376784937,0.21800000000000003,0.05426340253856443,66049,2026-08-31,R1_exploratory,rescue_audit/results/R1deep_MDLM_anc_A_pertok_L3.json
MDLM_anc,A_pertok,0,within_r2,3,P8_ranknet_cheap,hg,0.2904115802663574,0.5282326136461247,0.7851111111111111,0.45,0.1490043324239524,0.5702222222222221,0.5227448423589754,26113,2026-08-31,R1_exploratory,rescue_audit/results/R1deep_MDLM_anc_A_pertok_L3.json
MDLM_anc,A_pertok,0,within_r2,3,P8_ranknet_cheap_hidden,hg,0.2963052689026119,0.46152005696299836,0.7691111111111111,0.41,0.1657630060240353,0.5382222222222222,0.4678827695070449,91649,2026-08-31,R1_exploratory,rescue_audit/results/R1deep_MDLM_anc_A_pertok_L3.json
MDLM_anc,A_pertok,0,within_r2,3,P9_list_hidden,hg,0.21922760587701884,0.4689699675467992,0.7635555555555555,0.4,0.17640097770029378,0.5271111111111111,0.4831364336926205,45825,2026-08-31,R1_exploratory,rescue_audit/results/R1deep_MDLM_anc_A_pertok_L3.json
MDLM_anc,A_pertok,0,within_r2,3,P9_list_cheap,hg,0.34816920538513807,0.5548432227527313,0.7816666666666666,0.44166666666666665,0.15612191263607803,0.5633333333333334,0.5589998479243674,13057,2026-08-31,R1_exploratory,rescue_audit/results/R1deep_MDLM_anc_A_pertok_L3.json
MDLM_anc,A_pertok,0,within_r2,3,P13_pls,hg,0.2149167515770043,0.12354293981436515,0.6133333333333333,0.24333333333333335,0.3038673157279233,0.22666666666666666,0.11388309911695105,-1,2026-08-31,R1_exploratory,rescue_audit/results/R1deep_MDLM_anc_A_pertok_L3.json
MDLM_anc,A_pertok,0,within_r2,6,P0_cheap,hg,0.5166937701699063,0.5594392852814021,0.7785555555555556,0.41333333333333333,0.1593822761290729,0.5571111111111111,0.5503232036011703,101,2026-08-31,R1_exploratory,rescue_audit/results/R1deep_MDLM_anc_A_pertok_L6.json
MDLM_anc,A_pertok,0,within_r2,6,P0_hi,hg,0.19639133148560184,0.10641259891118082,0.6073333333333333,0.275,0.2975599362772125,0.21466666666666664,0.09821519770028941,769,2026-08-31,R1_exploratory,rescue_audit/results/R1deep_MDLM_anc_A_pertok_L6.json
MDLM_anc,A_pertok,0,within_r2,6,P0_hg,hg,-1.2284288011570772,0.0,0.5,0.15166666666666667,0.5055533549805754,nan,0.0,769,2026-08-31,R1_exploratory,rescue_audit/results/R1deep_MDLM_anc_A_pertok_L6.json
MDLM_anc,A_pertok,0,within_r2,6,P0_hi_hg,hg,0.2738708304355727,0.17299424815413134,0.6402222222222222,0.29,0.27057307751776744,0.28044444444444444,0.16746601508634296,1537,2026-08-31,R1_exploratory,rescue_audit/results/R1deep_MDLM_anc_A_pertok_L6.json
MDLM_anc,A_pertok,0,within_r2,6,P0_cheap+hi,hg,0.5342496953711298,0.5656999090513604,0.7788888888888889,0.435,0.14956649823211518,0.5577777777777777,0.5568348246162635,869,2026-08-31,R1_exploratory,rescue_audit/results/R1deep_MDLM_anc_A_pertok_L6.json
MDLM_anc,A_pertok,0,within_r2,6,P0_cheap+H,hg,0.5613193871959616,0.5828456474619359,0.7892222222222223,0.4766666666666667,0.13741679259514739,0.5784444444444443,0.5720639471854754,1637,2026-08-31,R1_exploratory,rescue_audit/results/R1deep_MDLM_anc_A_pertok_L6.json
MDLM_anc,A_pertok,0,within_r2,6,P2_bilinear_r2,hg,0.4891428754006536,0.5091132324108831,0.7656666666666667,0.39666666666666667,0.1788701281255077,0.5313333333333332,0.5049109269249745,872,2026-08-31,R1_exploratory,rescue_audit/results/R1deep_MDLM_anc_A_pertok_L6.json
MDLM_anc,A_pertok,0,within_r2,6,P2_bilinear_r4,hg,0.4132067568380473,0.45208391730122643,0.758,0.4116666666666667,0.175200431620237,0.5159999999999999,0.4692446425775394,1384,2026-08-31,R1_exploratory,rescue_audit/results/R1deep_MDLM_anc_A_pertok_L6.json
MDLM_anc,A_pertok,0,within_r2,6,P2_bilinear_r8,hg,0.31976334099768255,0.3702275053776679,0.7382222222222222,0.37166666666666665,0.19710355753718672,0.47644444444444445,0.3685957080477551,2408,2026-08-31,R1_exploratory,rescue_audit/results/R1deep_MDLM_anc_A_pertok_L6.json
MDLM_anc,A_pertok,0,within_r2,6,P2_bilinear_r16,hg,0.0684222822608157,0.12299120441891476,0.699,0.3416666666666667,0.22530700777349186,0.39799999999999996,0.1384657218790667,4456,2026-08-31,R1_exploratory,rescue_audit/results/R1deep_MDLM_anc_A_pertok_L6.json
MDLM_anc,A_pertok,0,within_r2,6,P2_bilinear_r32,hg,-1.305534748296247,-1.4068475674834486,0.6353333333333333,0.28,0.2705920927891118,0.27066666666666667,-0.8259352381338183,8552,2026-08-31,R1_exploratory,rescue_audit/results/R1deep_MDLM_anc_A_pertok_L6.json
MDLM_anc,A_pertok,0,within_r2,6,P2_bilinear_r64,hg,-6.482884467308937,-7.732064520284776,0.558,0.21666666666666667,0.3570436743225066,0.11599999999999999,-5.918222457742723,16744,2026-08-31,R1_exploratory,rescue_audit/results/R1deep_MDLM_anc_A_pertok_L6.json
MDLM_anc,A_pertok,0,within_r2,6,P2_bilinear_best,hg,0.4891428754006536,0.5091132324108831,0.7656666666666667,0.39666666666666667,0.1788701281255077,0.5313333333333332,0.5049109269249745,872,2026-08-31,R1_exploratory,rescue_audit/results/R1deep_MDLM_anc_A_pertok_L6.json
MDLM_anc,A_pertok,0,within_r2,6,P2_bilinear_r1,hg,0.5042745945833227,0.5359544458363088,0.776,0.4266666666666667,0.16267769991369443,0.5519999999999999,0.5458216183193907,616,2026-08-31,R1_exploratory,rescue_audit/results/R1deep_MDLM_anc_A_pertok_L6.json
MDLM_anc,A_pertok,0,within_r2,6,P2k_kron_d16,hg,0.5453100299592957,0.5693363336935601,0.7795555555555556,0.42333333333333334,0.15420694109550379,0.5591111111111111,0.5590597021085413,389,2026-08-31,R1_exploratory,rescue_audit/results/R1deep_MDLM_anc_A_pertok_L6.json
MDLM_anc,A_pertok,0,within_r2,6,P2k_kroneOnly_d16,hg,0.5260915522917322,0.5638469548550136,0.7797777777777778,0.42,0.15635655645648383,0.5595555555555556,0.5540928270814938,357,2026-08-31,R1_exploratory,rescue_audit/results/R1deep_MDLM_anc_A_pertok_L6.json
MDLM_anc,A_pertok,0,within_r2,6,P2k_additive_d16,hg,0.5597771258035088,0.5829421575649746,0.7906666666666666,0.465,0.14247964498767823,0.5813333333333333,0.5715394267207138,133,2026-08-31,R1_exploratory,rescue_audit/results/R1deep_MDLM_anc_A_pertok_L6.json
MDLM_anc,A_pertok,0,within_r2,6,P2k_kron_wc_d16,hg,,0.5592573144220245,0.7846666666666666,0.42,0.1561562904936404,0.5693333333333334,0.5501836847622057,389,2026-08-31,R1_exploratory,rescue_audit/results/R1deep_MDLM_anc_A_pertok_L6.json
MDLM_anc,A_pertok,0,within_r2,6,P2k_additive_wc_d16,hg,,0.566283502207412,0.7895555555555556,0.44166666666666665,0.14995241494982053,0.579111111111111,0.5568452120352965,133,2026-08-31,R1_exploratory,rescue_audit/results/R1deep_MDLM_anc_A_pertok_L6.json
MDLM_anc,A_pertok,0,within_r2,6,P2k_kron_d32,hg,0.5322594056893839,0.5625696817020794,0.7775555555555556,0.41333333333333333,0.15988119604948295,0.5551111111111111,0.5568171843473108,1189,2026-08-31,R1_exploratory,rescue_audit/results/R1deep_MDLM_anc_A_pertok_L6.json
MDLM_anc,A_pertok,0,within_r2,6,P2k_kroneOnly_d32,hg,0.5227518862799627,0.561965477671843,0.7775555555555556,0.4116666666666667,0.1633330092843843,0.5551111111111111,0.5541976277578846,1125,2026-08-31,R1_exploratory,rescue_audit/results/R1deep_MDLM_anc_A_pertok_L6.json
MDLM_anc,A_pertok,0,within_r2,6,P2k_additive_d32,hg,0.5642985156463811,0.5835190007054489,0.7912222222222223,0.47333333333333333,0.1413184070729649,0.5824444444444445,0.571362708758733,165,2026-08-31,R1_exploratory,rescue_audit/results/R1deep_MDLM_anc_A_pertok_L6.json
MDLM_anc,A_pertok,0,within_r2,6,P2k_kron_wc_d32,hg,,0.5570967676139552,0.7821111111111111,0.41333333333333333,0.16155733010836784,0.5642222222222222,0.550642992299094,1189,2026-08-31,R1_exploratory,rescue_audit/results/R1deep_MDLM_anc_A_pertok_L6.json
MDLM_anc,A_pertok,0,within_r2,6,P2k_additive_wc_d32,hg,,0.5665671790407323,0.7924444444444444,0.4483333333333333,0.1497826583901659,0.5848888888888888,0.5577951786874477,165,2026-08-31,R1_exploratory,rescue_audit/results/R1deep_MDLM_anc_A_pertok_L6.json
MDLM_anc,A_pertok,0,within_r2,6,P3_film,hg,0.389585927807624,0.47707615862067,0.7605555555555555,0.39666666666666667,0.17519343966043296,0.5211111111111112,0.4713991722596025,25255,2026-08-31,R1_exploratory,rescue_audit/results/R1deep_MDLM_anc_A_pertok_L6.json
MDLM_anc,A_pertok,0,within_r2,6,P4_relmlp_w128,hg,0.4248954782137623,0.4677359580616337,0.7541111111111111,0.4066666666666667,0.17651489801317283,0.5082222222222221,0.48476386279874084,94977,2026-08-31,R1_exploratory,rescue_audit/results/R1deep_MDLM_anc_A_pertok_L6.json
MDLM_anc,A_pertok,0,within_r2,6,P4_relmlp_w512,hg,0.4733439255228741,0.49869339537787427,0.7616666666666667,0.405,0.1705443340714084,0.5233333333333333,0.5031825780167778,379905,2026-08-31,R1_exploratory,rescue_audit/results/R1deep_MDLM_anc_A_pertok_L6.json
MDLM_anc,A_pertok,0,within_r2,6,P4_cheaponly_mlp,hg,0.5160207928036877,0.5666886317465598,0.7768888888888889,0.42333333333333334,0.1556488050974627,0.5537777777777777,0.5620894942870345,52225,2026-08-31,R1_exploratory,rescue_audit/results/R1deep_MDLM_anc_A_pertok_L6.json
MDLM_anc,A_pertok,0,within_r2,6,P5_rff_g0.1,hg,0.5196412796451291,0.5422228834729622,0.7741111111111111,0.46,0.15354949982519892,0.5482222222222222,0.5336336226882494,1025,2026-08-31,R1_exploratory,rescue_audit/results/R1deep_MDLM_anc_A_pertok_L6.json
MDLM_anc,A_pertok,0,within_r2,6,P5_rff_cheaponly_g0.1,hg,0.5124329434456318,0.5534966842588962,0.7777777777777778,0.43,0.1541146711390958,0.5555555555555555,0.5440919513233471,1025,2026-08-31,R1_exploratory,rescue_audit/results/R1deep_MDLM_anc_A_pertok_L6.json
MDLM_anc,A_pertok,0,within_r2,6,P5_rff_g1,hg,0.42286104843900263,0.43121098025864757,0.7394444444444445,0.375,0.18565456905818034,0.47888888888888886,0.4500192116069406,1025,2026-08-31,R1_exploratory,rescue_audit/results/R1deep_MDLM_anc_A_pertok_L6.json
MDLM_anc,A_pertok,0,within_r2,6,P5_rff_cheaponly_g1,hg,0.4715620887555567,0.5027810258548586,0.7583333333333333,0.42,0.16262726253182766,0.5166666666666667,0.508182482927134,1025,2026-08-31,R1_exploratory,rescue_audit/results/R1deep_MDLM_anc_A_pertok_L6.json
MDLM_anc,A_pertok,0,within_r2,6,P5_rff_g10,hg,-0.00316569314369497,0.00048233253777951735,0.5044444444444445,0.16666666666666666,0.4489279493912679,0.008888888888888887,0.0007609201915916852,1025,2026-08-31,R1_exploratory,rescue_audit/results/R1deep_MDLM_anc_A_pertok_L6.json
MDLM_anc,A_pertok,0,within_r2,6,P5_rff_cheaponly_g10,hg,0.003961559414905835,0.011363239221250154,0.5293333333333333,0.18166666666666667,0.42697027125563003,0.05866666666666667,0.023028592422593697,1025,2026-08-31,R1_exploratory,rescue_audit/results/R1deep_MDLM_anc_A_pertok_L6.json
MDLM_anc,A_pertok,0,within_r2,6,P5_poly2,hg,0.4991830492589939,0.5180951463187362,0.7595555555555555,0.3883333333333333,0.17916840340294282,0.5191111111111112,0.5308946901543726,11175,2026-08-31,R1_exploratory,rescue_audit/results/R1deep_MDLM_anc_A_pertok_L6.json
MDLM_anc,A_pertok,0,within_r2,6,P5_poly2_cheaponly,hg,0.49893534492004665,0.5279216343535813,0.7628888888888888,0.41333333333333333,0.1655145249064625,0.5257777777777778,0.5340729495614938,5151,2026-08-31,R1_exploratory,rescue_audit/results/R1deep_MDLM_anc_A_pertok_L6.json
MDLM_anc,A_pertok,0,within_r2,6,P6_boost,hg,0.5658474611949502,0.5858976247884092,0.7905555555555556,0.44,0.14679927221869812,0.581111111111111,0.563635902767585,-1,2026-08-31,R1_exploratory,rescue_audit/results/R1deep_MDLM_anc_A_pertok_L6.json
MDLM_anc,A_pertok,0,within_r2,6,P6_boost_cheaponly,hg,0.5222140602537966,0.5630281578694545,0.7771111111111111,0.415,0.16527607281469933,0.5542222222222222,0.551144201145028,-1,2026-08-31,R1_exploratory,rescue_audit/results/R1deep_MDLM_anc_A_pertok_L6.json
MDLM_anc,A_pertok,0,within_r2,6,P7k_pair_kron_d32,hg,0.002753712633568939,0.06860781646265646,0.5955555555555555,0.25,0.32462425764168124,0.1911111111111111,0.08244165234541145,1057,2026-08-31,R1_exploratory,rescue_audit/results/R1deep_MDLM_anc_A_pertok_L6.json
MDLM_anc,A_pertok,0,within_r2,6,P7k_pair_hi_d32,hg,0.024900178208952517,0.10367716055015563,0.6244444444444445,0.2633333333333333,0.2785324358536321,0.24888888888888885,0.10540991469463279,33,2026-08-31,R1_exploratory,rescue_audit/results/R1deep_MDLM_anc_A_pertok_L6.json
MDLM_anc,A_pertok,0,within_r2,6,P7_pair_hi,hg,0.05750625605131332,0.1321734759818426,0.6255555555555555,0.24833333333333332,0.2926449319327752,0.2511111111111111,0.13761563849723835,129,2026-08-31,R1_exploratory,rescue_audit/results/R1deep_MDLM_anc_A_pertok_L6.json
MDLM_anc,A_pertok,0,within_r2,6,P7_pair_hi_x_hg,hg,0.046311270351179656,0.11579718619136048,0.6134444444444445,0.265,0.29398566852477204,0.2268888888888889,0.1304953417593867,257,2026-08-31,R1_exploratory,rescue_audit/results/R1deep_MDLM_anc_A_pertok_L6.json
MDLM_anc,A_pertok,0,within_r2,6,P8_ranknet_cand,hg,0.05285350759317109,0.1367638649217755,0.6254444444444445,0.275,0.2788097311411581,0.2508888888888889,0.14576981218585072,33281,2026-08-31,R1_exploratory,rescue_audit/results/R1deep_MDLM_anc_A_pertok_L6.json
MDLM_anc,A_pertok,0,within_r2,6,P8_ranknet_cand_state,hg,0.05120329319305772,0.1356931103443234,0.6255555555555555,0.265,0.28528271175665926,0.2511111111111111,0.13970416820177456,66049,2026-08-31,R1_exploratory,rescue_audit/results/R1deep_MDLM_anc_A_pertok_L6.json
MDLM_anc,A_pertok,0,within_r2,6,P8_ranknet_cheap,hg,0.2904115802663574,0.5282326136461247,0.7851111111111111,0.45,0.1490043324239524,0.5702222222222221,0.5227448423589754,26113,2026-08-31,R1_exploratory,rescue_audit/results/R1deep_MDLM_anc_A_pertok_L6.json
MDLM_anc,A_pertok,0,within_r2,6,P8_ranknet_cheap_hidden,hg,0.2726182285303207,0.4613990258878954,0.7698888888888888,0.4216666666666667,0.16328062496037582,0.5397777777777777,0.45438979791671064,91649,2026-08-31,R1_exploratory,rescue_audit/results/R1deep_MDLM_anc_A_pertok_L6.json
MDLM_anc,A_pertok,0,within_r2,6,P9_list_hidden,hg,0.2643959634393629,0.48966281738296336,0.7602222222222222,0.40166666666666667,0.17872353535711427,0.5204444444444444,0.489491250710109,45825,2026-08-31,R1_exploratory,rescue_audit/results/R1deep_MDLM_anc_A_pertok_L6.json
MDLM_anc,A_pertok,0,within_r2,6,P9_list_cheap,hg,0.34816920538513807,0.5548432227527313,0.7816666666666666,0.44166666666666665,0.15612191263607803,0.5633333333333334,0.5589998479243674,13057,2026-08-31,R1_exploratory,rescue_audit/results/R1deep_MDLM_anc_A_pertok_L6.json
MDLM_anc,A_pertok,0,within_r2,6,P13_pls,hg,0.25607600722218515,0.16237231260438045,0.6316666666666667,0.26666666666666666,0.2787389803270584,0.2633333333333333,0.18137040344659572,-1,2026-08-31,R1_exploratory,rescue_audit/results/R1deep_MDLM_anc_A_pertok_L6.json
MDLM_anc,A_pertok,0,within_r2,9,P0_cheap,hg,0.5166937701699063,0.5594392852814021,0.7785555555555556,0.41333333333333333,0.1593822761290729,0.5571111111111111,0.5503232036011703,101,2026-08-31,R1_exploratory,rescue_audit/results/R1deep_MDLM_anc_A_pertok_L9.json
MDLM_anc,A_pertok,0,within_r2,9,P0_hi,hg,0.2174322801967571,0.14524688999401325,0.6274444444444445,0.28,0.27785632816784755,0.2548888888888889,0.11084855584836228,769,2026-08-31,R1_exploratory,rescue_audit/results/R1deep_MDLM_anc_A_pertok_L9.json
MDLM_anc,A_pertok,0,within_r2,9,P0_hg,hg,-1.0060077892712704,0.0,0.5,0.15166666666666667,0.5055533549805754,nan,0.0,769,2026-08-31,R1_exploratory,rescue_audit/results/R1deep_MDLM_anc_A_pertok_L9.json
MDLM_anc,A_pertok,0,within_r2,9,P0_hi_hg,hg,0.30512845851139525,0.21632804534739747,0.6576666666666666,0.29333333333333333,0.26006462448302214,0.3153333333333333,0.21487741964127682,1537,2026-08-31,R1_exploratory,rescue_audit/results/R1deep_MDLM_anc_A_pertok_L9.json
MDLM_anc,A_pertok,0,within_r2,9,P0_cheap+hi,hg,0.5310248169963607,0.5658869442582581,0.7794444444444445,0.44,0.14917133548059722,0.5588888888888889,0.5568801329627067,869,2026-08-31,R1_exploratory,rescue_audit/results/R1deep_MDLM_anc_A_pertok_L9.json
MDLM_anc,A_pertok,0,within_r2,9,P0_cheap+H,hg,0.5661830257583085,0.5833038842341031,0.7873333333333333,0.445,0.1453345101237503,0.5746666666666665,0.574104624114823,1637,2026-08-31,R1_exploratory,rescue_audit/results/R1deep_MDLM_anc_A_pertok_L9.json
MDLM_anc,A_pertok,0,within_r2,9,P2_bilinear_r2,hg,0.482393374359121,0.4981922017053376,0.7614444444444445,0.42833333333333334,0.16937061066302683,0.5228888888888888,0.518602176324906,872,2026-08-31,R1_exploratory,rescue_audit/results/R1deep_MDLM_anc_A_pertok_L9.json
MDLM_anc,A_pertok,0,within_r2,9,P2_bilinear_r4,hg,0.3815199107794176,0.46520617784724816,0.7478888888888889,0.41333333333333333,0.1788567246787745,0.4957777777777778,0.4574657793062451,1384,2026-08-31,R1_exploratory,rescue_audit/results/R1deep_MDLM_anc_A_pertok_L9.json
MDLM_anc,A_pertok,0,within_r2,9,P2_bilinear_r8,hg,0.31606019439521804,0.3466392853237442,0.73,0.38,0.2083714681874489,0.46,0.3693114079020662,2408,2026-08-31,R1_exploratory,rescue_audit/results/R1deep_MDLM_anc_A_pertok_L9.json
MDLM_anc,A_pertok,0,within_r2,9,P2_bilinear_r16,hg,-0.00046137859100947587,0.021756434009307046,0.6853333333333333,0.3333333333333333,0.23540923127803937,0.3706666666666667,0.10652992255521487,4456,2026-08-31,R1_exploratory,rescue_audit/results/R1deep_MDLM_anc_A_pertok_L9.json
MDLM_anc,A_pertok,0,within_r2,9,P2_bilinear_r32,hg,-0.8421494427304346,-0.8631732950896616,0.6436666666666667,0.305,0.27117337507041167,0.2873333333333333,-0.7728554641593985,8552,2026-08-31,R1_exploratory,rescue_audit/results/R1deep_MDLM_anc_A_pertok_L9.json
MDLM_anc,A_pertok,0,within_r2,9,P2_bilinear_r64,hg,-6.102970006034575,-6.4140040431314,0.5631111111111111,0.24,0.3599793988059038,0.12622222222222224,-5.464051449491629,16744,2026-08-31,R1_exploratory,rescue_audit/results/R1deep_MDLM_anc_A_pertok_L9.json
MDLM_anc,A_pertok,0,within_r2,9,P2_bilinear_best,hg,0.482393374359121,0.4981922017053376,0.7614444444444445,0.42833333333333334,0.16937061066302683,0.5228888888888888,0.518602176324906,872,2026-08-31,R1_exploratory,rescue_audit/results/R1deep_MDLM_anc_A_pertok_L9.json
MDLM_anc,A_pertok,0,within_r2,9,P2_bilinear_r1,hg,0.49695664756493674,0.5322553959936649,0.7717777777777778,0.45,0.1515147401088239,0.5435555555555556,0.522800582369309,616,2026-08-31,R1_exploratory,rescue_audit/results/R1deep_MDLM_anc_A_pertok_L9.json
MDLM_anc,A_pertok,0,within_r2,9,P2k_kron_d16,hg,0.5435426144149631,0.5690238374339742,0.7814444444444445,0.41,0.15181810601001303,0.5628888888888889,0.5614754233550397,389,2026-08-31,R1_exploratory,rescue_audit/results/R1deep_MDLM_anc_A_pertok_L9.json
MDLM_anc,A_pertok,0,within_r2,9,P2k_kroneOnly_d16,hg,0.521118263348398,0.5629661702494132,0.7785555555555556,0.41833333333333333,0.15260990560601517,0.5571111111111111,0.5553385549044205,357,2026-08-31,R1_exploratory,rescue_audit/results/R1deep_MDLM_anc_A_pertok_L9.json
MDLM_anc,A_pertok,0,within_r2,9,P2k_additive_d16,hg,0.5606773506064271,0.5809578641051192,0.7895555555555556,0.45666666666666667,0.14053579147106898,0.579111111111111,0.5720654986626175,133,2026-08-31,R1_exploratory,rescue_audit/results/R1deep_MDLM_anc_A_pertok_L9.json
MDLM_anc,A_pertok,0,within_r2,9,P2k_kron_wc_d16,hg,,0.5601132059046756,0.7872222222222223,0.405,0.15846138176293995,0.5744444444444444,0.5513293678532123,389,2026-08-31,R1_exploratory,rescue_audit/results/R1deep_MDLM_anc_A_pertok_L9.json
MDLM_anc,A_pertok,0,within_r2,9,P2k_additive_wc_d16,hg,,0.5671449425579982,0.7878888888888889,0.43,0.15120918891584348,0.5757777777777777,0.5580237350544883,133,2026-08-31,R1_exploratory,rescue_audit/results/R1deep_MDLM_anc_A_pertok_L9.json
MDLM_anc,A_pertok,0,within_r2,9,P2k_kron_d32,hg,0.5333400374732568,0.5645371555800103,0.7808888888888889,0.44,0.15025645787858846,0.5617777777777777,0.5591496900318733,1189,2026-08-31,R1_exploratory,rescue_audit/results/R1deep_MDLM_anc_A_pertok_L9.json
MDLM_anc,A_pertok,0,within_r2,9,P2k_kroneOnly_d32,hg,0.5215259741035612,0.5629877957272225,0.7788888888888889,0.425,0.15564109802491524,0.5577777777777777,0.5558617452562091,1125,2026-08-31,R1_exploratory,rescue_audit/results/R1deep_MDLM_anc_A_pertok_L9.json
MDLM_anc,A_pertok,0,within_r2,9,P2k_additive_d32,hg,0.5598381155342216,0.5809401855392722,0.7902222222222223,0.4716666666666667,0.13478575487721647,0.5804444444444444,0.5703290109699448,165,2026-08-31,R1_exploratory,rescue_audit/results/R1deep_MDLM_anc_A_pertok_L9.json
MDLM_anc,A_pertok,0,within_r2,9,P2k_kron_wc_d32,hg,,0.5572509398936842,0.7843333333333333,0.44666666666666666,0.15198617298812173,0.5686666666666665,0.5513897061267257,1189,2026-08-31,R1_exploratory,rescue_audit/results/R1deep_MDLM_anc_A_pertok_L9.json
MDLM_anc,A_pertok,0,within_r2,9,P2k_additive_wc_d32,hg,,0.567657667348074,0.7906666666666666,0.43833333333333335,0.1488684825412369,0.5813333333333333,0.5586864510184909,165,2026-08-31,R1_exploratory,rescue_audit/results/R1deep_MDLM_anc_A_pertok_L9.json
MDLM_anc,A_pertok,0,within_r2,9,P3_film,hg,0.4023587892247962,0.48884046860284847,0.7628888888888888,0.4216666666666667,0.1630309095488721,0.5257777777777778,0.47354250708287526,25255,2026-08-31,R1_exploratory,rescue_audit/results/R1deep_MDLM_anc_A_pertok_L9.json
MDLM_anc,A_pertok,0,within_r2,9,P4_relmlp_w128,hg,0.4696880095656043,0.48006917605524746,0.7538888888888889,0.40166666666666667,0.18387175973626926,0.5077777777777777,0.47840614000405257,94977,2026-08-31,R1_exploratory,rescue_audit/results/R1deep_MDLM_anc_A_pertok_L9.json
MDLM_anc,A_pertok,0,within_r2,9,P4_relmlp_w512,hg,0.48858018934150627,0.5020673387498333,0.7635555555555555,0.4116666666666667,0.16643491879986427,0.5271111111111111,0.49594972742505783,379905,2026-08-31,R1_exploratory,rescue_audit/results/R1deep_MDLM_anc_A_pertok_L9.json
MDLM_anc,A_pertok,0,within_r2,9,P4_cheaponly_mlp,hg,0.5160207928036877,0.5666886317465598,0.7768888888888889,0.42333333333333334,0.1556488050974627,0.5537777777777777,0.5620894942870345,52225,2026-08-31,R1_exploratory,rescue_audit/results/R1deep_MDLM_anc_A_pertok_L9.json
MDLM_anc,A_pertok,0,within_r2,9,P5_rff_g0.1,hg,0.5175612096173927,0.541908609645447,0.7714444444444445,0.43833333333333335,0.15829788779176782,0.5428888888888889,0.5413213413607858,1025,2026-08-31,R1_exploratory,rescue_audit/results/R1deep_MDLM_anc_A_pertok_L9.json
MDLM_anc,A_pertok,0,within_r2,9,P5_rff_cheaponly_g0.1,hg,0.5124329434456318,0.5534966842588962,0.7777777777777778,0.43,0.1541146711390958,0.5555555555555555,0.5440919513233471,1025,2026-08-31,R1_exploratory,rescue_audit/results/R1deep_MDLM_anc_A_pertok_L9.json
MDLM_anc,A_pertok,0,within_r2,9,P5_rff_g1,hg,0.4254541278525854,0.4391146591704784,0.7463333333333333,0.38333333333333336,0.19425257107375926,0.4926666666666667,0.4572571373179315,1025,2026-08-31,R1_exploratory,rescue_audit/results/R1deep_MDLM_anc_A_pertok_L9.json
MDLM_anc,A_pertok,0,within_r2,9,P5_rff_cheaponly_g1,hg,0.4715620887555567,0.5027810258548586,0.7583333333333333,0.42,0.16262726253182766,0.5166666666666667,0.508182482927134,1025,2026-08-31,R1_exploratory,rescue_audit/results/R1deep_MDLM_anc_A_pertok_L9.json
MDLM_anc,A_pertok,0,within_r2,9,P5_rff_g10,hg,-0.0036079073142154527,0.00029516657784645073,0.5176666666666667,0.16666666666666666,0.4468710216460276,0.035333333333333335,0.0004992225711037968,1025,2026-08-31,R1_exploratory,rescue_audit/results/R1deep_MDLM_anc_A_pertok_L9.json
MDLM_anc,A_pertok,0,within_r2,9,P5_rff_cheaponly_g10,hg,0.003961559414905835,0.011363239221250154,0.5293333333333333,0.18166666666666667,0.42697027125563003,0.05866666666666667,0.023028592422593697,1025,2026-08-31,R1_exploratory,rescue_audit/results/R1deep_MDLM_anc_A_pertok_L9.json
MDLM_anc,A_pertok,0,within_r2,9,P5_poly2,hg,0.49848119345634734,0.5147774007155702,0.7585555555555555,0.4083333333333333,0.1777329222892488,0.5171111111111111,0.5260139993424706,11175,2026-08-31,R1_exploratory,rescue_audit/results/R1deep_MDLM_anc_A_pertok_L9.json
MDLM_anc,A_pertok,0,within_r2,9,P5_poly2_cheaponly,hg,0.49893534492004665,0.5279216343535813,0.7628888888888888,0.41333333333333333,0.1655145249064625,0.5257777777777778,0.5340729495614938,5151,2026-08-31,R1_exploratory,rescue_audit/results/R1deep_MDLM_anc_A_pertok_L9.json
MDLM_anc,A_pertok,0,within_r2,9,P6_boost,hg,0.5534638313432355,0.5722115954099315,0.7814444444444445,0.425,0.15955973667994416,0.5628888888888889,0.5609699601398451,-1,2026-08-31,R1_exploratory,rescue_audit/results/R1deep_MDLM_anc_A_pertok_L9.json
MDLM_anc,A_pertok,0,within_r2,9,P6_boost_cheaponly,hg,0.5222140602537966,0.5630281578694545,0.7771111111111111,0.415,0.16527607281469933,0.5542222222222222,0.551144201145028,-1,2026-08-31,R1_exploratory,rescue_audit/results/R1deep_MDLM_anc_A_pertok_L9.json
MDLM_anc,A_pertok,0,within_r2,9,P7k_pair_kron_d32,hg,0.005396112866148606,0.05905525890449326,0.6,0.255,0.32969099232335947,0.2,0.06240928733457041,1057,2026-08-31,R1_exploratory,rescue_audit/results/R1deep_MDLM_anc_A_pertok_L9.json
MDLM_anc,A_pertok,0,within_r2,9,P7k_pair_hi_d32,hg,0.01543041388389288,0.10169265350985257,0.6365555555555555,0.2866666666666667,0.27796696754027694,0.27311111111111114,0.105804787914768,33,2026-08-31,R1_exploratory,rescue_audit/results/R1deep_MDLM_anc_A_pertok_L9.json
MDLM_anc,A_pertok,0,within_r2,9,P7_pair_hi,hg,0.0753607506072177,0.15389610115881502,0.6457777777777778,0.275,0.2808921153279949,0.29155555555555557,0.1420605826044411,129,2026-08-31,R1_exploratory,rescue_audit/results/R1deep_MDLM_anc_A_pertok_L9.json
MDLM_anc,A_pertok,0,within_r2,9,P7_pair_hi_x_hg,hg,0.05705088372860201,0.12571542748313091,0.636,0.26666666666666666,0.2857551520019772,0.27199999999999996,0.11793901805221463,257,2026-08-31,R1_exploratory,rescue_audit/results/R1deep_MDLM_anc_A_pertok_L9.json
MDLM_anc,A_pertok,0,within_r2,9,P8_ranknet_cand,hg,0.09465991022433895,0.17264678170076864,0.6494444444444445,0.295,0.26944193514508746,0.29888888888888887,0.15287472162752958,33281,2026-08-31,R1_exploratory,rescue_audit/results/R1deep_MDLM_anc_A_pertok_L9.json
MDLM_anc,A_pertok,0,within_r2,9,P8_ranknet_cand_state,hg,0.10100834060137509,0.1604862242474394,0.6478888888888888,0.275,0.276192709470587,0.29577777777777775,0.144051534972377,66049,2026-08-31,R1_exploratory,rescue_audit/results/R1deep_MDLM_anc_A_pertok_L9.json
MDLM_anc,A_pertok,0,within_r2,9,P8_ranknet_cheap,hg,0.2904115802663574,0.5282326136461247,0.7851111111111111,0.45,0.1490043324239524,0.5702222222222221,0.5227448423589754,26113,2026-08-31,R1_exploratory,rescue_audit/results/R1deep_MDLM_anc_A_pertok_L9.json
MDLM_anc,A_pertok,0,within_r2,9,P8_ranknet_cheap_hidden,hg,0.2869730226617355,0.471316343507452,0.77,0.43166666666666664,0.1558646718160183,0.54,0.44984465346232905,91649,2026-08-31,R1_exploratory,rescue_audit/results/R1deep_MDLM_anc_A_pertok_L9.json
MDLM_anc,A_pertok,0,within_r2,9,P9_list_hidden,hg,0.2487152632863434,0.48484792319306225,0.761,0.42,0.17098064415244735,0.522,0.48489685199678534,45825,2026-08-31,R1_exploratory,rescue_audit/results/R1deep_MDLM_anc_A_pertok_L9.json
MDLM_anc,A_pertok,0,within_r2,9,P9_list_cheap,hg,0.34816920538513807,0.5548432227527313,0.7816666666666666,0.44166666666666665,0.15612191263607803,0.5633333333333334,0.5589998479243674,13057,2026-08-31,R1_exploratory,rescue_audit/results/R1deep_MDLM_anc_A_pertok_L9.json
MDLM_anc,A_pertok,0,within_r2,9,P13_pls,hg,0.28328741542194913,0.2011679758112913,0.6467777777777778,0.275,0.2824487330647134,0.29355555555555557,0.19885947230102896,-1,2026-08-31,R1_exploratory,rescue_audit/results/R1deep_MDLM_anc_A_pertok_L9.json
MDLM_anc,A_pertok,0,within_r2,11,P0_cheap,hg,0.5166937701699063,0.5594392852814021,0.7785555555555556,0.41333333333333333,0.1593822761290729,0.5571111111111111,0.5503232036011703,101,2026-08-31,R1_exploratory,rescue_audit/results/R1deep_MDLM_anc_A_pertok_L11.json
MDLM_anc,A_pertok,0,within_r2,11,P0_hi,hg,0.17308853734145413,0.11530918001049528,0.6268888888888889,0.28833333333333333,0.2772040302526516,0.25377777777777777,0.10691931292452639,769,2026-08-31,R1_exploratory,rescue_audit/results/R1deep_MDLM_anc_A_pertok_L11.json
MDLM_anc,A_pertok,0,within_r2,11,P0_hg,hg,-1.5133094974131853,0.0,0.5,0.15166666666666667,0.5055533549805754,nan,0.0,769,2026-08-31,R1_exploratory,rescue_audit/results/R1deep_MDLM_anc_A_pertok_L11.json
MDLM_anc,A_pertok,0,within_r2,11,P0_hi_hg,hg,0.2720665241114131,0.19920252866588362,0.6501111111111111,0.2816666666666667,0.26705563107206765,0.3002222222222222,0.22075259398918756,1537,2026-08-31,R1_exploratory,rescue_audit/results/R1deep_MDLM_anc_A_pertok_L11.json
MDLM_anc,A_pertok,0,within_r2,11,P0_cheap+hi,hg,0.5279873750347138,0.5661477788880831,0.7801111111111111,0.44,0.1443486742741188,0.5602222222222222,0.5585287415160233,869,2026-08-31,R1_exploratory,rescue_audit/results/R1deep_MDLM_anc_A_pertok_L11.json
MDLM_anc,A_pertok,0,within_r2,11,P0_cheap+H,hg,0.5476340787104212,0.5814986407250952,0.7861111111111111,0.445,0.13948895677828793,0.5722222222222221,0.5733769956684198,1637,2026-08-31,R1_exploratory,rescue_audit/results/R1deep_MDLM_anc_A_pertok_L11.json
MDLM_anc,A_pertok,0,within_r2,11,P2_bilinear_r2,hg,0.4007214550311242,0.48354061703287254,0.7576666666666667,0.41,0.1705351013368527,0.5153333333333332,0.5312185527438704,872,2026-08-31,R1_exploratory,rescue_audit/results/R1deep_MDLM_anc_A_pertok_L11.json
MDLM_anc,A_pertok,0,within_r2,11,P2_bilinear_r4,hg,0.40091035319383517,0.48068673494229275,0.7592222222222222,0.39666666666666667,0.17126312731322704,0.5184444444444444,0.4986467729992061,1384,2026-08-31,R1_exploratory,rescue_audit/results/R1deep_MDLM_anc_A_pertok_L11.json
MDLM_anc,A_pertok,0,within_r2,11,P2_bilinear_r8,hg,0.18797253525914515,0.36854737337815147,0.7332222222222222,0.38333333333333336,0.20196190511863035,0.46644444444444444,0.42146695196154627,2408,2026-08-31,R1_exploratory,rescue_audit/results/R1deep_MDLM_anc_A_pertok_L11.json
MDLM_anc,A_pertok,0,within_r2,11,P2_bilinear_r16,hg,-0.09357947850850512,0.16761106376223966,0.7178888888888889,0.385,0.20739585235098712,0.4357777777777778,0.21669066592844433,4456,2026-08-31,R1_exploratory,rescue_audit/results/R1deep_MDLM_anc_A_pertok_L11.json
MDLM_anc,A_pertok,0,within_r2,11,P2_bilinear_r32,hg,-1.377842633097638,-0.8242791163226255,0.6332222222222222,0.275,0.29144137619259064,0.2664444444444445,-0.34856192111657736,8552,2026-08-31,R1_exploratory,rescue_audit/results/R1deep_MDLM_anc_A_pertok_L11.json
MDLM_anc,A_pertok,0,within_r2,11,P2_bilinear_r64,hg,-6.0396456596419075,-4.563015217865963,0.5685555555555556,0.20166666666666666,0.3686997061987012,0.13711111111111107,-3.8784844642440204,16744,2026-08-31,R1_exploratory,rescue_audit/results/R1deep_MDLM_anc_A_pertok_L11.json
MDLM_anc,A_pertok,0,within_r2,11,P2_bilinear_best,hg,0.4007214550311242,0.48354061703287254,0.7576666666666667,0.41,0.1705351013368527,0.5153333333333332,0.5312185527438704,872,2026-08-31,R1_exploratory,rescue_audit/results/R1deep_MDLM_anc_A_pertok_L11.json
MDLM_anc,A_pertok,0,within_r2,11,P2_bilinear_r1,hg,0.48708099770110824,0.5420267363511524,0.7758888888888889,0.4483333333333333,0.1519563888750004,0.5517777777777777,0.5381342816317143,616,2026-08-31,R1_exploratory,rescue_audit/results/R1deep_MDLM_anc_A_pertok_L11.json
MDLM_anc,A_pertok,0,within_r2,11,P2k_kron_d16,hg,0.5286681333319305,0.5698314418072367,0.7825555555555556,0.4266666666666667,0.14683825904926953,0.565111111111111,0.5592244046745823,389,2026-08-31,R1_exploratory,rescue_audit/results/R1deep_MDLM_anc_A_pertok_L11.json
MDLM_anc,A_pertok,0,within_r2,11,P2k_kroneOnly_d16,hg,0.5149654056954487,0.5654901571815474,0.7804444444444445,0.41833333333333333,0.15355190335653213,0.5608888888888889,0.5551357662767515,357,2026-08-31,R1_exploratory,rescue_audit/results/R1deep_MDLM_anc_A_pertok_L11.json
MDLM_anc,A_pertok,0,within_r2,11,P2k_additive_d16,hg,0.5568995864238269,0.5804505107664151,0.7893333333333333,0.4633333333333333,0.14173690597270994,0.5786666666666666,0.5694846875106523,133,2026-08-31,R1_exploratory,rescue_audit/results/R1deep_MDLM_anc_A_pertok_L11.json
MDLM_anc,A_pertok,0,within_r2,11,P2k_kron_wc_d16,hg,,0.5608588623016075,0.7838888888888889,0.42833333333333334,0.15926906562275658,0.5677777777777777,0.5505487047366795,389,2026-08-31,R1_exploratory,rescue_audit/results/R1deep_MDLM_anc_A_pertok_L11.json
MDLM_anc,A_pertok,0,within_r2,11,P2k_additive_wc_d16,hg,,0.5645107568130839,0.7892222222222223,0.44166666666666665,0.15282878613389095,0.5784444444444443,0.5560521687598706,133,2026-08-31,R1_exploratory,rescue_audit/results/R1deep_MDLM_anc_A_pertok_L11.json
MDLM_anc,A_pertok,0,within_r2,11,P2k_kron_d32,hg,0.5184622296160879,0.5671408324884122,0.7822222222222223,0.425,0.15143735529673327,0.5644444444444444,0.5595863790760587,1189,2026-08-31,R1_exploratory,rescue_audit/results/R1deep_MDLM_anc_A_pertok_L11.json
MDLM_anc,A_pertok,0,within_r2,11,P2k_kroneOnly_d32,hg,0.5106001087371955,0.5650456080132554,0.7817777777777778,0.4266666666666667,0.15238576266799608,0.5635555555555556,0.55712498567203,1125,2026-08-31,R1_exploratory,rescue_audit/results/R1deep_MDLM_anc_A_pertok_L11.json
MDLM_anc,A_pertok,0,within_r2,11,P2k_additive_d32,hg,0.5548729481590708,0.5810573422990213,0.7895555555555556,0.45166666666666666,0.14184701752618256,0.579111111111111,0.5696658369274404,165,2026-08-31,R1_exploratory,rescue_audit/results/R1deep_MDLM_anc_A_pertok_L11.json
MDLM_anc,A_pertok,0,within_r2,11,P2k_kron_wc_d32,hg,,0.5600545372577246,0.7832222222222223,0.4216666666666667,0.15519470254828238,0.5664444444444444,0.5510535576161644,1189,2026-08-31,R1_exploratory,rescue_audit/results/R1deep_MDLM_anc_A_pertok_L11.json
MDLM_anc,A_pertok,0,within_r2,11,P2k_additive_wc_d32,hg,,0.5655922933013544,0.7898888888888889,0.4483333333333333,0.15085007890347382,0.5797777777777777,0.5559443034722622,165,2026-08-31,R1_exploratory,rescue_audit/results/R1deep_MDLM_anc_A_pertok_L11.json
MDLM_anc,A_pertok,0,within_r2,11,P3_film,hg,0.3832329786770652,0.46928102258953985,0.7548888888888889,0.4033333333333333,0.16789607900071593,0.5097777777777778,0.4792622280373209,25255,2026-08-31,R1_exploratory,rescue_audit/results/R1deep_MDLM_anc_A_pertok_L11.json
MDLM_anc,A_pertok,0,within_r2,11,P4_relmlp_w128,hg,0.43517303499365867,0.47327157279599386,0.7551111111111111,0.41333333333333333,0.17213535000302738,0.5102222222222222,0.48921168472417864,94977,2026-08-31,R1_exploratory,rescue_audit/results/R1deep_MDLM_anc_A_pertok_L11.json
MDLM_anc,A_pertok,0,within_r2,11,P4_relmlp_w512,hg,0.4473194429285684,0.5007790230516687,0.7634444444444445,0.4266666666666667,0.1684633228991862,0.5268888888888889,0.499377672243425,379905,2026-08-31,R1_exploratory,rescue_audit/results/R1deep_MDLM_anc_A_pertok_L11.json
MDLM_anc,A_pertok,0,within_r2,11,P4_cheaponly_mlp,hg,0.5160207928036877,0.5666886317465598,0.7768888888888889,0.42333333333333334,0.1556488050974627,0.5537777777777777,0.5620894942870345,52225,2026-08-31,R1_exploratory,rescue_audit/results/R1deep_MDLM_anc_A_pertok_L11.json
MDLM_anc,A_pertok,0,within_r2,11,P5_rff_g0.1,hg,0.524830312104497,0.5537561952026024,0.7723333333333333,0.435,0.16075768979558316,0.5446666666666666,0.5501125217085323,1025,2026-08-31,R1_exploratory,rescue_audit/results/R1deep_MDLM_anc_A_pertok_L11.json
MDLM_anc,A_pertok,0,within_r2,11,P5_rff_cheaponly_g0.1,hg,0.5124329434456318,0.5534966842588962,0.7777777777777778,0.43,0.1541146711390958,0.5555555555555555,0.5440919513233471,1025,2026-08-31,R1_exploratory,rescue_audit/results/R1deep_MDLM_anc_A_pertok_L11.json
MDLM_anc,A_pertok,0,within_r2,11,P5_rff_g1,hg,0.4425704388091177,0.4503946976404778,0.7436666666666667,0.38166666666666665,0.1945285611224846,0.4873333333333333,0.46248867549154304,1025,2026-08-31,R1_exploratory,rescue_audit/results/R1deep_MDLM_anc_A_pertok_L11.json
MDLM_anc,A_pertok,0,within_r2,11,P5_rff_cheaponly_g1,hg,0.4715620887555567,0.5027810258548586,0.7583333333333333,0.42,0.16262726253182766,0.5166666666666667,0.508182482927134,1025,2026-08-31,R1_exploratory,rescue_audit/results/R1deep_MDLM_anc_A_pertok_L11.json
MDLM_anc,A_pertok,0,within_r2,11,P5_rff_g10,hg,-0.0035424606840270823,-7.8338606781303e-05,0.49777777777777776,0.15666666666666668,0.47064988042518296,-0.004444444444444444,1.9009528693603173e-05,1025,2026-08-31,R1_exploratory,rescue_audit/results/R1deep_MDLM_anc_A_pertok_L11.json
MDLM_anc,A_pertok,0,within_r2,11,P5_rff_cheaponly_g10,hg,0.003961559414905835,0.011363239221250154,0.5293333333333333,0.18166666666666667,0.42697027125563003,0.05866666666666667,0.023028592422593697,1025,2026-08-31,R1_exploratory,rescue_audit/results/R1deep_MDLM_anc_A_pertok_L11.json
MDLM_anc,A_pertok,0,within_r2,11,P5_poly2,hg,0.48362915047947386,0.5189729832317745,0.7535555555555555,0.38,0.18378102925772685,0.5071111111111111,0.5335814690340608,11175,2026-08-31,R1_exploratory,rescue_audit/results/R1deep_MDLM_anc_A_pertok_L11.json
MDLM_anc,A_pertok,0,within_r2,11,P5_poly2_cheaponly,hg,0.49893534492004665,0.5279216343535813,0.7628888888888888,0.41333333333333333,0.1655145249064625,0.5257777777777778,0.5340729495614938,5151,2026-08-31,R1_exploratory,rescue_audit/results/R1deep_MDLM_anc_A_pertok_L11.json
MDLM_anc,A_pertok,0,within_r2,11,P6_boost,hg,0.5476717088051148,0.5735520970666821,0.7843333333333333,0.4216666666666667,0.15987425040040273,0.5686666666666665,0.5668010981530546,-1,2026-08-31,R1_exploratory,rescue_audit/results/R1deep_MDLM_anc_A_pertok_L11.json
MDLM_anc,A_pertok,0,within_r2,11,P6_boost_cheaponly,hg,0.5222140602537966,0.5630281578694545,0.7771111111111111,0.415,0.16527607281469933,0.5542222222222222,0.551144201145028,-1,2026-08-31,R1_exploratory,rescue_audit/results/R1deep_MDLM_anc_A_pertok_L11.json
MDLM_anc,A_pertok,0,within_r2,11,P7k_pair_kron_d32,hg,0.014139078845410324,0.040177037792951675,0.5757777777777778,0.22166666666666668,0.3526670015699987,0.15155555555555555,0.04477252422384792,1057,2026-08-31,R1_exploratory,rescue_audit/results/R1deep_MDLM_anc_A_pertok_L11.json
MDLM_anc,A_pertok,0,within_r2,11,P7k_pair_hi_d32,hg,0.020943457148496436,0.0844103987682786,0.6342222222222222,0.28,0.271821782021052,0.26844444444444443,0.08664971261908283,33,2026-08-31,R1_exploratory,rescue_audit/results/R1deep_MDLM_anc_A_pertok_L11.json
MDLM_anc,A_pertok,0,within_r2,11,P7_pair_hi,hg,0.03406633136826687,0.10392869727393594,0.6385555555555555,0.27666666666666667,0.27837852152462506,0.2771111111111111,0.11051735131113594,129,2026-08-31,R1_exploratory,rescue_audit/results/R1deep_MDLM_anc_A_pertok_L11.json
MDLM_anc,A_pertok,0,within_r2,11,P7_pair_hi_x_hg,hg,0.027893052861302503,0.09341221169626723,0.6374444444444445,0.275,0.28780002833107843,0.2748888888888889,0.10316905773561968,257,2026-08-31,R1_exploratory,rescue_audit/results/R1deep_MDLM_anc_A_pertok_L11.json
MDLM_anc,A_pertok,0,within_r2,11,P8_ranknet_cand,hg,0.05108869015030848,0.11966068894808835,0.6364444444444445,0.2683333333333333,0.28306727496690004,0.2728888888888889,0.12490495509200794,33281,2026-08-31,R1_exploratory,rescue_audit/results/R1deep_MDLM_anc_A_pertok_L11.json
MDLM_anc,A_pertok,0,within_r2,11,P8_ranknet_cand_state,hg,0.04441622334655804,0.11545278859606023,0.6383333333333333,0.275,0.2746025627844097,0.27666666666666667,0.11922809349537555,66049,2026-08-31,R1_exploratory,rescue_audit/results/R1deep_MDLM_anc_A_pertok_L11.json
MDLM_anc,A_pertok,0,within_r2,11,P8_ranknet_cheap,hg,0.2904115802663574,0.5282326136461247,0.7851111111111111,0.45,0.1490043324239524,0.5702222222222221,0.5227448423589754,26113,2026-08-31,R1_exploratory,rescue_audit/results/R1deep_MDLM_anc_A_pertok_L11.json
MDLM_anc,A_pertok,0,within_r2,11,P8_ranknet_cheap_hidden,hg,0.283166911561508,0.4687847870398809,0.7691111111111111,0.44333333333333336,0.16258243496009286,0.5382222222222223,0.4622823288939334,91649,2026-08-31,R1_exploratory,rescue_audit/results/R1deep_MDLM_anc_A_pertok_L11.json
MDLM_anc,A_pertok,0,within_r2,11,P9_list_hidden,hg,0.23784062548552387,0.4625991798449377,0.7681111111111111,0.43,0.17143427699906166,0.5362222222222222,0.4677315924946326,45825,2026-08-31,R1_exploratory,rescue_audit/results/R1deep_MDLM_anc_A_pertok_L11.json
MDLM_anc,A_pertok,0,within_r2,11,P9_list_cheap,hg,0.34816920538513807,0.5548432227527313,0.7816666666666666,0.44166666666666665,0.15612191263607803,0.5633333333333334,0.5589998479243674,13057,2026-08-31,R1_exploratory,rescue_audit/results/R1deep_MDLM_anc_A_pertok_L11.json
MDLM_anc,A_pertok,0,within_r2,11,P13_pls,hg,0.26733262146917036,0.16653423666278044,0.6416666666666667,0.26666666666666666,0.28279894921853205,0.2833333333333333,0.19016276551156552,-1,2026-08-31,R1_exploratory,rescue_audit/results/R1deep_MDLM_anc_A_pertok_L11.json
MDLM_anc,A_pertok,0,pooled_r2,10,P0_cheap,hg,0.5162136667680115,0.5588287863498548,0.7787777777777778,0.41333333333333333,0.1615352268493519,0.5575555555555555,0.49986600771584466,101,2026-08-31,R1_exploratory,rescue_audit/results/R1_MDLM_anc_broad.json
MDLM_anc,A_pertok,0,pooled_r2,10,P0_hi,hg,0.2081637052964187,0.1445076468472133,0.6334444444444445,0.2816666666666667,0.2750739584305811,0.2668888888888889,0.15243235931856858,769,2026-08-31,R1_exploratory,rescue_audit/results/R1_MDLM_anc_broad.json
MDLM_anc,A_pertok,0,pooled_r2,10,P0_hg,hg,0.16437375693929746,0.0,0.5,0.15166666666666667,0.5055533549805754,nan,0.14715410553936514,769,2026-08-31,R1_exploratory,rescue_audit/results/R1_MDLM_anc_broad.json
MDLM_anc,A_pertok,0,pooled_r2,10,P0_hi_hg,hg,0.3082993919696644,0.21821647013858303,0.6586666666666666,0.2816666666666667,0.26195055954953195,0.3173333333333333,0.2817065710388311,1537,2026-08-31,R1_exploratory,rescue_audit/results/R1_MDLM_anc_broad.json
MDLM_anc,A_pertok,0,pooled_r2,10,P0_cheap+hi,hg,0.528253537491298,0.5644053844284571,0.7753333333333333,0.4266666666666667,0.15192959771486134,0.5506666666666666,0.5178491585726941,869,2026-08-31,R1_exploratory,rescue_audit/results/R1_MDLM_anc_broad.json
MDLM_anc,A_pertok,0,pooled_r2,10,P0_cheap+H,hg,0.5585069670410916,0.5803716240055978,0.7868888888888889,0.45,0.13731139143068505,0.5737777777777777,0.5446934350749949,1637,2026-08-31,R1_exploratory,rescue_audit/results/R1_MDLM_anc_broad.json
MDLM_anc,A_pertok,0,pooled_r2,10,P2k_kron_d16,hg,0.550123837889805,0.5590112298298084,0.7791111111111111,0.41,0.1560605965048363,0.5582222222222222,0.5334082124090365,389,2026-08-31,R1_exploratory,rescue_audit/results/R1_MDLM_anc_broad.json
MDLM_anc,A_pertok,0,pooled_r2,10,P2k_kroneOnly_d16,hg,0.5202597648827803,0.5642585946260459,0.7808888888888889,0.4116666666666667,0.1589540965034991,0.5617777777777778,0.5037530736186497,357,2026-08-31,R1_exploratory,rescue_audit/results/R1_MDLM_anc_broad.json
MDLM_anc,A_pertok,0,pooled_r2,10,P2k_additive_d16,hg,0.5654594085972942,0.5807333086743722,0.7901111111111111,0.4666666666666667,0.13868028598596413,0.5802222222222221,0.5380364016537493,133,2026-08-31,R1_exploratory,rescue_audit/results/R1_MDLM_anc_broad.json
MDLM_anc,A_pertok,0,pooled_r2,10,P2k_kron_wc_d16,hg,,0.5554387629988543,0.7807777777777778,0.42833333333333334,0.15556481634916736,0.5615555555555555,0.5539317700472569,389,2026-08-31,R1_exploratory,rescue_audit/results/R1_MDLM_anc_broad.json
MDLM_anc,A_pertok,0,pooled_r2,10,P2k_additive_wc_d16,hg,,0.5661476679449159,0.7896666666666666,0.435,0.1504202449364336,0.5793333333333334,0.557987498789108,133,2026-08-31,R1_exploratory,rescue_audit/results/R1_MDLM_anc_broad.json
MDLM_anc,A_pertok,0,pooled_r2,10,P2k_kron_d32,hg,0.5216706995066137,0.5531043627702237,0.7753333333333333,0.43166666666666664,0.1517790421813256,0.5506666666666666,0.5222291664247712,1189,2026-08-31,R1_exploratory,rescue_audit/results/R1_MDLM_anc_broad.json
MDLM_anc,A_pertok,0,pooled_r2,10,P2k_kroneOnly_d32,hg,0.5155560147205245,0.561577888399607,0.7797777777777778,0.415,0.1589116954006339,0.5595555555555555,0.5072383712844869,1125,2026-08-31,R1_exploratory,rescue_audit/results/R1_MDLM_anc_broad.json
MDLM_anc,A_pertok,0,pooled_r2,10,P2k_additive_d32,hg,0.5630264445150843,0.5807206574266022,0.7893333333333333,0.4716666666666667,0.1348409964270428,0.5786666666666666,0.5405606235555083,165,2026-08-31,R1_exploratory,rescue_audit/results/R1_MDLM_anc_broad.json
MDLM_anc,A_pertok,0,pooled_r2,10,P2k_kron_wc_d32,hg,,0.5572810720297062,0.7833333333333333,0.4266666666666667,0.15697345933851228,0.5666666666666667,0.5505233688556754,1189,2026-08-31,R1_exploratory,rescue_audit/results/R1_MDLM_anc_broad.json
MDLM_anc,A_pertok,0,pooled_r2,10,P2k_additive_wc_d32,hg,,0.5670203280275723,0.7915555555555556,0.45,0.14667766719678837,0.5831111111111111,0.5584229687004061,165,2026-08-31,R1_exploratory,rescue_audit/results/R1_MDLM_anc_broad.json
MDLM_anc,A_pertok,0,pooled_r2,10,P13_pls,hg,0.28246675035404667,0.18960116141297967,0.6443333333333333,0.27666666666666667,0.26347146345039213,0.2886666666666666,0.24548241652086267,-1,2026-08-31,R1_exploratory,rescue_audit/results/R1_MDLM_anc_broad.json
MDLM_anc,A_pertok,0,within_r2,12,P0_cheap,hg,0.5166937701699063,0.5594392852814021,0.7785555555555556,0.41333333333333333,0.1593822761290729,0.5571111111111111,0.5503232036011703,101,2026-08-31,R1_exploratory,rescue_audit/results/R1_MDLM_anc_broad.json
MDLM_anc,A_pertok,0,within_r2,12,P0_hi,hg,0.13383630764257082,0.07180073853237334,0.5984444444444444,0.2633333333333333,0.30162780989184784,0.19688888888888886,0.0751397361304339,769,2026-08-31,R1_exploratory,rescue_audit/results/R1_MDLM_anc_broad.json
MDLM_anc,A_pertok,0,within_r2,12,P0_hg,hg,-1.1291836828425468,0.0,0.5,0.15166666666666667,0.5055533549805754,nan,0.0,769,2026-08-31,R1_exploratory,rescue_audit/results/R1_MDLM_anc_broad.json
MDLM_anc,A_pertok,0,within_r2,12,P0_hi_hg,hg,0.25228093966917464,0.16825494709655464,0.6402222222222222,0.2733333333333333,0.26620037775468686,0.28044444444444444,0.1933732310149341,1537,2026-08-31,R1_exploratory,rescue_audit/results/R1_MDLM_anc_broad.json
MDLM_anc,A_pertok,0,within_r2,12,P0_cheap+hi,hg,0.5285387370751531,0.5683233222510384,0.7795555555555556,0.42833333333333334,0.1515294577622861,0.5591111111111111,0.5587553834526189,869,2026-08-31,R1_exploratory,rescue_audit/results/R1_MDLM_anc_broad.json
MDLM_anc,A_pertok,0,within_r2,12,P0_cheap+H,hg,0.5524099144714398,0.5817689740740557,0.7886666666666666,0.4483333333333333,0.1436879308791764,0.5773333333333333,0.5720765183865018,1637,2026-08-31,R1_exploratory,rescue_audit/results/R1_MDLM_anc_broad.json
MDLM_anc,A_pertok,0,within_r2,12,P2k_kron_d16,hg,0.5296241087911682,0.5723056524219887,0.7835555555555556,0.4483333333333333,0.14652314978642555,0.5671111111111111,0.5606033715640306,389,2026-08-31,R1_exploratory,rescue_audit/results/R1_MDLM_anc_broad.json
MDLM_anc,A_pertok,0,within_r2,12,P2k_kroneOnly_d16,hg,0.5085981095275445,0.5659687618535059,0.779,0.4216666666666667,0.15493851616839205,0.5579999999999999,0.5554192947327963,357,2026-08-31,R1_exploratory,rescue_audit/results/R1_MDLM_anc_broad.json
MDLM_anc,A_pertok,0,within_r2,12,P2k_additive_d16,hg,0.550418787724252,0.5791992965158997,0.7863333333333333,0.44666666666666666,0.1424112696331214,0.5726666666666667,0.567562530731893,133,2026-08-31,R1_exploratory,rescue_audit/results/R1_MDLM_anc_broad.json
MDLM_anc,A_pertok,0,within_r2,12,P2k_kron_wc_d16,hg,,0.5623045935292331,0.7843333333333333,0.42833333333333334,0.15758388726071113,0.5686666666666667,0.5509461187595651,389,2026-08-31,R1_exploratory,rescue_audit/results/R1_MDLM_anc_broad.json
MDLM_anc,A_pertok,0,within_r2,12,P2k_additive_wc_d16,hg,,0.5632251148230851,0.7877777777777778,0.4166666666666667,0.15801635945567769,0.5755555555555555,0.5544373179196727,133,2026-08-31,R1_exploratory,rescue_audit/results/R1_MDLM_anc_broad.json
MDLM_anc,A_pertok,0,within_r2,12,P2k_kron_d32,hg,0.5157302004391519,0.5675759182837272,0.7803333333333333,0.42333333333333334,0.15657282320393923,0.5606666666666666,0.5624826970280641,1189,2026-08-31,R1_exploratory,rescue_audit/results/R1_MDLM_anc_broad.json
MDLM_anc,A_pertok,0,within_r2,12,P2k_kroneOnly_d32,hg,0.5032862761673383,0.5653948534394208,0.779,0.4266666666666667,0.15672564355282464,0.5579999999999999,0.5593267246068332,1125,2026-08-31,R1_exploratory,rescue_audit/results/R1_MDLM_anc_broad.json
MDLM_anc,A_pertok,0,within_r2,12,P2k_additive_d32,hg,0.5482449004551677,0.5774052551281166,0.7866666666666666,0.44166666666666665,0.14560245521971027,0.5733333333333334,0.5704149113900472,165,2026-08-31,R1_exploratory,rescue_audit/results/R1_MDLM_anc_broad.json
MDLM_anc,A_pertok,0,within_r2,12,P2k_kron_wc_d32,hg,,0.5621454851944938,0.7831111111111111,0.42833333333333334,0.15520266550993048,0.5662222222222223,0.5533329932041067,1189,2026-08-31,R1_exploratory,rescue_audit/results/R1_MDLM_anc_broad.json
MDLM_anc,A_pertok,0,within_r2,12,P2k_additive_wc_d32,hg,,0.5644687115849609,0.7877777777777778,0.4266666666666667,0.1521115912170325,0.5755555555555555,0.5561656250659002,165,2026-08-31,R1_exploratory,rescue_audit/results/R1_MDLM_anc_broad.json
MDLM_anc,A_pertok,0,within_r2,12,P13_pls,hg,0.22286238012825577,0.13720364875588775,0.6338888888888888,0.24833333333333332,0.29857072252548295,0.2677777777777778,0.14986352899658995,-1,2026-08-31,R1_exploratory,rescue_audit/results/R1_MDLM_anc_broad.json
MDLM_anc,A_pertok,0,concordance,9,P0_cheap,hg,0.510268355267254,0.5501988718866613,0.78,0.42333333333333334,0.16001212565668163,0.56,0.7724074074074074,101,2026-08-31,R1_exploratory,rescue_audit/results/R1_MDLM_anc_broad.json
MDLM_anc,A_pertok,0,concordance,9,P0_hi,hg,0.22166802938901398,0.14116654611662505,0.6216666666666667,0.2683333333333333,0.28801406293051895,0.24333333333333335,0.6251851851851852,769,2026-08-31,R1_exploratory,rescue_audit/results/R1_MDLM_anc_broad.json
MDLM_anc,A_pertok,0,concordance,9,P0_hg,hg,-1.0060077892712704,0.0,0.5,0.15166666666666667,0.5055533549805754,nan,0.5,769,2026-08-31,R1_exploratory,rescue_audit/results/R1_MDLM_anc_broad.json
MDLM_anc,A_pertok,0,concordance,9,P0_hi_hg,hg,0.30491731617154205,0.20730076201067027,0.6605555555555556,0.305,0.24952362280560283,0.32111111111111107,0.6612962962962963,1537,2026-08-31,R1_exploratory,rescue_audit/results/R1_MDLM_anc_broad.json
MDLM_anc,A_pertok,0,concordance,9,P0_cheap+hi,hg,0.5310248169963607,0.5658869442582581,0.7794444444444445,0.44,0.14917133548059722,0.5588888888888889,0.7762962962962963,869,2026-08-31,R1_exploratory,rescue_audit/results/R1_MDLM_anc_broad.json
MDLM_anc,A_pertok,0,concordance,9,P0_cheap+H,hg,0.5664497902353007,0.5820350494675293,0.7893333333333333,0.4633333333333333,0.13882803508274477,0.5786666666666666,0.7851851851851852,1637,2026-08-31,R1_exploratory,rescue_audit/results/R1_MDLM_anc_broad.json
MDLM_anc,A_pertok,0,concordance,9,P2k_kron_d16,hg,0.5459331159553826,0.5677649902514729,0.7835555555555556,0.4166666666666667,0.1533132164112066,0.5671111111111111,0.7827777777777778,389,2026-08-31,R1_exploratory,rescue_audit/results/R1_MDLM_anc_broad.json
MDLM_anc,A_pertok,0,concordance,9,P2k_kroneOnly_d16,hg,0.5133852495412787,0.55236392729671,0.773,0.395,0.16579501012322245,0.5459999999999999,0.7757407407407407,357,2026-08-31,R1_exploratory,rescue_audit/results/R1_MDLM_anc_broad.json
MDLM_anc,A_pertok,0,concordance,9,P2k_additive_d16,hg,0.5605415210094378,0.5811883439763385,0.7875555555555556,0.45,0.14245654735210794,0.575111111111111,0.7853703703703704,133,2026-08-31,R1_exploratory,rescue_audit/results/R1_MDLM_anc_broad.json
MDLM_anc,A_pertok,0,concordance,9,P2k_kron_wc_d16,hg,,0.5601132059046756,0.7872222222222223,0.405,0.15846138176293995,0.5744444444444444,0.5513293678532123,389,2026-08-31,R1_exploratory,rescue_audit/results/R1_MDLM_anc_broad.json
MDLM_anc,A_pertok,0,concordance,9,P2k_additive_wc_d16,hg,,0.5671449425579982,0.7878888888888889,0.43,0.15120918891584348,0.5757777777777777,0.5580237350544883,133,2026-08-31,R1_exploratory,rescue_audit/results/R1_MDLM_anc_broad.json
MDLM_anc,A_pertok,0,concordance,9,P2k_kron_d32,hg,0.5352202995344831,0.5603638071472707,0.7786666666666666,0.43166666666666664,0.15276770271429277,0.5573333333333333,0.7820370370370371,1189,2026-08-31,R1_exploratory,rescue_audit/results/R1_MDLM_anc_broad.json
MDLM_anc,A_pertok,0,concordance,9,P2k_kroneOnly_d32,hg,0.5138876939064234,0.5501924661270866,0.7775555555555556,0.435,0.15006266145949682,0.5551111111111111,0.7805555555555556,1125,2026-08-31,R1_exploratory,rescue_audit/results/R1_MDLM_anc_broad.json
MDLM_anc,A_pertok,0,concordance,9,P2k_additive_d32,hg,0.5595479117218973,0.579491472842961,0.7904444444444444,0.48333333333333334,0.131600678604328,0.5808888888888888,0.7851851851851852,165,2026-08-31,R1_exploratory,rescue_audit/results/R1_MDLM_anc_broad.json
MDLM_anc,A_pertok,0,concordance,9,P2k_kron_wc_d32,hg,,0.5572509398936842,0.7843333333333333,0.44666666666666666,0.15198617298812173,0.5686666666666665,0.5513897061267257,1189,2026-08-31,R1_exploratory,rescue_audit/results/R1_MDLM_anc_broad.json
MDLM_anc,A_pertok,0,concordance,9,P2k_additive_wc_d32,hg,,0.567657667348074,0.7906666666666666,0.43833333333333335,0.1488684825412369,0.5813333333333333,0.5586864510184909,165,2026-08-31,R1_exploratory,rescue_audit/results/R1_MDLM_anc_broad.json
MDLM_anc,A_pertok,0,concordance,9,P13_pls,hg,0.2768433488054154,0.19911216573848933,0.651,0.2916666666666667,0.2826456556141547,0.302,0.6583333333333333,-1,2026-08-31,R1_exploratory,rescue_audit/results/R1_MDLM_anc_broad.json
MDLM_anc,A_pertok,1,pooled_r2,9,P0_cheap,hg,0.5243007126053687,0.5681817005462532,0.7694444444444445,0.4166666666666667,0.16965759310479966,0.5388888888888889,0.5045008289099107,101,2026-08-31,R1_exploratory,rescue_audit/results/R1_MDLM_anc_broad.json
MDLM_anc,A_pertok,1,pooled_r2,9,P0_hi,hg,0.20500884024816923,0.13407866437806493,0.6298888888888889,0.2733333333333333,0.28898146989266454,0.2597777777777778,0.22048801644674154,769,2026-08-31,R1_exploratory,rescue_audit/results/R1_MDLM_anc_broad.json
MDLM_anc,A_pertok,1,pooled_r2,9,P0_hg,hg,0.15903415626673467,0.0,0.5,0.15333333333333332,0.4829534956593407,nan,0.1817292994434655,769,2026-08-31,R1_exploratory,rescue_audit/results/R1_MDLM_anc_broad.json
MDLM_anc,A_pertok,1,pooled_r2,9,P0_hi_hg,hg,0.28765592289483877,0.20999389781858957,0.6634444444444444,0.285,0.25851939226507853,0.3268888888888889,0.3200346902161152,1537,2026-08-31,R1_exploratory,rescue_audit/results/R1_MDLM_anc_broad.json
MDLM_anc,A_pertok,1,pooled_r2,9,P0_cheap+hi,hg,0.5356620421578289,0.5664931307809535,0.7723333333333333,0.41333333333333333,0.16970506216178677,0.5446666666666666,0.5269223027881954,869,2026-08-31,R1_exploratory,rescue_audit/results/R1_MDLM_anc_broad.json
MDLM_anc,A_pertok,1,pooled_r2,9,P0_cheap+H,hg,0.5691072946102145,0.5866219490133371,0.7817777777777778,0.43333333333333335,0.15791305886588644,0.5635555555555556,0.5683757511736776,1637,2026-08-31,R1_exploratory,rescue_audit/results/R1_MDLM_anc_broad.json
MDLM_anc,A_pertok,1,pooled_r2,9,P2k_kron_d16,hg,0.5649705159259039,0.5806897000058423,0.7747777777777778,0.425,0.15844833871655004,0.5495555555555555,0.5471726250352562,389,2026-08-31,R1_exploratory,rescue_audit/results/R1_MDLM_anc_broad.json
MDLM_anc,A_pertok,1,pooled_r2,9,P2k_kroneOnly_d16,hg,0.5358366554442611,0.5696499219641089,0.7735555555555556,0.4083333333333333,0.1665487511816051,0.5471111111111111,0.5199793854151578,357,2026-08-31,R1_exploratory,rescue_audit/results/R1_MDLM_anc_broad.json
MDLM_anc,A_pertok,1,pooled_r2,9,P2k_additive_d16,hg,0.5736628408573723,0.5872111760004537,0.7787777777777778,0.44,0.15862493666677152,0.5575555555555555,0.5555282270261006,133,2026-08-31,R1_exploratory,rescue_audit/results/R1_MDLM_anc_broad.json
MDLM_anc,A_pertok,1,pooled_r2,9,P2k_kron_wc_d16,hg,,0.565921585916584,0.7771111111111111,0.395,0.17335545744862121,0.5542222222222222,0.5459414651143761,389,2026-08-31,R1_exploratory,rescue_audit/results/R1_MDLM_anc_broad.json
MDLM_anc,A_pertok,1,pooled_r2,9,P2k_additive_wc_d16,hg,,0.5705802016632461,0.783,0.4266666666666667,0.16190285750791616,0.566,0.552904384052005,133,2026-08-31,R1_exploratory,rescue_audit/results/R1_MDLM_anc_broad.json
MDLM_anc,A_pertok,1,pooled_r2,9,P2k_kron_d32,hg,0.5442100878820526,0.5695784495178291,0.7764444444444445,0.4166666666666667,0.1686336229496506,0.5528888888888889,0.5366717641003018,1189,2026-08-31,R1_exploratory,rescue_audit/results/R1_MDLM_anc_broad.json
MDLM_anc,A_pertok,1,pooled_r2,9,P2k_kroneOnly_d32,hg,0.5261031762204599,0.5633825501424481,0.7683333333333333,0.39666666666666667,0.17797912855787767,0.5366666666666666,0.522061872957465,1125,2026-08-31,R1_exploratory,rescue_audit/results/R1_MDLM_anc_broad.json
MDLM_anc,A_pertok,1,pooled_r2,9,P2k_additive_d32,hg,0.5760677805000509,0.5869471146871656,0.781,0.4483333333333333,0.15445683014086384,0.5619999999999999,0.5588910946702521,165,2026-08-31,R1_exploratory,rescue_audit/results/R1_MDLM_anc_broad.json
MDLM_anc,A_pertok,1,pooled_r2,9,P2k_kron_wc_d32,hg,,0.5643985720908773,0.7791111111111111,0.4116666666666667,0.16592260197334194,0.5582222222222222,0.5457608364550154,1189,2026-08-31,R1_exploratory,rescue_audit/results/R1_MDLM_anc_broad.json
MDLM_anc,A_pertok,1,pooled_r2,9,P2k_additive_wc_d32,hg,,0.571360536061138,0.782,0.4266666666666667,0.1582060976463656,0.564,0.5567818846691901,165,2026-08-31,R1_exploratory,rescue_audit/results/R1_MDLM_anc_broad.json
MDLM_anc,A_pertok,1,pooled_r2,9,P13_pls,hg,0.27483054050929745,0.20539401553511716,0.6486666666666666,0.2816666666666667,0.2670557789652377,0.29733333333333334,0.2972265692099818,-1,2026-08-31,R1_exploratory,rescue_audit/results/R1_MDLM_anc_broad.json
MDLM_anc,A_pertok,1,within_r2,6,P0_cheap,hg,0.5241862269764045,0.5678953381636578,0.7686666666666667,0.4066666666666667,0.1724157111826156,0.5373333333333333,0.5481075902623629,101,2026-08-31,R1_exploratory,rescue_audit/results/R1_MDLM_anc_broad.json
MDLM_anc,A_pertok,1,within_r2,6,P0_hi,hg,0.20318615513449323,0.10372779612264715,0.6181111111111111,0.24666666666666667,0.29799179128444825,0.23622222222222225,0.12008154230926327,769,2026-08-31,R1_exploratory,rescue_audit/results/R1_MDLM_anc_broad.json
MDLM_anc,A_pertok,1,within_r2,6,P0_hg,hg,-1.6582701376584317,0.0,0.5,0.15333333333333332,0.4829534956593407,nan,0.0,769,2026-08-31,R1_exploratory,rescue_audit/results/R1_MDLM_anc_broad.json
MDLM_anc,A_pertok,1,within_r2,6,P0_hi_hg,hg,0.2486660963819558,0.1676920517346343,0.6375555555555555,0.265,0.28417365608320927,0.2751111111111111,0.17056405752083648,1537,2026-08-31,R1_exploratory,rescue_audit/results/R1_MDLM_anc_broad.json
MDLM_anc,A_pertok,1,within_r2,6,P0_cheap+hi,hg,0.5417813720567777,0.572139219107314,0.7765555555555556,0.43333333333333335,0.15986899865261048,0.5531111111111111,0.5530945310317119,869,2026-08-31,R1_exploratory,rescue_audit/results/R1_MDLM_anc_broad.json
MDLM_anc,A_pertok,1,within_r2,6,P0_cheap+H,hg,0.5702372841484301,0.5869785402621875,0.7825555555555556,0.4266666666666667,0.15627006631861198,0.5651111111111111,0.5727122915880185,1637,2026-08-31,R1_exploratory,rescue_audit/results/R1_MDLM_anc_broad.json
MDLM_anc,A_pertok,1,within_r2,6,P2k_kron_d16,hg,0.5541704573619426,0.5743290828677965,0.7753333333333333,0.42833333333333334,0.167560326045646,0.5506666666666666,0.5558868289029479,389,2026-08-31,R1_exploratory,rescue_audit/results/R1_MDLM_anc_broad.json
MDLM_anc,A_pertok,1,within_r2,6,P2k_kroneOnly_d16,hg,0.5353965317635375,0.5704134722103877,0.7727777777777778,0.42833333333333334,0.1658305776109201,0.5455555555555556,0.5510955784344591,357,2026-08-31,R1_exploratory,rescue_audit/results/R1_MDLM_anc_broad.json
MDLM_anc,A_pertok,1,within_r2,6,P2k_additive_d16,hg,0.5820894570213093,0.586785707819268,0.7788888888888889,0.42833333333333334,0.1653273923856497,0.5577777777777777,0.5710735349735425,133,2026-08-31,R1_exploratory,rescue_audit/results/R1_MDLM_anc_broad.json
MDLM_anc,A_pertok,1,within_r2,6,P2k_kron_wc_d16,hg,,0.5626329279782543,0.7773333333333333,0.4066666666666667,0.1696375357904745,0.5546666666666666,0.5437200131254782,389,2026-08-31,R1_exploratory,rescue_audit/results/R1_MDLM_anc_broad.json
MDLM_anc,A_pertok,1,within_r2,6,P2k_additive_wc_d16,hg,,0.5699802854623934,0.7802222222222223,0.4216666666666667,0.16398799278819776,0.5604444444444444,0.5534531598542383,133,2026-08-31,R1_exploratory,rescue_audit/results/R1_MDLM_anc_broad.json
MDLM_anc,A_pertok,1,within_r2,6,P2k_kron_d32,hg,0.5453353399251176,0.5709810461573106,0.7736666666666666,0.41,0.16896006741348946,0.5473333333333333,0.5581877127248611,1189,2026-08-31,R1_exploratory,rescue_audit/results/R1_MDLM_anc_broad.json
MDLM_anc,A_pertok,1,within_r2,6,P2k_kroneOnly_d32,hg,0.5329495145654604,0.5699719829413334,0.772,0.415,0.16803478842778694,0.5439999999999999,0.5545792991570158,1125,2026-08-31,R1_exploratory,rescue_audit/results/R1_MDLM_anc_broad.json
MDLM_anc,A_pertok,1,within_r2,6,P2k_additive_d32,hg,0.5856477177055465,0.5878390970158013,0.7828888888888889,0.44666666666666666,0.15608089130106573,0.5657777777777776,0.5741665915129994,165,2026-08-31,R1_exploratory,rescue_audit/results/R1_MDLM_anc_broad.json
MDLM_anc,A_pertok,1,within_r2,6,P2k_kron_wc_d32,hg,,0.5628013391173825,0.7774444444444445,0.41333333333333333,0.17263711376589305,0.5548888888888889,0.5447797941556894,1189,2026-08-31,R1_exploratory,rescue_audit/results/R1_MDLM_anc_broad.json
MDLM_anc,A_pertok,1,within_r2,6,P2k_additive_wc_d32,hg,,0.5701796011929108,0.7802222222222223,0.41833333333333333,0.16431562423329663,0.5604444444444444,0.5571497930590048,165,2026-08-31,R1_exploratory,rescue_audit/results/R1_MDLM_anc_broad.json
MDLM_anc,A_pertok,1,within_r2,6,P13_pls,hg,0.259825838386178,0.16480501282693216,0.6293333333333333,0.25833333333333336,0.29259739456227557,0.25866666666666666,0.17691035491685647,-1,2026-08-31,R1_exploratory,rescue_audit/results/R1_MDLM_anc_broad.json
MDLM_anc,A_pertok,1,concordance,0,P0_cheap,hg,0.524200398507441,0.5682409164208686,0.7711111111111111,0.4166666666666667,0.1684780239815978,0.5422222222222223,0.7668518518518519,101,2026-08-31,R1_exploratory,rescue_audit/results/R1_MDLM_anc_broad.json
MDLM_anc,A_pertok,1,concordance,0,P0_hi,hg,-0.00011256202579668084,0.0,0.5,0.15333333333333332,0.4829534956593407,nan,0.5,769,2026-08-31,R1_exploratory,rescue_audit/results/R1_MDLM_anc_broad.json
MDLM_anc,A_pertok,1,concordance,0,P0_hg,hg,-13.973091647335485,0.0,0.5,0.15333333333333332,0.4829534956593407,nan,0.5,769,2026-08-31,R1_exploratory,rescue_audit/results/R1_MDLM_anc_broad.json
MDLM_anc,A_pertok,1,concordance,0,P0_hi_hg,hg,-13.975420093039379,0.0,0.5,0.15333333333333332,0.4829534956593407,nan,0.5,1537,2026-08-31,R1_exploratory,rescue_audit/results/R1_MDLM_anc_broad.json
MDLM_anc,A_pertok,1,concordance,0,P0_cheap+hi,hg,0.524200398507441,0.5682409164208686,0.7711111111111111,0.4166666666666667,0.1684780239815978,0.5422222222222223,0.7668518518518519,101,2026-08-31,R1_exploratory,rescue_audit/results/R1_MDLM_anc_broad.json
MDLM_anc,A_pertok,1,concordance,0,P0_cheap+H,hg,0.22579888165256312,0.5865868482856624,0.7788888888888889,0.43166666666666664,0.16354765169793942,0.5577777777777777,0.7777777777777778,1637,2026-08-31,R1_exploratory,rescue_audit/results/R1_MDLM_anc_broad.json
MDLM_anc,A_pertok,1,concordance,0,P2k_kron_d16,hg,0.5349794426604582,0.5753141325724296,0.7753333333333333,0.405,0.1690367754081244,0.5506666666666666,0.7746296296296297,389,2026-08-31,R1_exploratory,rescue_audit/results/R1_MDLM_anc_broad.json
MDLM_anc,A_pertok,1,concordance,0,P2k_kroneOnly_d16,hg,0.5242005633260991,0.5682410346528062,0.7711111111111111,0.4166666666666667,0.1684780239815978,0.5422222222222223,0.7668518518518519,101,2026-08-31,R1_exploratory,rescue_audit/results/R1_MDLM_anc_broad.json
MDLM_anc,A_pertok,1,concordance,0,P2k_additive_d16,hg,0.5349794180239786,0.5753140230025346,0.7753333333333333,0.405,0.1690367754081244,0.5506666666666666,0.7746296296296297,133,2026-08-31,R1_exploratory,rescue_audit/results/R1_MDLM_anc_broad.json
MDLM_anc,A_pertok,1,concordance,0,P2k_kron_wc_d16,hg,,0.5618451064871833,0.7792222222222223,0.41,0.1664402462452874,0.5584444444444444,0.5436423932218191,389,2026-08-31,R1_exploratory,rescue_audit/results/R1_MDLM_anc_broad.json
MDLM_anc,A_pertok,1,concordance,0,P2k_additive_wc_d16,hg,,0.5618451004324188,0.7792222222222223,0.41,0.1664402462452874,0.5584444444444444,0.5436424279341348,133,2026-08-31,R1_exploratory,rescue_audit/results/R1_MDLM_anc_broad.json
MDLM_anc,A_pertok,1,concordance,0,P2k_kron_d32,hg,0.532513938422448,0.5765906124913023,0.7742222222222223,0.4033333333333333,0.17153749006068472,0.5484444444444444,0.7770370370370371,1189,2026-08-31,R1_exploratory,rescue_audit/results/R1_MDLM_anc_broad.json
MDLM_anc,A_pertok,1,concordance,0,P2k_kroneOnly_d32,hg,0.5242005633260991,0.5682410346528062,0.7711111111111111,0.4166666666666667,0.1684780239815978,0.5422222222222223,0.7668518518518519,101,2026-08-31,R1_exploratory,rescue_audit/results/R1_MDLM_anc_broad.json
MDLM_anc,A_pertok,1,concordance,0,P2k_additive_d32,hg,0.5325188519382283,0.576589160454859,0.7742222222222223,0.4033333333333333,0.17153749006068472,0.5484444444444444,0.7770370370370371,165,2026-08-31,R1_exploratory,rescue_audit/results/R1_MDLM_anc_broad.json
MDLM_anc,A_pertok,1,concordance,0,P2k_kron_wc_d32,hg,,0.5622401680005007,0.7781111111111111,0.4,0.17284201104510358,0.5562222222222223,0.5434904082204304,1189,2026-08-31,R1_exploratory,rescue_audit/results/R1_MDLM_anc_broad.json
MDLM_anc,A_pertok,1,concordance,0,P2k_additive_wc_d32,hg,,0.5622396673180707,0.7781111111111111,0.4,0.17284201104510358,0.5562222222222223,0.5434900606307038,165,2026-08-31,R1_exploratory,rescue_audit/results/R1_MDLM_anc_broad.json
MDLM_anc,A_pertok,1,concordance,0,P13_pls,hg,0.1449974328096364,0.0,0.5,0.15166666666666667,0.4838070477256815,0.11341378524829679,0.5,-1,2026-08-31,R1_exploratory,rescue_audit/results/R1_MDLM_anc_broad.json
MDLM_anc,A_pertok,2,pooled_r2,8,P0_cheap,hg,0.5136132936570046,0.5594875523896641,0.7733333333333333,0.415,0.1769958628491604,0.5466666666666666,0.4966107710253793,101,2026-08-31,R1_exploratory,rescue_audit/results/R1_MDLM_anc_broad.json
MDLM_anc,A_pertok,2,pooled_r2,8,P0_hi,hg,0.2325495718698456,0.1452960110538819,0.628,0.23833333333333334,0.30937391114061125,0.25600000000000006,0.21415555683146092,769,2026-08-31,R1_exploratory,rescue_audit/results/R1_MDLM_anc_broad.json
MDLM_anc,A_pertok,2,pooled_r2,8,P0_hg,hg,0.16864903271960252,0.0,0.5,0.15,0.4829305613449471,nan,0.16346361847658541,769,2026-08-31,R1_exploratory,rescue_audit/results/R1_MDLM_anc_broad.json
MDLM_anc,A_pertok,2,pooled_r2,8,P0_hi_hg,hg,0.3024859159236011,0.1989395838260798,0.6527777777777778,0.255,0.27733280947912897,0.3055555555555555,0.29229923559667936,1537,2026-08-31,R1_exploratory,rescue_audit/results/R1_MDLM_anc_broad.json
MDLM_anc,A_pertok,2,pooled_r2,8,P0_cheap+hi,hg,0.5307957692118077,0.5665472362810966,0.7785555555555556,0.43666666666666665,0.17288226140690918,0.5571111111111111,0.5183934170605143,869,2026-08-31,R1_exploratory,rescue_audit/results/R1_MDLM_anc_broad.json
MDLM_anc,A_pertok,2,pooled_r2,8,P0_cheap+H,hg,0.5631121036430822,0.5847292670651253,0.7866666666666666,0.46166666666666667,0.15410505813297615,0.5733333333333334,0.5448164688500037,1637,2026-08-31,R1_exploratory,rescue_audit/results/R1_MDLM_anc_broad.json
MDLM_anc,A_pertok,2,pooled_r2,8,P2k_kron_d16,hg,0.5562773967908212,0.5676768104904131,0.7768888888888889,0.41833333333333333,0.165651822889574,0.5537777777777777,0.5404651974406953,389,2026-08-31,R1_exploratory,rescue_audit/results/R1_MDLM_anc_broad.json
MDLM_anc,A_pertok,2,pooled_r2,8,P2k_kroneOnly_d16,hg,0.522352122084146,0.5579251559502254,0.7706666666666667,0.41333333333333333,0.1792547780834321,0.5413333333333332,0.5116937322160517,357,2026-08-31,R1_exploratory,rescue_audit/results/R1_MDLM_anc_broad.json
MDLM_anc,A_pertok,2,pooled_r2,8,P2k_additive_d16,hg,0.564521446658079,0.5857233345930857,0.7871111111111111,0.4683333333333333,0.15622528190077042,0.5742222222222222,0.5441447526712897,133,2026-08-31,R1_exploratory,rescue_audit/results/R1_MDLM_anc_broad.json
MDLM_anc,A_pertok,2,pooled_r2,8,P2k_kron_wc_d16,hg,,0.5607375871030256,0.782,0.4166666666666667,0.1733617002605395,0.564,0.5245048328545674,389,2026-08-31,R1_exploratory,rescue_audit/results/R1_MDLM_anc_broad.json
MDLM_anc,A_pertok,2,pooled_r2,8,P2k_additive_wc_d16,hg,,0.5690311461570268,0.7848888888888889,0.44333333333333336,0.16387346337535252,0.5697777777777778,0.5304935181805086,133,2026-08-31,R1_exploratory,rescue_audit/results/R1_MDLM_anc_broad.json
MDLM_anc,A_pertok,2,pooled_r2,8,P2k_kron_d32,hg,0.5414432147644488,0.5670991039863928,0.7773333333333333,0.42,0.1707268163353832,0.5546666666666666,0.5231947972229962,1189,2026-08-31,R1_exploratory,rescue_audit/results/R1_MDLM_anc_broad.json
MDLM_anc,A_pertok,2,pooled_r2,8,P2k_kroneOnly_d32,hg,0.5231582367792891,0.5636651409000624,0.7751111111111111,0.4033333333333333,0.18141967450538898,0.5502222222222222,0.5071361063408649,1125,2026-08-31,R1_exploratory,rescue_audit/results/R1_MDLM_anc_broad.json
MDLM_anc,A_pertok,2,pooled_r2,8,P2k_additive_d32,hg,0.5704283300688533,0.5867843920251565,0.7883888888888889,0.4633333333333333,0.15815845646291884,0.576832375194021,0.5459702116896673,165,2026-08-31,R1_exploratory,rescue_audit/results/R1_MDLM_anc_broad.json
MDLM_anc,A_pertok,2,pooled_r2,8,P2k_kron_wc_d32,hg,,0.5608076735161793,0.7811111111111111,0.4116666666666667,0.17093333052313073,0.5622222222222222,0.5274246487040828,1189,2026-08-31,R1_exploratory,rescue_audit/results/R1_MDLM_anc_broad.json
MDLM_anc,A_pertok,2,pooled_r2,8,P2k_additive_wc_d32,hg,,0.5698975712981765,0.7851111111111111,0.43166666666666664,0.1675807164253038,0.5702222222222222,0.5327207971850889,165,2026-08-31,R1_exploratory,rescue_audit/results/R1_MDLM_anc_broad.json
MDLM_anc,A_pertok,2,pooled_r2,8,P13_pls,hg,0.28428508810249176,0.1819012710898278,0.6397777777777778,0.26166666666666666,0.2894731844374018,0.27955555555555556,0.2679696126784399,-1,2026-08-31,R1_exploratory,rescue_audit/results/R1_MDLM_anc_broad.json
MDLM_anc,A_pertok,2,within_r2,11,P0_cheap,hg,0.5137569480245081,0.5595655237567385,0.7726666666666666,0.4116666666666667,0.17823889604925705,0.5453333333333334,0.522039005744116,101,2026-08-31,R1_exploratory,rescue_audit/results/R1_MDLM_anc_broad.json
MDLM_anc,A_pertok,2,within_r2,11,P0_hi,hg,0.15793708735214762,0.1003566636930101,0.6173333333333333,0.26,0.30572131488211746,0.2346666666666667,0.09808374476903181,769,2026-08-31,R1_exploratory,rescue_audit/results/R1_MDLM_anc_broad.json
MDLM_anc,A_pertok,2,within_r2,11,P0_hg,hg,-1.1325465910954007,0.0,0.5,0.15,0.4829305613449471,nan,0.0,769,2026-08-31,R1_exploratory,rescue_audit/results/R1_MDLM_anc_broad.json
MDLM_anc,A_pertok,2,within_r2,11,P0_hi_hg,hg,0.29370211625680076,0.19422006732572794,0.649,0.29333333333333333,0.2656369118075473,0.29800000000000004,0.18000771667444504,1537,2026-08-31,R1_exploratory,rescue_audit/results/R1_MDLM_anc_broad.json
MDLM_anc,A_pertok,2,within_r2,11,P0_cheap+hi,hg,0.5212387977161536,0.5664078195045568,0.7756666666666666,0.42833333333333334,0.17056686051901382,0.5513333333333333,0.527003821664846,869,2026-08-31,R1_exploratory,rescue_audit/results/R1_MDLM_anc_broad.json
MDLM_anc,A_pertok,2,within_r2,11,P0_cheap+H,hg,0.5496189945767318,0.5820533739940039,0.7803333333333333,0.4266666666666667,0.16666511593339423,0.5606666666666666,0.5375767772272527,1637,2026-08-31,R1_exploratory,rescue_audit/results/R1_MDLM_anc_broad.json
MDLM_anc,A_pertok,2,within_r2,11,P2k_kron_d16,hg,0.5268141116451293,0.57287929531591,0.7775555555555556,0.42333333333333334,0.17116578209874364,0.5551111111111111,0.5330308855265142,389,2026-08-31,R1_exploratory,rescue_audit/results/R1_MDLM_anc_broad.json
MDLM_anc,A_pertok,2,within_r2,11,P2k_kroneOnly_d16,hg,0.5150666006485252,0.5662003537584748,0.7751111111111111,0.42333333333333334,0.17023952621024016,0.5502222222222222,0.5283205512096365,357,2026-08-31,R1_exploratory,rescue_audit/results/R1_MDLM_anc_broad.json
MDLM_anc,A_pertok,2,within_r2,11,P2k_additive_d16,hg,0.5451605758133637,0.5798590504796715,0.783,0.455,0.15712020374814253,0.566,0.5380428584752448,133,2026-08-31,R1_exploratory,rescue_audit/results/R1_MDLM_anc_broad.json
MDLM_anc,A_pertok,2,within_r2,11,P2k_kron_wc_d16,hg,,0.5626012209320392,0.7827777777777778,0.42333333333333334,0.17030862474593997,0.5655555555555555,0.5255406776428424,389,2026-08-31,R1_exploratory,rescue_audit/results/R1_MDLM_anc_broad.json
MDLM_anc,A_pertok,2,within_r2,11,P2k_additive_wc_d16,hg,,0.5648968800809506,0.7823333333333333,0.43,0.16906294810828584,0.5646666666666665,0.5275839436308345,133,2026-08-31,R1_exploratory,rescue_audit/results/R1_MDLM_anc_broad.json
MDLM_anc,A_pertok,2,within_r2,11,P2k_kron_d32,hg,0.5215203443596463,0.5713504684707935,0.7777777777777778,0.41333333333333333,0.17318051776255794,0.5555555555555555,0.5340672876815926,1189,2026-08-31,R1_exploratory,rescue_audit/results/R1_MDLM_anc_broad.json
MDLM_anc,A_pertok,2,within_r2,11,P2k_kroneOnly_d32,hg,0.5154449440221807,0.5688906413676278,0.7771111111111111,0.415,0.17191073609995222,0.5542222222222222,0.532047644966191,1125,2026-08-31,R1_exploratory,rescue_audit/results/R1_MDLM_anc_broad.json
MDLM_anc,A_pertok,2,within_r2,11,P2k_additive_d32,hg,0.5472575334308372,0.5787800577405822,0.781,0.455,0.15577145662354464,0.5619999999999999,0.5372770043915898,165,2026-08-31,R1_exploratory,rescue_audit/results/R1_MDLM_anc_broad.json
MDLM_anc,A_pertok,2,within_r2,11,P2k_kron_wc_d32,hg,,0.5626541804390746,0.7791111111111111,0.41,0.17318798159102988,0.5582222222222222,0.5268994870009069,1189,2026-08-31,R1_exploratory,rescue_audit/results/R1_MDLM_anc_broad.json
MDLM_anc,A_pertok,2,within_r2,11,P2k_additive_wc_d32,hg,,0.5666550491309605,0.7834444444444445,0.445,0.16278488147108386,0.5668888888888889,0.5275018460400636,165,2026-08-31,R1_exploratory,rescue_audit/results/R1_MDLM_anc_broad.json
MDLM_anc,A_pertok,2,within_r2,11,P13_pls,hg,0.2704530234929171,0.17639918983679814,0.6394444444444445,0.23333333333333334,0.2980672777595494,0.27888888888888885,0.16563287681837235,-1,2026-08-31,R1_exploratory,rescue_audit/results/R1_MDLM_anc_broad.json
MDLM_anc,A_pertok,2,concordance,9,P0_cheap,hg,0.4746859453311614,0.4919755931177211,0.7748888888888888,0.3933333333333333,0.18097518749882222,0.5497777777777778,0.7638888888888888,101,2026-08-31,R1_exploratory,rescue_audit/results/R1_MDLM_anc_broad.json
MDLM_anc,A_pertok,2,concordance,9,P0_hi,hg,0.1544132003852806,0.10043573644124004,0.6183333333333333,0.23333333333333334,0.3090453343081849,0.23666666666666666,0.6209259259259259,769,2026-08-31,R1_exploratory,rescue_audit/results/R1_MDLM_anc_broad.json
MDLM_anc,A_pertok,2,concordance,9,P0_hg,hg,-0.9000153555274322,0.0,0.5,0.15,0.4829305613449471,nan,0.5,769,2026-08-31,R1_exploratory,rescue_audit/results/R1_MDLM_anc_broad.json
MDLM_anc,A_pertok,2,concordance,9,P0_hi_hg,hg,0.28947649838954614,0.17132402904166943,0.6472222222222223,0.255,0.2686110832790918,0.29444444444444445,0.6505555555555556,1537,2026-08-31,R1_exploratory,rescue_audit/results/R1_MDLM_anc_broad.json
MDLM_anc,A_pertok,2,concordance,9,P0_cheap+hi,hg,0.520633955298782,0.5650957836936348,0.776,0.4166666666666667,0.175070306442731,0.5519999999999999,0.7698148148148148,869,2026-08-31,R1_exploratory,rescue_audit/results/R1_MDLM_anc_broad.json
MDLM_anc,A_pertok,2,concordance,9,P0_cheap+H,hg,0.5553186623119399,0.5811192072185591,0.7824444444444445,0.43666666666666665,0.15955196219230577,0.5648888888888888,0.7768518518518519,1637,2026-08-31,R1_exploratory,rescue_audit/results/R1_MDLM_anc_broad.json
MDLM_anc,A_pertok,2,concordance,9,P2k_kron_d16,hg,0.542332214623145,0.5684253467433427,0.7768888888888889,0.42833333333333334,0.16696770961847507,0.5537777777777777,0.777962962962963,389,2026-08-31,R1_exploratory,rescue_audit/results/R1_MDLM_anc_broad.json
MDLM_anc,A_pertok,2,concordance,9,P2k_kroneOnly_d16,hg,0.5201434361202739,0.5594906280104279,0.7726666666666666,0.4166666666666667,0.17467141484045587,0.5453333333333333,0.7718518518518519,357,2026-08-31,R1_exploratory,rescue_audit/results/R1_MDLM_anc_broad.json
MDLM_anc,A_pertok,2,concordance,9,P2k_additive_d16,hg,0.5527940456629109,0.5797420949599109,0.7817777777777778,0.44,0.16035187529283335,0.5635555555555556,0.7748148148148148,133,2026-08-31,R1_exploratory,rescue_audit/results/R1_MDLM_anc_broad.json
MDLM_anc,A_pertok,2,concordance,9,P2k_kron_wc_d16,hg,,0.5605869420213776,0.7821111111111111,0.41833333333333333,0.17254736866117382,0.5642222222222222,0.5236765463326762,389,2026-08-31,R1_exploratory,rescue_audit/results/R1_MDLM_anc_broad.json
MDLM_anc,A_pertok,2,concordance,9,P2k_additive_wc_d16,hg,,0.5681785264435804,0.7812222222222223,0.43166666666666664,0.17067893643346854,0.5624444444444444,0.5287471634149871,133,2026-08-31,R1_exploratory,rescue_audit/results/R1_MDLM_anc_broad.json
MDLM_anc,A_pertok,2,concordance,9,P2k_kron_d32,hg,0.5302639390574935,0.5680714921543174,0.7777777777777778,0.415,0.17286633009593289,0.5555555555555555,0.7746296296296297,1189,2026-08-31,R1_exploratory,rescue_audit/results/R1_MDLM_anc_broad.json
MDLM_anc,A_pertok,2,concordance,9,P2k_kroneOnly_d32,hg,0.5193882362527704,0.5634683236058106,0.7755555555555556,0.4166666666666667,0.1750557114941923,0.551111111111111,0.7725925925925926,1125,2026-08-31,R1_exploratory,rescue_audit/results/R1_MDLM_anc_broad.json
MDLM_anc,A_pertok,2,concordance,9,P2k_additive_d32,hg,0.5523399334507603,0.5816078590748617,0.7834444444444445,0.45,0.16400518246585954,0.5668888888888889,0.7737037037037037,165,2026-08-31,R1_exploratory,rescue_audit/results/R1_MDLM_anc_broad.json
MDLM_anc,A_pertok,2,concordance,9,P2k_kron_wc_d32,hg,,0.5597771582076585,0.7818888888888889,0.4066666666666667,0.17242108241896123,0.5637777777777777,0.523841238128206,1189,2026-08-31,R1_exploratory,rescue_audit/results/R1_MDLM_anc_broad.json
MDLM_anc,A_pertok,2,concordance,9,P2k_additive_wc_d32,hg,,0.5703164309301956,0.7814444444444445,0.43333333333333335,0.1702022805327394,0.5628888888888888,0.5308228258655195,165,2026-08-31,R1_exploratory,rescue_audit/results/R1_MDLM_anc_broad.json
MDLM_anc,A_pertok,2,concordance,9,P13_pls,hg,0.27736375900849974,0.17607318690899942,0.6381111111111111,0.26,0.2877409891901691,0.2762222222222222,0.6388888888888888,-1,2026-08-31,R1_exploratory,rescue_audit/results/R1_MDLM_anc_broad.json
MDLM_anc,A_future,0,pooled_r2,10,P0_cheap,hg,0.13319734850895193,0.2304662707526004,0.6861111111111111,0.37166666666666665,0.3151634962585376,0.37222222222222223,0.15742655519478865,101,2026-08-31,R1_exploratory,rescue_audit/results/R1_MDLM_anc_broad.json
MDLM_anc,A_future,0,pooled_r2,10,P0_hi,hg,0.10667107049057045,0.19206494190674972,0.6665555555555556,0.315,0.3558051017396329,0.3331111111111111,0.12870116514929886,769,2026-08-31,R1_exploratory,rescue_audit/results/R1_MDLM_anc_broad.json
MDLM_anc,A_future,0,pooled_r2,10,P0_hg,hg,0.0006036346846994833,0.0,0.5,0.17,0.5344814776764258,nan,0.0011425774165707558,769,2026-08-31,R1_exploratory,rescue_audit/results/R1_MDLM_anc_broad.json
MDLM_anc,A_future,0,pooled_r2,10,P0_hi_hg,hg,0.12349027414687264,0.21162874908003537,0.6751111111111111,0.34,0.3365719002549835,0.3502222222222222,0.1421184703610896,1537,2026-08-31,R1_exploratory,rescue_audit/results/R1_MDLM_anc_broad.json
MDLM_anc,A_future,0,pooled_r2,10,P0_cheap+hi,hg,0.13407680185684034,0.23846338113370236,0.6867777777777778,0.3616666666666667,0.32034684087688875,0.37355555555555553,0.16259433530679024,869,2026-08-31,R1_exploratory,rescue_audit/results/R1_MDLM_anc_broad.json
MDLM_anc,A_future,0,pooled_r2,10,P0_cheap+H,hg,0.14310082127184065,0.24049404067474034,0.6905555555555556,0.375,0.31079966414016336,0.3811111111111111,0.16954198605880932,1637,2026-08-31,R1_exploratory,rescue_audit/results/R1_MDLM_anc_broad.json
MDLM_anc,A_future,0,pooled_r2,10,P2k_kron_d16,hg,0.14326834104307296,0.2232535041045166,0.68,0.37666666666666665,0.31819249145298006,0.36,0.17243838140963452,389,2026-08-31,R1_exploratory,rescue_audit/results/R1_MDLM_anc_broad.json
MDLM_anc,A_future,0,pooled_r2,10,P2k_kroneOnly_d16,hg,0.13485517841644823,0.22741827164972117,0.6808888888888889,0.36833333333333335,0.32405707235665177,0.36177777777777775,0.16140715478130108,357,2026-08-31,R1_exploratory,rescue_audit/results/R1_MDLM_anc_broad.json
MDLM_anc,A_future,0,pooled_r2,10,P2k_additive_d16,hg,0.1656284116317227,0.2441154923435811,0.6944444444444444,0.375,0.3074114501312933,0.38888888888888884,0.18402209337627007,133,2026-08-31,R1_exploratory,rescue_audit/results/R1_MDLM_anc_broad.json
MDLM_anc,A_future,0,pooled_r2,10,P2k_kron_wc_d16,hg,,0.2365906118479939,0.6907777777777778,0.3933333333333333,0.3063003289515095,0.38155555555555554,0.24394528219095213,389,2026-08-31,R1_exploratory,rescue_audit/results/R1_MDLM_anc_broad.json
MDLM_anc,A_future,0,pooled_r2,10,P2k_additive_wc_d16,hg,,0.24342074856760532,0.6928888888888889,0.36666666666666664,0.31087557681941663,0.3857777777777778,0.25077570651552605,133,2026-08-31,R1_exploratory,rescue_audit/results/R1_MDLM_anc_broad.json
MDLM_anc,A_future,0,pooled_r2,10,P2k_kron_d32,hg,0.12903253892632305,0.21942294207707957,0.6815555555555556,0.355,0.326562293743777,0.3631111111111111,0.16747383733503163,1189,2026-08-31,R1_exploratory,rescue_audit/results/R1_MDLM_anc_broad.json
MDLM_anc,A_future,0,pooled_r2,10,P2k_kroneOnly_d32,hg,0.12937244291640415,0.22669151719579028,0.6822222222222222,0.35,0.3273944202801452,0.36444444444444446,0.1617424763245996,1125,2026-08-31,R1_exploratory,rescue_audit/results/R1_MDLM_anc_broad.json
MDLM_anc,A_future,0,pooled_r2,10,P2k_additive_d32,hg,0.15664275744607603,0.23918417292794336,0.6918888888888889,0.35833333333333334,0.31205578126963796,0.3837777777777778,0.17599456726464247,165,2026-08-31,R1_exploratory,rescue_audit/results/R1_MDLM_anc_broad.json
MDLM_anc,A_future,0,pooled_r2,10,P2k_kron_wc_d32,hg,,0.23420664906933308,0.6895555555555556,0.3616666666666667,0.3153216983111189,0.3791111111111111,0.24366758937839228,1189,2026-08-31,R1_exploratory,rescue_audit/results/R1_MDLM_anc_broad.json
MDLM_anc,A_future,0,pooled_r2,10,P2k_additive_wc_d32,hg,,0.24375267310853466,0.6922222222222222,0.37,0.3096907676697502,0.3844444444444444,0.2501725098632539,165,2026-08-31,R1_exploratory,rescue_audit/results/R1_MDLM_anc_broad.json
MDLM_anc,A_future,0,pooled_r2,10,P13_pls,hg,0.10904757068040583,0.2073648681804101,0.6772222222222222,0.3466666666666667,0.3278845323955787,0.35444444444444445,0.12319635447129096,-1,2026-08-31,R1_exploratory,rescue_audit/results/R1_MDLM_anc_broad.json
MDLM_anc,A_future,0,within_r2,5,P0_cheap,hg,0.13191375834809393,0.23096150722365594,0.6838888888888889,0.3616666666666667,0.3218388990473124,0.3677777777777778,0.2489382588374185,101,2026-08-31,R1_exploratory,rescue_audit/results/R1_MDLM_anc_broad.json
MDLM_anc,A_future,0,within_r2,5,P0_hi,hg,0.11639615532915948,0.17637952590650718,0.6582222222222223,0.3333333333333333,0.3440844075360525,0.3164444444444445,0.18145569947438867,769,2026-08-31,R1_exploratory,rescue_audit/results/R1_MDLM_anc_broad.json
MDLM_anc,A_future,0,within_r2,5,P0_hg,hg,-2.99370665730394,0.0,0.5,0.17,0.5344814776764258,nan,0.0,769,2026-08-31,R1_exploratory,rescue_audit/results/R1_MDLM_anc_broad.json
MDLM_anc,A_future,0,within_r2,5,P0_hi_hg,hg,0.11820201217376458,0.18709951580295792,0.6662222222222223,0.3416666666666667,0.33038798351198545,0.3324444444444444,0.19531503081131596,1537,2026-08-31,R1_exploratory,rescue_audit/results/R1_MDLM_anc_broad.json
MDLM_anc,A_future,0,within_r2,5,P0_cheap+hi,hg,0.14520381229643098,0.24128105540209344,0.6938888888888889,0.38166666666666665,0.30484002709001295,0.38777777777777783,0.25474944124334054,869,2026-08-31,R1_exploratory,rescue_audit/results/R1_MDLM_anc_broad.json
MDLM_anc,A_future,0,within_r2,5,P0_cheap+H,hg,0.153647414138117,0.24472775739562602,0.6928888888888889,0.36666666666666664,0.3115418295903776,0.3857777777777778,0.2571799540141658,1637,2026-08-31,R1_exploratory,rescue_audit/results/R1_MDLM_anc_broad.json
MDLM_anc,A_future,0,within_r2,5,P2k_kron_d16,hg,0.13831904632362035,0.23301846901045864,0.6853333333333333,0.36333333333333334,0.32358085793238534,0.37066666666666664,0.250107719196925,389,2026-08-31,R1_exploratory,rescue_audit/results/R1_MDLM_anc_broad.json
MDLM_anc,A_future,0,within_r2,5,P2k_kroneOnly_d16,hg,0.13333828310519003,0.23126096015991582,0.6837777777777778,0.3566666666666667,0.3242297811850647,0.3675555555555556,0.24911408417241454,357,2026-08-31,R1_exploratory,rescue_audit/results/R1_MDLM_anc_broad.json
MDLM_anc,A_future,0,within_r2,5,P2k_additive_d16,hg,0.1596946643004542,0.245634310058911,0.6978888888888889,0.375,0.3039444556565025,0.3957777777777778,0.25611679333550996,133,2026-08-31,R1_exploratory,rescue_audit/results/R1_MDLM_anc_broad.json
MDLM_anc,A_future,0,within_r2,5,P2k_kron_wc_d16,hg,,0.23406189494304253,0.6892222222222222,0.37,0.31643187496835906,0.3784444444444444,0.24283183783335383,389,2026-08-31,R1_exploratory,rescue_audit/results/R1_MDLM_anc_broad.json
MDLM_anc,A_future,0,within_r2,5,P2k_additive_wc_d16,hg,,0.2445292238660055,0.6925555555555556,0.35833333333333334,0.3143508009440867,0.3851111111111111,0.252707617325275,133,2026-08-31,R1_exploratory,rescue_audit/results/R1_MDLM_anc_broad.json
MDLM_anc,A_future,0,within_r2,5,P2k_kron_d32,hg,0.1390845682464753,0.2274889540192494,0.6847777777777778,0.365,0.31249433200642546,0.3695555555555556,0.2546182099890455,1189,2026-08-31,R1_exploratory,rescue_audit/results/R1_MDLM_anc_broad.json
MDLM_anc,A_future,0,within_r2,5,P2k_kroneOnly_d32,hg,0.13587272113117488,0.2292224872582025,0.684,0.36,0.3247816941236709,0.368,0.25252363818639534,1125,2026-08-31,R1_exploratory,rescue_audit/results/R1_MDLM_anc_broad.json
MDLM_anc,A_future,0,within_r2,5,P2k_additive_d32,hg,0.15364296838580183,0.24293471305369185,0.6946666666666667,0.35333333333333333,0.3173888859738279,0.38933333333333336,0.2569164836880429,165,2026-08-31,R1_exploratory,rescue_audit/results/R1_MDLM_anc_broad.json
MDLM_anc,A_future,0,within_r2,5,P2k_kron_wc_d32,hg,,0.23054494501883283,0.683,0.3616666666666667,0.3257370914875967,0.366,0.24922758102078046,1189,2026-08-31,R1_exploratory,rescue_audit/results/R1_MDLM_anc_broad.json
MDLM_anc,A_future,0,within_r2,5,P2k_additive_wc_d32,hg,,0.24486575081122608,0.6927777777777778,0.35333333333333333,0.3235860271887687,0.38555555555555554,0.25452174277631456,165,2026-08-31,R1_exploratory,rescue_audit/results/R1_MDLM_anc_broad.json
MDLM_anc,A_future,0,within_r2,5,P13_pls,hg,0.08934156357148604,0.17710177484426382,0.6551111111111111,0.30333333333333334,0.3636585529520678,0.31022222222222223,0.19140367862012508,-1,2026-08-31,R1_exploratory,rescue_audit/results/R1_MDLM_anc_broad.json
MDLM_anc,A_future,0,concordance,2,P0_cheap,hg,0.13375679801201568,0.2300710797882366,0.6865555555555556,0.37166666666666665,0.31883541480015254,0.3731111111111111,0.7011111111111111,101,2026-08-31,R1_exploratory,rescue_audit/results/R1_MDLM_anc_broad.json
MDLM_anc,A_future,0,concordance,2,P0_hi,hg,0.08650030564993505,0.13895719526264538,0.6388888888888888,0.3016666666666667,0.36634967008277197,0.27777777777777773,0.6527777777777778,769,2026-08-31,R1_exploratory,rescue_audit/results/R1_MDLM_anc_broad.json
MDLM_anc,A_future,0,concordance,2,P0_hg,hg,-4.542225712242897,0.0,0.5,0.17,0.5344814776764258,nan,0.5,769,2026-08-31,R1_exploratory,rescue_audit/results/R1_MDLM_anc_broad.json
MDLM_anc,A_future,0,concordance,2,P0_hi_hg,hg,0.10516253047204172,0.1558528607920311,0.6482222222222223,0.30833333333333335,0.36088042384792623,0.29644444444444445,0.6574074074074074,1537,2026-08-31,R1_exploratory,rescue_audit/results/R1_MDLM_anc_broad.json
MDLM_anc,A_future,0,concordance,2,P0_cheap+hi,hg,0.14596396787470767,0.2395270495374261,0.6888888888888889,0.3566666666666667,0.3176941378788803,0.3777777777777778,0.7064814814814815,869,2026-08-31,R1_exploratory,rescue_audit/results/R1_MDLM_anc_broad.json
MDLM_anc,A_future,0,concordance,2,P0_cheap+H,hg,0.15289080794627785,0.24336932844449233,0.693,0.36833333333333335,0.30855492992229483,0.38600000000000007,0.707962962962963,1637,2026-08-31,R1_exploratory,rescue_audit/results/R1_MDLM_anc_broad.json
MDLM_anc,A_future,0,concordance,2,P2k_kron_d16,hg,0.13759979162383495,0.22191361365343054,0.6811111111111111,0.36,0.32864139910885676,0.36222222222222217,0.7087037037037037,389,2026-08-31,R1_exploratory,rescue_audit/results/R1_MDLM_anc_broad.json
MDLM_anc,A_future,0,concordance,2,P2k_kroneOnly_d16,hg,0.13403633528200098,0.22792256843135705,0.6824444444444444,0.37833333333333335,0.3184169257668672,0.3648888888888889,0.705925925925926,357,2026-08-31,R1_exploratory,rescue_audit/results/R1_MDLM_anc_broad.json
MDLM_anc,A_future,0,concordance,2,P2k_additive_d16,hg,0.15098263076713936,0.24072655196103354,0.6913333333333334,0.3616666666666667,0.3164660506302038,0.3826666666666667,0.705,133,2026-08-31,R1_exploratory,rescue_audit/results/R1_MDLM_anc_broad.json
MDLM_anc,A_future,0,concordance,2,P2k_kron_wc_d16,hg,,0.23748695927095465,0.6852222222222222,0.37333333333333335,0.31318043279266594,0.3704444444444444,0.247131976202987,389,2026-08-31,R1_exploratory,rescue_audit/results/R1_MDLM_anc_broad.json
MDLM_anc,A_future,0,concordance,2,P2k_additive_wc_d16,hg,,0.24294459596463158,0.6921111111111111,0.35333333333333333,0.3103635433118246,0.38422222222222224,0.2526368354631,133,2026-08-31,R1_exploratory,rescue_audit/results/R1_MDLM_anc_broad.json
MDLM_anc,A_future,0,concordance,2,P2k_kron_d32,hg,0.13312036684824402,0.21575307470242933,0.6802222222222222,0.36,0.32566295140062,0.3604444444444444,0.7087037037037037,1189,2026-08-31,R1_exploratory,rescue_audit/results/R1_MDLM_anc_broad.json
MDLM_anc,A_future,0,concordance,2,P2k_kroneOnly_d32,hg,0.12600048027177835,0.2112407461603404,0.6788888888888889,0.3566666666666667,0.3254844467743072,0.35777777777777775,0.705925925925926,1125,2026-08-31,R1_exploratory,rescue_audit/results/R1_MDLM_anc_broad.json
MDLM_anc,A_future,0,concordance,2,P2k_additive_d32,hg,0.14010855814529244,0.21912733674162244,0.6856666666666666,0.36333333333333334,0.31491216420626833,0.3713333333333333,0.7062962962962963,165,2026-08-31,R1_exploratory,rescue_audit/results/R1_MDLM_anc_broad.json
MDLM_anc,A_future,0,concordance,2,P2k_kron_wc_d32,hg,,0.23097643279808167,0.684,0.365,0.3145379369889581,0.368,0.2457120810578206,1189,2026-08-31,R1_exploratory,rescue_audit/results/R1_MDLM_anc_broad.json
MDLM_anc,A_future,0,concordance,2,P2k_additive_wc_d32,hg,,0.24518917384069305,0.692,0.345,0.324892681254204,0.384,0.2543510382868658,165,2026-08-31,R1_exploratory,rescue_audit/results/R1_MDLM_anc_broad.json
MDLM_anc,A_future,0,concordance,2,P13_pls,hg,0.06831208085663654,0.1339433943495404,0.6328888888888888,0.29333333333333333,0.36782666553299054,0.2657777777777778,0.6535185185185185,-1,2026-08-31,R1_exploratory,rescue_audit/results/R1_MDLM_anc_broad.json
MDLM_anc,A_future,1,pooled_r2,9,P0_cheap,hg,0.1492279711785338,0.20157230833072848,0.6758888888888889,0.325,0.34409000000242157,0.35177777777777774,0.1341539480245285,101,2026-08-31,R1_exploratory,rescue_audit/results/R1_MDLM_anc_broad.json
MDLM_anc,A_future,1,pooled_r2,9,P0_hi,hg,0.12625517424578703,0.16138923307166508,0.66,0.3283333333333333,0.3484503338965915,0.32,0.13217885205123503,769,2026-08-31,R1_exploratory,rescue_audit/results/R1_MDLM_anc_broad.json
MDLM_anc,A_future,1,pooled_r2,9,P0_hg,hg,-2.4511217523892626e-05,0.0,0.5,0.18166666666666667,0.5394480853726094,nan,0.004867295523827142,769,2026-08-31,R1_exploratory,rescue_audit/results/R1_MDLM_anc_broad.json
MDLM_anc,A_future,1,pooled_r2,9,P0_hi_hg,hg,0.13128942221248996,0.17836060124151365,0.6676666666666666,0.35833333333333334,0.3412184512174607,0.3353333333333333,0.1350953128803467,1537,2026-08-31,R1_exploratory,rescue_audit/results/R1_MDLM_anc_broad.json
MDLM_anc,A_future,1,pooled_r2,9,P0_cheap+hi,hg,0.15113909975045825,0.19474299961828412,0.6791111111111111,0.36,0.319698088970583,0.3582222222222222,0.14974631075751754,869,2026-08-31,R1_exploratory,rescue_audit/results/R1_MDLM_anc_broad.json
MDLM_anc,A_future,1,pooled_r2,9,P0_cheap+H,hg,0.15941736686286545,0.21091657331906244,0.6845555555555556,0.36666666666666664,0.3257875699563833,0.3691111111111111,0.15455186882781113,1637,2026-08-31,R1_exploratory,rescue_audit/results/R1_MDLM_anc_broad.json
MDLM_anc,A_future,1,pooled_r2,9,P2k_kron_d16,hg,0.16186718306602654,0.20702469547981495,0.6751111111111111,0.34,0.335544037628278,0.3502222222222222,0.1529814801428817,389,2026-08-31,R1_exploratory,rescue_audit/results/R1_MDLM_anc_broad.json
MDLM_anc,A_future,1,pooled_r2,9,P2k_kroneOnly_d16,hg,0.15204998838761064,0.2027137465781147,0.6722222222222223,0.32,0.3427835733080043,0.34444444444444444,0.14006361290941216,357,2026-08-31,R1_exploratory,rescue_audit/results/R1_MDLM_anc_broad.json
MDLM_anc,A_future,1,pooled_r2,9,P2k_additive_d16,hg,0.16623397537796158,0.21211857762911768,0.6813333333333333,0.3616666666666667,0.3303261140053313,0.36266666666666664,0.16819938807106039,133,2026-08-31,R1_exploratory,rescue_audit/results/R1_MDLM_anc_broad.json
MDLM_anc,A_future,1,pooled_r2,9,P2k_kron_wc_d16,hg,,0.2141419401591741,0.6794444444444444,0.355,0.33575802810935584,0.35888888888888887,0.22282349712309724,389,2026-08-31,R1_exploratory,rescue_audit/results/R1_MDLM_anc_broad.json
MDLM_anc,A_future,1,pooled_r2,9,P2k_additive_wc_d16,hg,,0.2159684244167952,0.6812222222222222,0.375,0.33651018044257375,0.36244444444444446,0.22345000955854732,133,2026-08-31,R1_exploratory,rescue_audit/results/R1_MDLM_anc_broad.json
MDLM_anc,A_future,1,pooled_r2,9,P2k_kron_d32,hg,0.15827217218054757,0.20282611810977857,0.6782222222222222,0.35833333333333334,0.3335897390073144,0.35644444444444445,0.14651780280026028,1189,2026-08-31,R1_exploratory,rescue_audit/results/R1_MDLM_anc_broad.json
MDLM_anc,A_future,1,pooled_r2,9,P2k_kroneOnly_d32,hg,0.1527097788829832,0.20300961631660475,0.6735555555555556,0.3383333333333333,0.33919952828875827,0.34711111111111115,0.13925968557961232,1125,2026-08-31,R1_exploratory,rescue_audit/results/R1_MDLM_anc_broad.json
MDLM_anc,A_future,1,pooled_r2,9,P2k_additive_d32,hg,0.16884462069495842,0.2123165407128258,0.6806666666666666,0.3516666666666667,0.34057137194346304,0.36133333333333334,0.16647058545779136,165,2026-08-31,R1_exploratory,rescue_audit/results/R1_MDLM_anc_broad.json
MDLM_anc,A_future,1,pooled_r2,9,P2k_kron_wc_d32,hg,,0.2126699573109585,0.6775555555555556,0.35,0.3350257228620927,0.3551111111111111,0.22238853317504859,1189,2026-08-31,R1_exploratory,rescue_audit/results/R1_MDLM_anc_broad.json
MDLM_anc,A_future,1,pooled_r2,9,P2k_additive_wc_d32,hg,,0.21601729764884292,0.6837777777777778,0.385,0.3276407219666201,0.3675555555555556,0.22918402135543925,165,2026-08-31,R1_exploratory,rescue_audit/results/R1_MDLM_anc_broad.json
MDLM_anc,A_future,1,pooled_r2,9,P13_pls,hg,0.08911534141516775,0.16315528737317297,0.6581111111111111,0.3516666666666667,0.3481958251483522,0.31622222222222224,0.12360760832974049,-1,2026-08-31,R1_exploratory,rescue_audit/results/R1_MDLM_anc_broad.json
MDLM_anc,A_future,1,within_r2,9,P0_cheap,hg,0.14939076287357944,0.2014290196414812,0.6726666666666666,0.31833333333333336,0.3449173113764576,0.3453333333333333,0.22031570770058184,101,2026-08-31,R1_exploratory,rescue_audit/results/R1_MDLM_anc_broad.json
MDLM_anc,A_future,1,within_r2,9,P0_hi,hg,0.12625517424578703,0.16138923307166508,0.66,0.3283333333333333,0.3484503338965915,0.32,0.1877527498112288,769,2026-08-31,R1_exploratory,rescue_audit/results/R1_MDLM_anc_broad.json
MDLM_anc,A_future,1,within_r2,9,P0_hg,hg,-3.5044896477196916,0.0,0.5,0.18166666666666667,0.5394480853726094,nan,0.0,769,2026-08-31,R1_exploratory,rescue_audit/results/R1_MDLM_anc_broad.json
MDLM_anc,A_future,1,within_r2,9,P0_hi_hg,hg,0.12102300379783837,0.1788451028237118,0.6683333333333333,0.35833333333333334,0.345013819894128,0.33666666666666667,0.19965014878671694,1537,2026-08-31,R1_exploratory,rescue_audit/results/R1_MDLM_anc_broad.json
MDLM_anc,A_future,1,within_r2,9,P0_cheap+hi,hg,0.15924989635087428,0.2081653385598865,0.679,0.365,0.3257145324911363,0.358,0.23209106567011273,869,2026-08-31,R1_exploratory,rescue_audit/results/R1_MDLM_anc_broad.json
MDLM_anc,A_future,1,within_r2,9,P0_cheap+H,hg,0.1538281950175786,0.2123518448886963,0.6846666666666666,0.37333333333333335,0.3270205808385354,0.36933333333333335,0.23237835055680478,1637,2026-08-31,R1_exploratory,rescue_audit/results/R1_MDLM_anc_broad.json
MDLM_anc,A_future,1,within_r2,9,P2k_kron_d16,hg,0.1568853692468375,0.2058675591371566,0.6731111111111111,0.3433333333333333,0.3384362404667211,0.34622222222222226,0.2237844926701491,389,2026-08-31,R1_exploratory,rescue_audit/results/R1_MDLM_anc_broad.json
MDLM_anc,A_future,1,within_r2,9,P2k_kroneOnly_d16,hg,0.14931357188588135,0.202038568971999,0.67,0.34,0.34622467157893666,0.34,0.2217617492620797,357,2026-08-31,R1_exploratory,rescue_audit/results/R1_MDLM_anc_broad.json
MDLM_anc,A_future,1,within_r2,9,P2k_additive_d16,hg,0.16625025550828854,0.21026033120191634,0.6763333333333333,0.3466666666666667,0.334519654609545,0.3526666666666667,0.2247657228969724,133,2026-08-31,R1_exploratory,rescue_audit/results/R1_MDLM_anc_broad.json
MDLM_anc,A_future,1,within_r2,9,P2k_kron_wc_d16,hg,,0.2141419401591741,0.6794444444444444,0.355,0.33575802810935584,0.35888888888888887,0.22282349712309724,389,2026-08-31,R1_exploratory,rescue_audit/results/R1_MDLM_anc_broad.json
MDLM_anc,A_future,1,within_r2,9,P2k_additive_wc_d16,hg,,0.2159684244167952,0.6812222222222222,0.375,0.33651018044257375,0.36244444444444446,0.22345000955854732,133,2026-08-31,R1_exploratory,rescue_audit/results/R1_MDLM_anc_broad.json
MDLM_anc,A_future,1,within_r2,9,P2k_kron_d32,hg,0.1542122837584271,0.20307019785322655,0.6736666666666666,0.3433333333333333,0.3373296475145912,0.34733333333333327,0.22379593675403975,1189,2026-08-31,R1_exploratory,rescue_audit/results/R1_MDLM_anc_broad.json
MDLM_anc,A_future,1,within_r2,9,P2k_kroneOnly_d32,hg,0.14905507486550118,0.20053329169349587,0.6716666666666666,0.3433333333333333,0.33872175304223373,0.3433333333333333,0.22212179099237683,1125,2026-08-31,R1_exploratory,rescue_audit/results/R1_MDLM_anc_broad.json
MDLM_anc,A_future,1,within_r2,9,P2k_additive_d32,hg,0.1683690253830148,0.21079510755090403,0.6774444444444444,0.35,0.33035363286698705,0.3548888888888889,0.22786481420453786,165,2026-08-31,R1_exploratory,rescue_audit/results/R1_MDLM_anc_broad.json
MDLM_anc,A_future,1,within_r2,9,P2k_kron_wc_d32,hg,,0.2126699573109585,0.6775555555555556,0.35,0.3350257228620927,0.3551111111111111,0.22238853317504859,1189,2026-08-31,R1_exploratory,rescue_audit/results/R1_MDLM_anc_broad.json
MDLM_anc,A_future,1,within_r2,9,P2k_additive_wc_d32,hg,,0.21601729764884292,0.6837777777777778,0.385,0.3276407219666201,0.3675555555555556,0.22918402135543925,165,2026-08-31,R1_exploratory,rescue_audit/results/R1_MDLM_anc_broad.json
MDLM_anc,A_future,1,within_r2,9,P13_pls,hg,0.08772845811258934,0.16092819621187082,0.6582222222222223,0.3466666666666667,0.3470041963876593,0.3164444444444445,0.19069353491042784,-1,2026-08-31,R1_exploratory,rescue_audit/results/R1_MDLM_anc_broad.json
MDLM_anc,A_future,1,concordance,6,P0_cheap,hg,0.14709780073146606,0.19942127153676492,0.6746666666666666,0.325,0.34521817452809256,0.3493333333333334,0.6742592592592592,101,2026-08-31,R1_exploratory,rescue_audit/results/R1_MDLM_anc_broad.json
MDLM_anc,A_future,1,concordance,6,P0_hi,hg,0.11461922033411409,0.14984804878989,0.6553333333333333,0.29833333333333334,0.38285880679737583,0.31066666666666665,0.6651851851851852,769,2026-08-31,R1_exploratory,rescue_audit/results/R1_MDLM_anc_broad.json
MDLM_anc,A_future,1,concordance,6,P0_hg,hg,-3.164000553910787,0.0,0.5,0.18166666666666667,0.5394480853726094,nan,0.5,769,2026-08-31,R1_exploratory,rescue_audit/results/R1_MDLM_anc_broad.json
MDLM_anc,A_future,1,concordance,6,P0_hi_hg,hg,0.10535434911567865,0.13433622842775927,0.6626666666666666,0.325,0.36765660909273545,0.3253333333333333,0.6675925925925926,1537,2026-08-31,R1_exploratory,rescue_audit/results/R1_MDLM_anc_broad.json
MDLM_anc,A_future,1,concordance,6,P0_cheap+hi,hg,0.15626388941769587,0.20852178912912545,0.6787777777777778,0.35333333333333333,0.3370745903546331,0.3575555555555556,0.6807407407407408,869,2026-08-31,R1_exploratory,rescue_audit/results/R1_MDLM_anc_broad.json
MDLM_anc,A_future,1,concordance,6,P0_cheap+H,hg,0.16595572752252163,0.21542151902670093,0.6798888888888889,0.35,0.33217881440160646,0.35977777777777775,0.6807407407407408,1637,2026-08-31,R1_exploratory,rescue_audit/results/R1_MDLM_anc_broad.json
MDLM_anc,A_future,1,concordance,6,P2k_kron_d16,hg,0.15235650195605877,0.2025030420326962,0.6743333333333333,0.3283333333333333,0.3397856159586453,0.3486666666666666,0.6785185185185185,389,2026-08-31,R1_exploratory,rescue_audit/results/R1_MDLM_anc_broad.json
MDLM_anc,A_future,1,concordance,6,P2k_kroneOnly_d16,hg,0.14832804441450642,0.20012152813461326,0.6732222222222223,0.32166666666666666,0.3486807448340797,0.34644444444444444,0.675,357,2026-08-31,R1_exploratory,rescue_audit/results/R1_MDLM_anc_broad.json
MDLM_anc,A_future,1,concordance,6,P2k_additive_d16,hg,0.1618225940282213,0.20850534150057642,0.6807777777777778,0.35833333333333334,0.33175577911787446,0.3615555555555556,0.6811111111111111,133,2026-08-31,R1_exploratory,rescue_audit/results/R1_MDLM_anc_broad.json
MDLM_anc,A_future,1,concordance,6,P2k_kron_wc_d16,hg,,0.20985035684425013,0.6783333333333333,0.3466666666666667,0.33763955286378444,0.3566666666666667,0.2191593118584223,389,2026-08-31,R1_exploratory,rescue_audit/results/R1_MDLM_anc_broad.json
MDLM_anc,A_future,1,concordance,6,P2k_additive_wc_d16,hg,,0.21737873711026656,0.6836666666666666,0.36666666666666664,0.33553989571017406,0.36733333333333335,0.22723022718201003,133,2026-08-31,R1_exploratory,rescue_audit/results/R1_MDLM_anc_broad.json
MDLM_anc,A_future,1,concordance,6,P2k_kron_d32,hg,0.15456752339051927,0.20139243373767146,0.671,0.3416666666666667,0.34541899609124455,0.34199999999999997,0.6805555555555556,1189,2026-08-31,R1_exploratory,rescue_audit/results/R1_MDLM_anc_broad.json
MDLM_anc,A_future,1,concordance,6,P2k_kroneOnly_d32,hg,0.14846857679640912,0.19841698621348247,0.6702222222222223,0.32666666666666666,0.3573843830027636,0.34044444444444444,0.6755555555555556,1125,2026-08-31,R1_exploratory,rescue_audit/results/R1_MDLM_anc_broad.json
MDLM_anc,A_future,1,concordance,6,P2k_additive_d32,hg,0.1575221794779984,0.20545560740762092,0.6742222222222222,0.34,0.3488236417841986,0.34844444444444445,0.6846296296296296,165,2026-08-31,R1_exploratory,rescue_audit/results/R1_MDLM_anc_broad.json
MDLM_anc,A_future,1,concordance,6,P2k_kron_wc_d32,hg,,0.21223692504123737,0.6756666666666666,0.3433333333333333,0.3440411342188465,0.35133333333333333,0.22036326202775203,1189,2026-08-31,R1_exploratory,rescue_audit/results/R1_MDLM_anc_broad.json
MDLM_anc,A_future,1,concordance,6,P2k_additive_wc_d32,hg,,0.21457084651501968,0.6796666666666666,0.35,0.3440880108272023,0.3593333333333333,0.228445782406562,165,2026-08-31,R1_exploratory,rescue_audit/results/R1_MDLM_anc_broad.json
MDLM_anc,A_future,1,concordance,6,P13_pls,hg,0.1139195261382775,0.16260213551763558,0.6554444444444445,0.30833333333333335,0.3673761670927805,0.3108888888888889,0.659074074074074,-1,2026-08-31,R1_exploratory,rescue_audit/results/R1_MDLM_anc_broad.json
MDLM_anc,A_future,2,pooled_r2,9,P0_cheap,hg,0.14309850812181946,0.20958621846515968,0.682,0.325,0.34501931063756947,0.364,0.11854647309635968,101,2026-08-31,R1_exploratory,rescue_audit/results/R1_MDLM_anc_broad.json
MDLM_anc,A_future,2,pooled_r2,9,P0_hi,hg,0.12632217506946786,0.18722090466365804,0.6667777777777778,0.275,0.37312996740860327,0.33355555555555555,0.1198882172245821,769,2026-08-31,R1_exploratory,rescue_audit/results/R1_MDLM_anc_broad.json
MDLM_anc,A_future,2,pooled_r2,9,P0_hg,hg,0.0017577286854363328,0.0,0.5,0.145,0.5570590275525962,nan,0.0016622701329438438,769,2026-08-31,R1_exploratory,rescue_audit/results/R1_MDLM_anc_broad.json
MDLM_anc,A_future,2,pooled_r2,9,P0_hi_hg,hg,0.13402772508979277,0.1947629754814686,0.6728888888888889,0.32666666666666666,0.34472050909999313,0.34577777777777774,0.12805087563718787,1537,2026-08-31,R1_exploratory,rescue_audit/results/R1_MDLM_anc_broad.json
MDLM_anc,A_future,2,pooled_r2,9,P0_cheap+hi,hg,0.14934196776623376,0.21661293101841939,0.6838888888888889,0.31166666666666665,0.3413740055004156,0.3677777777777778,0.1340362043033021,869,2026-08-31,R1_exploratory,rescue_audit/results/R1_MDLM_anc_broad.json
MDLM_anc,A_future,2,pooled_r2,9,P0_cheap+H,hg,0.15943656123542294,0.22675019490810266,0.6842222222222222,0.3416666666666667,0.32194507383160553,0.36844444444444446,0.13968972576276417,1637,2026-08-31,R1_exploratory,rescue_audit/results/R1_MDLM_anc_broad.json
MDLM_anc,A_future,2,pooled_r2,9,P2k_kron_d16,hg,0.15445561049410161,0.2066841095587465,0.6817777777777778,0.30833333333333335,0.33334001924878204,0.3635555555555555,0.13460021900334795,389,2026-08-31,R1_exploratory,rescue_audit/results/R1_MDLM_anc_broad.json
MDLM_anc,A_future,2,pooled_r2,9,P2k_kroneOnly_d16,hg,0.14028520462532024,0.1971672329273496,0.6808888888888889,0.32,0.3392425496310702,0.36177777777777775,0.1238006456610743,357,2026-08-31,R1_exploratory,rescue_audit/results/R1_MDLM_anc_broad.json
MDLM_anc,A_future,2,pooled_r2,9,P2k_additive_d16,hg,0.16820342108413455,0.22891695616038532,0.6883333333333334,0.3283333333333333,0.3262958374804938,0.37666666666666665,0.1420949531887078,133,2026-08-31,R1_exploratory,rescue_audit/results/R1_MDLM_anc_broad.json
MDLM_anc,A_future,2,pooled_r2,9,P2k_kron_wc_d16,hg,,0.22693626010802204,0.6817777777777778,0.3466666666666667,0.32114544253512717,0.3635555555555555,0.21604966598494113,389,2026-08-31,R1_exploratory,rescue_audit/results/R1_MDLM_anc_broad.json
MDLM_anc,A_future,2,pooled_r2,9,P2k_additive_wc_d16,hg,,0.2371810527030237,0.6863333333333334,0.3616666666666667,0.30425471498250645,0.3726666666666667,0.21806198816598488,133,2026-08-31,R1_exploratory,rescue_audit/results/R1_MDLM_anc_broad.json
MDLM_anc,A_future,2,pooled_r2,9,P2k_kron_d32,hg,0.15931457106102587,0.22044866129829133,0.6833333333333333,0.31333333333333335,0.34168582657139157,0.36666666666666664,0.12884271608660425,1189,2026-08-31,R1_exploratory,rescue_audit/results/R1_MDLM_anc_broad.json
MDLM_anc,A_future,2,pooled_r2,9,P2k_kroneOnly_d32,hg,0.14783061747206783,0.21236414266803527,0.6808888888888889,0.31166666666666665,0.34734343131924367,0.36177777777777775,0.12405996529922259,1125,2026-08-31,R1_exploratory,rescue_audit/results/R1_MDLM_anc_broad.json
MDLM_anc,A_future,2,pooled_r2,9,P2k_additive_d32,hg,0.168000673498378,0.22962194499706523,0.6862222222222222,0.3416666666666667,0.31739695450935845,0.37244444444444447,0.13976396086683263,165,2026-08-31,R1_exploratory,rescue_audit/results/R1_MDLM_anc_broad.json
MDLM_anc,A_future,2,pooled_r2,9,P2k_kron_wc_d32,hg,,0.23197080520360414,0.6856666666666666,0.3566666666666667,0.3179324169121231,0.37133333333333335,0.214160978979833,1189,2026-08-31,R1_exploratory,rescue_audit/results/R1_MDLM_anc_broad.json
MDLM_anc,A_future,2,pooled_r2,9,P2k_additive_wc_d32,hg,,0.2381517358886689,0.6894444444444444,0.36833333333333335,0.30127997937144424,0.37888888888888883,0.22052831062257716,165,2026-08-31,R1_exploratory,rescue_audit/results/R1_MDLM_anc_broad.json
MDLM_anc,A_future,2,pooled_r2,9,P13_pls,hg,0.10372684661757725,0.18957987144213062,0.6654444444444444,0.3016666666666667,0.3470214279424814,0.3308888888888889,0.09270613807731931,-1,2026-08-31,R1_exploratory,rescue_audit/results/R1_MDLM_anc_broad.json
MDLM_anc,A_future,2,within_r2,10,P0_cheap,hg,0.14762273006166138,0.2162864777085779,0.6825555555555556,0.325,0.34667975518998884,0.3651111111111111,0.2065177756422415,101,2026-08-31,R1_exploratory,rescue_audit/results/R1_MDLM_anc_broad.json
MDLM_anc,A_future,2,within_r2,10,P0_hi,hg,0.11972074880869743,0.18428630430041515,0.6673333333333333,0.30666666666666664,0.3566478564776636,0.33466666666666667,0.17351014184600932,769,2026-08-31,R1_exploratory,rescue_audit/results/R1_MDLM_anc_broad.json
MDLM_anc,A_future,2,within_r2,10,P0_hg,hg,-2.984484174103288,0.0,0.5,0.145,0.5570590275525962,nan,0.0,769,2026-08-31,R1_exploratory,rescue_audit/results/R1_MDLM_anc_broad.json
MDLM_anc,A_future,2,within_r2,10,P0_hi_hg,hg,0.1324296639659448,0.2029878304949474,0.6746666666666666,0.33,0.3338576275610093,0.34933333333333333,0.19680381364869548,1537,2026-08-31,R1_exploratory,rescue_audit/results/R1_MDLM_anc_broad.json
MDLM_anc,A_future,2,within_r2,10,P0_cheap+hi,hg,0.15046846873629804,0.22016220902955286,0.6806666666666666,0.31666666666666665,0.3510675152053838,0.36133333333333334,0.20777592048447335,869,2026-08-31,R1_exploratory,rescue_audit/results/R1_MDLM_anc_broad.json
MDLM_anc,A_future,2,within_r2,10,P0_cheap+H,hg,0.15844977613667444,0.2320474158252701,0.6864444444444444,0.35333333333333333,0.32954552811522797,0.37288888888888894,0.21547134013034852,1637,2026-08-31,R1_exploratory,rescue_audit/results/R1_MDLM_anc_broad.json
MDLM_anc,A_future,2,within_r2,10,P2k_kron_d16,hg,0.15631164910325057,0.22061129397343704,0.681,0.31833333333333336,0.34810880845628617,0.362,0.20977101135860077,389,2026-08-31,R1_exploratory,rescue_audit/results/R1_MDLM_anc_broad.json
MDLM_anc,A_future,2,within_r2,10,P2k_kroneOnly_d16,hg,0.1509537609841589,0.21726531787811587,0.6798888888888889,0.325,0.349630460860049,0.3597777777777778,0.2080343282978916,357,2026-08-31,R1_exploratory,rescue_audit/results/R1_MDLM_anc_broad.json
MDLM_anc,A_future,2,within_r2,10,P2k_additive_d16,hg,0.1709551926726618,0.235901112943947,0.6873333333333334,0.3283333333333333,0.33100604429094754,0.37466666666666665,0.2177387300020086,133,2026-08-31,R1_exploratory,rescue_audit/results/R1_MDLM_anc_broad.json
MDLM_anc,A_future,2,within_r2,10,P2k_kron_wc_d16,hg,,0.22674346516093646,0.6835555555555556,0.34833333333333333,0.3182123866944407,0.3671111111111111,0.22035169163332102,389,2026-08-31,R1_exploratory,rescue_audit/results/R1_MDLM_anc_broad.json
MDLM_anc,A_future,2,within_r2,10,P2k_additive_wc_d16,hg,,0.23525778388902252,0.6882222222222222,0.3566666666666667,0.31220232331018877,0.37644444444444447,0.22044904536658372,133,2026-08-31,R1_exploratory,rescue_audit/results/R1_MDLM_anc_broad.json
MDLM_anc,A_future,2,within_r2,10,P2k_kron_d32,hg,0.1547002375715365,0.2203874847592865,0.6847777777777778,0.30333333333333334,0.34147127068159155,0.3695555555555555,0.21242648944053377,1189,2026-08-31,R1_exploratory,rescue_audit/results/R1_MDLM_anc_broad.json
MDLM_anc,A_future,2,within_r2,10,P2k_kroneOnly_d32,hg,0.14823141742475776,0.21681469162158973,0.683,0.30333333333333334,0.3453188646562752,0.36600000000000005,0.21093686346156648,1125,2026-08-31,R1_exploratory,rescue_audit/results/R1_MDLM_anc_broad.json
MDLM_anc,A_future,2,within_r2,10,P2k_additive_d32,hg,0.16883173755363667,0.23389705312565212,0.6878888888888889,0.33,0.3330534200698382,0.37577777777777777,0.21737973851555947,165,2026-08-31,R1_exploratory,rescue_audit/results/R1_MDLM_anc_broad.json
MDLM_anc,A_future,2,within_r2,10,P2k_kron_wc_d32,hg,,0.23107590537123834,0.6871111111111111,0.3516666666666667,0.31017650322164625,0.37422222222222223,0.21521348184085898,1189,2026-08-31,R1_exploratory,rescue_audit/results/R1_MDLM_anc_broad.json
MDLM_anc,A_future,2,within_r2,10,P2k_additive_wc_d32,hg,,0.235257067687912,0.6914444444444444,0.3616666666666667,0.30906747469137913,0.3828888888888889,0.21919698097581486,165,2026-08-31,R1_exploratory,rescue_audit/results/R1_MDLM_anc_broad.json
MDLM_anc,A_future,2,within_r2,10,P13_pls,hg,0.0983353110411378,0.18704884049898574,0.6692222222222223,0.31166666666666665,0.3559743749921862,0.33844444444444444,0.19027649259955526,-1,2026-08-31,R1_exploratory,rescue_audit/results/R1_MDLM_anc_broad.json
MDLM_anc,A_future,2,concordance,10,P0_cheap,hg,0.12761799190135714,0.19004020278369527,0.6807777777777778,0.32166666666666666,0.34448865899816344,0.3615555555555556,0.6840740740740741,101,2026-08-31,R1_exploratory,rescue_audit/results/R1_MDLM_anc_broad.json
MDLM_anc,A_future,2,concordance,10,P0_hi,hg,0.10359011719048117,0.15564148865478067,0.6716666666666666,0.3233333333333333,0.34231775517726437,0.3433333333333333,0.6744444444444444,769,2026-08-31,R1_exploratory,rescue_audit/results/R1_MDLM_anc_broad.json
MDLM_anc,A_future,2,concordance,10,P0_hg,hg,-2.984484174103288,0.0,0.5,0.145,0.5570590275525962,nan,0.5,769,2026-08-31,R1_exploratory,rescue_audit/results/R1_MDLM_anc_broad.json
MDLM_anc,A_future,2,concordance,10,P0_hi_hg,hg,0.1324296639659448,0.2029878304949474,0.6746666666666666,0.33,0.3338576275610093,0.34933333333333333,0.6792592592592592,1537,2026-08-31,R1_exploratory,rescue_audit/results/R1_MDLM_anc_broad.json
MDLM_anc,A_future,2,concordance,10,P0_cheap+hi,hg,0.13337039050484423,0.19728201611069096,0.6815555555555556,0.33,0.33353009877483564,0.36311111111111105,0.6851851851851852,869,2026-08-31,R1_exploratory,rescue_audit/results/R1_MDLM_anc_broad.json
MDLM_anc,A_future,2,concordance,10,P0_cheap+H,hg,0.16310277418203667,0.23599538518913576,0.6843333333333333,0.34833333333333333,0.324367719856575,0.3686666666666667,0.6877777777777778,1637,2026-08-31,R1_exploratory,rescue_audit/results/R1_MDLM_anc_broad.json
MDLM_anc,A_future,2,concordance,10,P2k_kron_d16,hg,0.05271104329817966,0.07615265990774533,0.6825555555555556,0.33166666666666667,0.3288912359409775,0.3651111111111111,0.6866666666666666,389,2026-08-31,R1_exploratory,rescue_audit/results/R1_MDLM_anc_broad.json
MDLM_anc,A_future,2,concordance,10,P2k_kroneOnly_d16,hg,0.12761773908771445,0.19004001278088944,0.6807777777777778,0.32166666666666666,0.34448865899816344,0.3615555555555556,0.6840740740740741,101,2026-08-31,R1_exploratory,rescue_audit/results/R1_MDLM_anc_broad.json
MDLM_anc,A_future,2,concordance,10,P2k_additive_d16,hg,0.1562737701053769,0.21259491909188477,0.6865555555555556,0.34,0.32234938721233997,0.3731111111111111,0.6853703703703704,133,2026-08-31,R1_exploratory,rescue_audit/results/R1_MDLM_anc_broad.json
MDLM_anc,A_future,2,concordance,10,P2k_kron_wc_d16,hg,,0.22674346516093646,0.6835555555555556,0.34833333333333333,0.3182123866944407,0.3671111111111111,0.22035169163332102,389,2026-08-31,R1_exploratory,rescue_audit/results/R1_MDLM_anc_broad.json
MDLM_anc,A_future,2,concordance,10,P2k_additive_wc_d16,hg,,0.23525778388902252,0.6882222222222222,0.3566666666666667,0.31220232331018877,0.37644444444444447,0.22044904536658372,133,2026-08-31,R1_exploratory,rescue_audit/results/R1_MDLM_anc_broad.json
MDLM_anc,A_future,2,concordance,10,P2k_kron_d32,hg,0.05338717745652222,0.07884583572954551,0.6824444444444444,0.335,0.3203968227680945,0.3648888888888889,0.6887037037037037,1189,2026-08-31,R1_exploratory,rescue_audit/results/R1_MDLM_anc_broad.json
MDLM_anc,A_future,2,concordance,10,P2k_kroneOnly_d32,hg,0.00010418011102064639,0.0004650142642093069,0.6757777777777778,0.3016666666666667,0.3430926985799885,0.35155555555555557,0.6872222222222222,1125,2026-08-31,R1_exploratory,rescue_audit/results/R1_MDLM_anc_broad.json
MDLM_anc,A_future,2,concordance,10,P2k_additive_d32,hg,0.14030661185175175,0.19980259295154024,0.6828888888888889,0.33166666666666667,0.33521662429285365,0.36577777777777776,0.6859259259259259,165,2026-08-31,R1_exploratory,rescue_audit/results/R1_MDLM_anc_broad.json
MDLM_anc,A_future,2,concordance,10,P2k_kron_wc_d32,hg,,0.23107590537123834,0.6871111111111111,0.3516666666666667,0.31017650322164625,0.37422222222222223,0.21521348184085898,1189,2026-08-31,R1_exploratory,rescue_audit/results/R1_MDLM_anc_broad.json
MDLM_anc,A_future,2,concordance,10,P2k_additive_wc_d32,hg,,0.235257067687912,0.6914444444444444,0.3616666666666667,0.30906747469137913,0.3828888888888889,0.21919698097581486,165,2026-08-31,R1_exploratory,rescue_audit/results/R1_MDLM_anc_broad.json
MDLM_anc,A_future,2,concordance,10,P13_pls,hg,0.09804724068142068,0.1869933608826847,0.6695555555555556,0.30333333333333334,0.3589032465532216,0.33911111111111114,0.6724074074074075,-1,2026-08-31,R1_exploratory,rescue_audit/results/R1_MDLM_anc_broad.json
SEDD_anc,A_pertok,0,within_r2,3,P0_cheap,hg,0.5945970604164112,0.6455679403505508,0.8085555555555556,0.44,0.11862172903721772,0.617111111111111,0.6054810416086224,101,2026-08-31,R1_exploratory,rescue_audit/results/R1deep_SEDD_anc_A_pertok_L3.json
SEDD_anc,A_pertok,0,within_r2,3,P0_hi,hg,0.15424071864692812,0.11049672126601118,0.6201111111111111,0.2633333333333333,0.2570889462807754,0.2402222222222222,0.1095724240953726,769,2026-08-31,R1_exploratory,rescue_audit/results/R1deep_SEDD_anc_A_pertok_L3.json
SEDD_anc,A_pertok,0,within_r2,3,P0_hg,hg,-1.2574893842277532,0.0,0.5,0.185,0.4794886861256568,nan,0.0,769,2026-08-31,R1_exploratory,rescue_audit/results/R1deep_SEDD_anc_A_pertok_L3.json
SEDD_anc,A_pertok,0,within_r2,3,P0_hi_hg,hg,0.29527517993927477,0.18863847244563936,0.6463333333333333,0.2633333333333333,0.25632364875956654,0.29266666666666663,0.18334130734859422,1537,2026-08-31,R1_exploratory,rescue_audit/results/R1deep_SEDD_anc_A_pertok_L3.json
SEDD_anc,A_pertok,0,within_r2,3,P0_cheap+hi,hg,0.6127271777951109,0.6487438066116489,0.8117777777777778,0.4483333333333333,0.12554328574196907,0.6235555555555555,0.6109876530611675,869,2026-08-31,R1_exploratory,rescue_audit/results/R1deep_SEDD_anc_A_pertok_L3.json
SEDD_anc,A_pertok,0,within_r2,3,P0_cheap+H,hg,0.6393315863688867,0.6575421471889389,0.8155555555555556,0.4683333333333333,0.11299690032014856,0.6311111111111111,0.6206457580418399,1637,2026-08-31,R1_exploratory,rescue_audit/results/R1deep_SEDD_anc_A_pertok_L3.json
SEDD_anc,A_pertok,0,within_r2,3,P2_bilinear_r2,hg,0.5271550476126253,0.5625280398379764,0.7838888888888889,0.4483333333333333,0.1402865314891093,0.5677777777777777,0.5640706216680822,872,2026-08-31,R1_exploratory,rescue_audit/results/R1deep_SEDD_anc_A_pertok_L3.json
SEDD_anc,A_pertok,0,within_r2,3,P2_bilinear_r4,hg,0.48410746256074066,0.518725148509847,0.7812222222222223,0.435,0.13599593094245568,0.5624444444444445,0.5229967694417796,1384,2026-08-31,R1_exploratory,rescue_audit/results/R1deep_SEDD_anc_A_pertok_L3.json
SEDD_anc,A_pertok,0,within_r2,3,P2_bilinear_r8,hg,0.3410896333289357,0.3596888598506419,0.7492222222222222,0.415,0.16271750410676952,0.4984444444444444,0.40407734410757035,2408,2026-08-31,R1_exploratory,rescue_audit/results/R1deep_SEDD_anc_A_pertok_L3.json
SEDD_anc,A_pertok,0,within_r2,3,P2_bilinear_r16,hg,0.12637130196322155,0.0917366020327881,0.7157777777777777,0.35333333333333333,0.17588726243515984,0.43155555555555547,0.08997701330876573,4456,2026-08-31,R1_exploratory,rescue_audit/results/R1deep_SEDD_anc_A_pertok_L3.json
SEDD_anc,A_pertok,0,within_r2,3,P2_bilinear_r32,hg,-1.3059436603903616,-1.5286851836301443,0.6326666666666667,0.27166666666666667,0.2777686369415532,0.2653333333333333,-1.3849614181534111,8552,2026-08-31,R1_exploratory,rescue_audit/results/R1deep_SEDD_anc_A_pertok_L3.json
SEDD_anc,A_pertok,0,within_r2,3,P2_bilinear_r64,hg,-8.642612468283623,-10.054336434311262,0.5708888888888889,0.24166666666666667,0.3228324634581269,0.14177777777777778,-8.29809436110858,16744,2026-08-31,R1_exploratory,rescue_audit/results/R1deep_SEDD_anc_A_pertok_L3.json
SEDD_anc,A_pertok,0,within_r2,3,P2_bilinear_best,hg,0.5271550476126253,0.5625280398379764,0.7838888888888889,0.4483333333333333,0.1402865314891093,0.5677777777777777,0.5640706216680822,872,2026-08-31,R1_exploratory,rescue_audit/results/R1deep_SEDD_anc_A_pertok_L3.json
SEDD_anc,A_pertok,0,within_r2,3,P2_bilinear_r1,hg,0.5474158682468984,0.5951266224219651,0.8004444444444444,0.45,0.12333189898730827,0.6008888888888888,0.5779655776321939,616,2026-08-31,R1_exploratory,rescue_audit/results/R1deep_SEDD_anc_A_pertok_L3.json
SEDD_anc,A_pertok,0,within_r2,3,P2k_kron_d16,hg,0.6108686394809429,0.6485754282249339,0.8107777777777778,0.4533333333333333,0.11833122516723774,0.6215555555555555,0.6072807200176249,389,2026-08-31,R1_exploratory,rescue_audit/results/R1deep_SEDD_anc_A_pertok_L3.json
SEDD_anc,A_pertok,0,within_r2,3,P2k_kroneOnly_d16,hg,0.5986760061777232,0.6467938469768706,0.8086666666666666,0.44166666666666665,0.12162441094675769,0.6173333333333333,0.6062724639812876,357,2026-08-31,R1_exploratory,rescue_audit/results/R1deep_SEDD_anc_A_pertok_L3.json
SEDD_anc,A_pertok,0,within_r2,3,P2k_additive_d16,hg,0.6310309747636527,0.6568238713752319,0.8126666666666666,0.45666666666666667,0.11425662471240045,0.6253333333333332,0.6190265969317502,133,2026-08-31,R1_exploratory,rescue_audit/results/R1deep_SEDD_anc_A_pertok_L3.json
SEDD_anc,A_pertok,0,within_r2,3,P2k_kron_wc_d16,hg,,0.6289350938317896,0.8131111111111111,0.45,0.12025670235822974,0.6262222222222222,0.5897491481710654,389,2026-08-31,R1_exploratory,rescue_audit/results/R1deep_SEDD_anc_A_pertok_L3.json
SEDD_anc,A_pertok,0,within_r2,3,P2k_additive_wc_d16,hg,,0.6336834306552555,0.8128888888888889,0.4583333333333333,0.11601282407808088,0.6257777777777779,0.5972005938201915,133,2026-08-31,R1_exploratory,rescue_audit/results/R1deep_SEDD_anc_A_pertok_L3.json
SEDD_anc,A_pertok,0,within_r2,3,P2k_kron_d32,hg,0.6147797960390328,0.6468228974679184,0.8102222222222222,0.44666666666666666,0.12212558217943219,0.6204444444444445,0.6091960300592925,1189,2026-08-31,R1_exploratory,rescue_audit/results/R1deep_SEDD_anc_A_pertok_L3.json
SEDD_anc,A_pertok,0,within_r2,3,P2k_kroneOnly_d32,hg,0.603259054732172,0.6469987125872129,0.8094444444444444,0.45166666666666666,0.11796771094297877,0.6188888888888887,0.6078785158905871,1125,2026-08-31,R1_exploratory,rescue_audit/results/R1deep_SEDD_anc_A_pertok_L3.json
SEDD_anc,A_pertok,0,within_r2,3,P2k_additive_d32,hg,0.6339267687758985,0.6567944069914842,0.8114444444444444,0.44666666666666666,0.12035932156367603,0.6228888888888889,0.6190847129319708,165,2026-08-31,R1_exploratory,rescue_audit/results/R1deep_SEDD_anc_A_pertok_L3.json
SEDD_anc,A_pertok,0,within_r2,3,P2k_kron_wc_d32,hg,,0.6279569396852078,0.8108888888888889,0.4583333333333333,0.12360771932329805,0.6217777777777777,0.5917203857279034,1189,2026-08-31,R1_exploratory,rescue_audit/results/R1deep_SEDD_anc_A_pertok_L3.json
SEDD_anc,A_pertok,0,within_r2,3,P2k_additive_wc_d32,hg,,0.635170938331937,0.81,0.445,0.11851815376545659,0.62,0.5984785980318937,165,2026-08-31,R1_exploratory,rescue_audit/results/R1deep_SEDD_anc_A_pertok_L3.json
SEDD_anc,A_pertok,0,within_r2,3,P3_film,hg,0.4458897305029923,0.5663610279281377,0.7875555555555556,0.435,0.13683908071986878,0.575111111111111,0.5374913323238796,25255,2026-08-31,R1_exploratory,rescue_audit/results/R1deep_SEDD_anc_A_pertok_L3.json
SEDD_anc,A_pertok,0,within_r2,3,P4_relmlp_w128,hg,0.47671301725688264,0.5365259469039563,0.7817777777777778,0.43,0.13767366333489167,0.5635555555555556,0.5211724536862781,94977,2026-08-31,R1_exploratory,rescue_audit/results/R1deep_SEDD_anc_A_pertok_L3.json
SEDD_anc,A_pertok,0,within_r2,3,P4_relmlp_w512,hg,0.507010456572926,0.5676607932899848,0.791,0.4533333333333333,0.13122644616760792,0.5819999999999999,0.5353090155529768,379905,2026-08-31,R1_exploratory,rescue_audit/results/R1deep_SEDD_anc_A_pertok_L3.json
SEDD_anc,A_pertok,0,within_r2,3,P4_cheaponly_mlp,hg,0.6131303176632825,0.6512807265227789,0.8106666666666666,0.4683333333333333,0.11749186543349532,0.6213333333333333,0.6137920990337153,52225,2026-08-31,R1_exploratory,rescue_audit/results/R1deep_SEDD_anc_A_pertok_L3.json
SEDD_anc,A_pertok,0,within_r2,3,P5_rff_g0.1,hg,0.5987288131366775,0.6252240842170398,0.7992222222222222,0.4533333333333333,0.126011506074857,0.5984444444444443,0.5773087689081553,1025,2026-08-31,R1_exploratory,rescue_audit/results/R1deep_SEDD_anc_A_pertok_L3.json
SEDD_anc,A_pertok,0,within_r2,3,P5_rff_cheaponly_g0.1,hg,0.6094865551647916,0.6492851277158993,0.8103333333333333,0.4483333333333333,0.1195544201133571,0.6206666666666666,0.611141407663703,1025,2026-08-31,R1_exploratory,rescue_audit/results/R1deep_SEDD_anc_A_pertok_L3.json
SEDD_anc,A_pertok,0,within_r2,3,P5_rff_g1,hg,0.5490818000388102,0.5567618346631968,0.7828888888888889,0.44,0.1351780586660693,0.5657777777777777,0.5104519248136183,1025,2026-08-31,R1_exploratory,rescue_audit/results/R1deep_SEDD_anc_A_pertok_L3.json
SEDD_anc,A_pertok,0,within_r2,3,P5_rff_cheaponly_g1,hg,0.6090210426681038,0.6464774379983027,0.8076666666666666,0.44,0.12433444315613325,0.6153333333333334,0.6129975378814472,1025,2026-08-31,R1_exploratory,rescue_audit/results/R1deep_SEDD_anc_A_pertok_L3.json
SEDD_anc,A_pertok,0,within_r2,3,P5_rff_g10,hg,0.0007259508146816307,0.0035041652341596397,0.5295555555555556,0.19166666666666668,0.42481298820760893,0.059111111111111114,0.00201823381421129,1025,2026-08-31,R1_exploratory,rescue_audit/results/R1deep_SEDD_anc_A_pertok_L3.json
SEDD_anc,A_pertok,0,within_r2,3,P5_rff_cheaponly_g10,hg,0.5551511097376376,0.5854472662659163,0.7861111111111111,0.4116666666666667,0.14855324168089135,0.5722222222222223,0.5432914533221477,1025,2026-08-31,R1_exploratory,rescue_audit/results/R1deep_SEDD_anc_A_pertok_L3.json
SEDD_anc,A_pertok,0,within_r2,3,P5_poly2,hg,0.6063919700715348,0.6266120358275784,0.803,0.4266666666666667,0.13539309751984324,0.606,0.5843253813847165,11175,2026-08-31,R1_exploratory,rescue_audit/results/R1deep_SEDD_anc_A_pertok_L3.json
SEDD_anc,A_pertok,0,within_r2,3,P5_poly2_cheaponly,hg,0.6093609572157606,0.644147981977663,0.8053333333333333,0.44666666666666666,0.12284282412709888,0.6106666666666666,0.6068420614909089,5151,2026-08-31,R1_exploratory,rescue_audit/results/R1deep_SEDD_anc_A_pertok_L3.json
SEDD_anc,A_pertok,0,within_r2,3,P6_boost,hg,0.634617122467737,0.6548378314072196,0.8078888888888889,0.4633333333333333,0.11894048019440928,0.6157777777777778,0.607538067658528,-1,2026-08-31,R1_exploratory,rescue_audit/results/R1deep_SEDD_anc_A_pertok_L3.json
SEDD_anc,A_pertok,0,within_r2,3,P6_boost_cheaponly,hg,0.6101375363803747,0.6434488146729129,0.8006666666666666,0.445,0.12658116848062106,0.6013333333333333,0.6082481220146108,-1,2026-08-31,R1_exploratory,rescue_audit/results/R1deep_SEDD_anc_A_pertok_L3.json
SEDD_anc,A_pertok,0,within_r2,3,P7k_pair_kron_d32,hg,0.026675885708642433,0.0776446029719936,0.5958888888888889,0.21166666666666667,0.3061922914871253,0.19177777777777777,0.09010681143480526,1057,2026-08-31,R1_exploratory,rescue_audit/results/R1deep_SEDD_anc_A_pertok_L3.json
SEDD_anc,A_pertok,0,within_r2,3,P7k_pair_hi_d32,hg,0.04433435468805369,0.14338283984566924,0.6513333333333333,0.29833333333333334,0.23737924976425429,0.30266666666666664,0.14337171255229908,33,2026-08-31,R1_exploratory,rescue_audit/results/R1deep_SEDD_anc_A_pertok_L3.json
SEDD_anc,A_pertok,0,within_r2,3,P7_pair_hi,hg,0.05239481170322269,0.1487167154475001,0.6451111111111111,0.27166666666666667,0.24785473167699568,0.2902222222222222,0.14777822324759027,129,2026-08-31,R1_exploratory,rescue_audit/results/R1deep_SEDD_anc_A_pertok_L3.json
SEDD_anc,A_pertok,0,within_r2,3,P7_pair_hi_x_hg,hg,0.0352678613042563,0.12521143159146808,0.6394444444444445,0.25666666666666665,0.26598602382205866,0.27888888888888885,0.1364214803636924,257,2026-08-31,R1_exploratory,rescue_audit/results/R1deep_SEDD_anc_A_pertok_L3.json
SEDD_anc,A_pertok,0,within_r2,3,P8_ranknet_cand,hg,0.06097023921619238,0.15373526975079088,0.6521111111111111,0.27,0.2475764266669474,0.30422222222222217,0.15566905769340467,33281,2026-08-31,R1_exploratory,rescue_audit/results/R1deep_SEDD_anc_A_pertok_L3.json
SEDD_anc,A_pertok,0,within_r2,3,P8_ranknet_cand_state,hg,0.0484953041541597,0.14023296703562138,0.6487777777777778,0.275,0.25038497830380696,0.2975555555555556,0.14257831343215988,66049,2026-08-31,R1_exploratory,rescue_audit/results/R1deep_SEDD_anc_A_pertok_L3.json
SEDD_anc,A_pertok,0,within_r2,3,P8_ranknet_cheap,hg,0.35622861846824905,0.6034014696641373,0.8144444444444444,0.4633333333333333,0.1143649901445149,0.6288888888888888,0.5740291626872358,26113,2026-08-31,R1_exploratory,rescue_audit/results/R1deep_SEDD_anc_A_pertok_L3.json
SEDD_anc,A_pertok,0,within_r2,3,P8_ranknet_cheap_hidden,hg,0.30028500405087166,0.5141341161747396,0.7994444444444444,0.465,0.12505276083101577,0.5988888888888888,0.47822700580001276,91649,2026-08-31,R1_exploratory,rescue_audit/results/R1deep_SEDD_anc_A_pertok_L3.json
SEDD_anc,A_pertok,0,within_r2,3,P9_list_hidden,hg,0.28773434584349034,0.5264456735189276,0.7915555555555556,0.44166666666666665,0.13157332468517588,0.583111111111111,0.4928462024518315,45825,2026-08-31,R1_exploratory,rescue_audit/results/R1deep_SEDD_anc_A_pertok_L3.json
SEDD_anc,A_pertok,0,within_r2,3,P9_list_cheap,hg,0.44521803251947645,0.6478494400835899,0.8114444444444444,0.4816666666666667,0.11082211413216164,0.6228888888888888,0.6148945026784469,13057,2026-08-31,R1_exploratory,rescue_audit/results/R1deep_SEDD_anc_A_pertok_L3.json
SEDD_anc,A_pertok,0,within_r2,3,P13_pls,hg,0.26219017613283613,0.19226836359208133,0.653,0.285,0.24217079123085944,0.30599999999999994,0.19105128306974384,-1,2026-08-31,R1_exploratory,rescue_audit/results/R1deep_SEDD_anc_A_pertok_L3.json
