result_id,date,experiment_name,status,backbone,model_size,task,dataset,reference_policy,reward_type,target_type,probe_type,feature_type,candidate_or_state_level,layer,timestep,horizon,K,n_documents,n_problems,n_states,n_candidates,n_examples,metric,baseline_value,hidden_value,delta,ci_low,ci_high,p_value,statistical_method,seeds_or_folds,positive_or_negative,headline_candidate,source_path,source_key,notes
REGISTRY_0001,2026-08-31,R1_exploratory,R1_exploratory,MDLM_anc,169.6M,OpenWebText continuations,OpenWebText,MDLM_anc,A_pertok,A_pertok,P0_cheap,hg,candidate within state,3,,,,,,,,,within_r2,,0.5594392852814021,,,,,,,positive,no,rescue_audit/results/R1deep_MDLM_anc_A_pertok_L3.json,registry row 1,Registry inventory entry; exploratory unless promoted by a curated master-table row.
REGISTRY_0002,2026-08-31,R1_exploratory,R1_exploratory,MDLM_anc,169.6M,OpenWebText continuations,OpenWebText,MDLM_anc,A_pertok,A_pertok,P0_hi,hg,candidate within state,3,,,,,,,,,within_r2,,0.08796871510055415,,,,,,,positive,no,rescue_audit/results/R1deep_MDLM_anc_A_pertok_L3.json,registry row 2,Registry inventory entry; exploratory unless promoted by a curated master-table row.
REGISTRY_0003,2026-08-31,R1_exploratory,R1_exploratory,MDLM_anc,169.6M,OpenWebText continuations,OpenWebText,MDLM_anc,A_pertok,A_pertok,P0_hg,hg,candidate within state,3,,,,,,,,,within_r2,,0.0,,,,,,,negative_or_zero,no,rescue_audit/results/R1deep_MDLM_anc_A_pertok_L3.json,registry row 3,Registry inventory entry; exploratory unless promoted by a curated master-table row.
REGISTRY_0004,2026-08-31,R1_exploratory,R1_exploratory,MDLM_anc,169.6M,OpenWebText continuations,OpenWebText,MDLM_anc,A_pertok,A_pertok,P0_hi_hg,hg,candidate within state,3,,,,,,,,,within_r2,,0.14100705023889737,,,,,,,positive,no,rescue_audit/results/R1deep_MDLM_anc_A_pertok_L3.json,registry row 4,Registry inventory entry; exploratory unless promoted by a curated master-table row.
REGISTRY_0005,2026-08-31,R1_exploratory,R1_exploratory,MDLM_anc,169.6M,OpenWebText continuations,OpenWebText,MDLM_anc,A_pertok,A_pertok,P0_cheap+hi,hg,candidate within state,3,,,,,,,,,within_r2,,0.5670779025555397,,,,,,,positive,no,rescue_audit/results/R1deep_MDLM_anc_A_pertok_L3.json,registry row 5,Registry inventory entry; exploratory unless promoted by a curated master-table row.
REGISTRY_0006,2026-08-31,R1_exploratory,R1_exploratory,MDLM_anc,169.6M,OpenWebText continuations,OpenWebText,MDLM_anc,A_pertok,A_pertok,P0_cheap+H,hg,candidate within state,3,,,,,,,,,within_r2,,0.5795553488494618,,,,,,,positive,no,rescue_audit/results/R1deep_MDLM_anc_A_pertok_L3.json,registry row 6,Registry inventory entry; exploratory unless promoted by a curated master-table row.
REGISTRY_0007,2026-08-31,R1_exploratory,R1_exploratory,MDLM_anc,169.6M,OpenWebText continuations,OpenWebText,MDLM_anc,A_pertok,A_pertok,P2_bilinear_r2,hg,candidate within state,3,,,,,,,,,within_r2,,0.4654536034398117,,,,,,,positive,no,rescue_audit/results/R1deep_MDLM_anc_A_pertok_L3.json,registry row 7,Registry inventory entry; exploratory unless promoted by a curated master-table row.
REGISTRY_0008,2026-08-31,R1_exploratory,R1_exploratory,MDLM_anc,169.6M,OpenWebText continuations,OpenWebText,MDLM_anc,A_pertok,A_pertok,P2_bilinear_r4,hg,candidate within state,3,,,,,,,,,within_r2,,0.3938291844263795,,,,,,,positive,no,rescue_audit/results/R1deep_MDLM_anc_A_pertok_L3.json,registry row 8,Registry inventory entry; exploratory unless promoted by a curated master-table row.
REGISTRY_0009,2026-08-31,R1_exploratory,R1_exploratory,MDLM_anc,169.6M,OpenWebText continuations,OpenWebText,MDLM_anc,A_pertok,A_pertok,P2_bilinear_r8,hg,candidate within state,3,,,,,,,,,within_r2,,0.13087145861575722,,,,,,,positive,no,rescue_audit/results/R1deep_MDLM_anc_A_pertok_L3.json,registry row 9,Registry inventory entry; exploratory unless promoted by a curated master-table row.
REGISTRY_0010,2026-08-31,R1_exploratory,R1_exploratory,MDLM_anc,169.6M,OpenWebText continuations,OpenWebText,MDLM_anc,A_pertok,A_pertok,P2_bilinear_r16,hg,candidate within state,3,,,,,,,,,within_r2,,-0.3361764706935455,,,,,,,negative_or_zero,no,rescue_audit/results/R1deep_MDLM_anc_A_pertok_L3.json,registry row 10,Registry inventory entry; exploratory unless promoted by a curated master-table row.
REGISTRY_0011,2026-08-31,R1_exploratory,R1_exploratory,MDLM_anc,169.6M,OpenWebText continuations,OpenWebText,MDLM_anc,A_pertok,A_pertok,P2_bilinear_r32,hg,candidate within state,3,,,,,,,,,within_r2,,-2.8877272996797427,,,,,,,negative_or_zero,no,rescue_audit/results/R1deep_MDLM_anc_A_pertok_L3.json,registry row 11,Registry inventory entry; exploratory unless promoted by a curated master-table row.
REGISTRY_0012,2026-08-31,R1_exploratory,R1_exploratory,MDLM_anc,169.6M,OpenWebText continuations,OpenWebText,MDLM_anc,A_pertok,A_pertok,P2_bilinear_r64,hg,candidate within state,3,,,,,,,,,within_r2,,-13.163119415936825,,,,,,,negative_or_zero,no,rescue_audit/results/R1deep_MDLM_anc_A_pertok_L3.json,registry row 12,Registry inventory entry; exploratory unless promoted by a curated master-table row.
REGISTRY_0013,2026-08-31,R1_exploratory,R1_exploratory,MDLM_anc,169.6M,OpenWebText continuations,OpenWebText,MDLM_anc,A_pertok,A_pertok,P2_bilinear_best,hg,candidate within state,3,,,,,,,,,within_r2,,0.4654536034398117,,,,,,,positive,no,rescue_audit/results/R1deep_MDLM_anc_A_pertok_L3.json,registry row 13,Registry inventory entry; exploratory unless promoted by a curated master-table row.
REGISTRY_0014,2026-08-31,R1_exploratory,R1_exploratory,MDLM_anc,169.6M,OpenWebText continuations,OpenWebText,MDLM_anc,A_pertok,A_pertok,P2_bilinear_r1,hg,candidate within state,3,,,,,,,,,within_r2,,0.5247758531098143,,,,,,,positive,no,rescue_audit/results/R1deep_MDLM_anc_A_pertok_L3.json,registry row 14,Registry inventory entry; exploratory unless promoted by a curated master-table row.
REGISTRY_0015,2026-08-31,R1_exploratory,R1_exploratory,MDLM_anc,169.6M,OpenWebText continuations,OpenWebText,MDLM_anc,A_pertok,A_pertok,P2k_kron_d16,hg,candidate within state,3,,,,,,,,,within_r2,,0.5659672470400361,,,,,,,positive,no,rescue_audit/results/R1deep_MDLM_anc_A_pertok_L3.json,registry row 15,Registry inventory entry; exploratory unless promoted by a curated master-table row.
REGISTRY_0016,2026-08-31,R1_exploratory,R1_exploratory,MDLM_anc,169.6M,OpenWebText continuations,OpenWebText,MDLM_anc,A_pertok,A_pertok,P2k_kroneOnly_d16,hg,candidate within state,3,,,,,,,,,within_r2,,0.5642101473553777,,,,,,,positive,no,rescue_audit/results/R1deep_MDLM_anc_A_pertok_L3.json,registry row 16,Registry inventory entry; exploratory unless promoted by a curated master-table row.
REGISTRY_0017,2026-08-31,R1_exploratory,R1_exploratory,MDLM_anc,169.6M,OpenWebText continuations,OpenWebText,MDLM_anc,A_pertok,A_pertok,P2k_additive_d16,hg,candidate within state,3,,,,,,,,,within_r2,,0.574770042549879,,,,,,,positive,no,rescue_audit/results/R1deep_MDLM_anc_A_pertok_L3.json,registry row 17,Registry inventory entry; exploratory unless promoted by a curated master-table row.
REGISTRY_0018,2026-08-31,R1_exploratory,R1_exploratory,MDLM_anc,169.6M,OpenWebText continuations,OpenWebText,MDLM_anc,A_pertok,A_pertok,P2k_kron_wc_d16,hg,candidate within state,3,,,,,,,,,within_r2,,0.5580162519283727,,,,,,,positive,no,rescue_audit/results/R1deep_MDLM_anc_A_pertok_L3.json,registry row 18,Registry inventory entry; exploratory unless promoted by a curated master-table row.
REGISTRY_0019,2026-08-31,R1_exploratory,R1_exploratory,MDLM_anc,169.6M,OpenWebText continuations,OpenWebText,MDLM_anc,A_pertok,A_pertok,P2k_additive_wc_d16,hg,candidate within state,3,,,,,,,,,within_r2,,0.5610754116643366,,,,,,,positive,no,rescue_audit/results/R1deep_MDLM_anc_A_pertok_L3.json,registry row 19,Registry inventory entry; exploratory unless promoted by a curated master-table row.
REGISTRY_0020,2026-08-31,R1_exploratory,R1_exploratory,MDLM_anc,169.6M,OpenWebText continuations,OpenWebText,MDLM_anc,A_pertok,A_pertok,P2k_kron_d32,hg,candidate within state,3,,,,,,,,,within_r2,,0.5645238893438165,,,,,,,positive,no,rescue_audit/results/R1deep_MDLM_anc_A_pertok_L3.json,registry row 20,Registry inventory entry; exploratory unless promoted by a curated master-table row.
REGISTRY_0021,2026-08-31,R1_exploratory,R1_exploratory,MDLM_anc,169.6M,OpenWebText continuations,OpenWebText,MDLM_anc,A_pertok,A_pertok,P2k_kroneOnly_d32,hg,candidate within state,3,,,,,,,,,within_r2,,0.5630376925380873,,,,,,,positive,no,rescue_audit/results/R1deep_MDLM_anc_A_pertok_L3.json,registry row 21,Registry inventory entry; exploratory unless promoted by a curated master-table row.
REGISTRY_0022,2026-08-31,R1_exploratory,R1_exploratory,MDLM_anc,169.6M,OpenWebText continuations,OpenWebText,MDLM_anc,A_pertok,A_pertok,P2k_additive_d32,hg,candidate within state,3,,,,,,,,,within_r2,,0.5769920665953969,,,,,,,positive,no,rescue_audit/results/R1deep_MDLM_anc_A_pertok_L3.json,registry row 22,Registry inventory entry; exploratory unless promoted by a curated master-table row.
REGISTRY_0023,2026-08-31,R1_exploratory,R1_exploratory,MDLM_anc,169.6M,OpenWebText continuations,OpenWebText,MDLM_anc,A_pertok,A_pertok,P2k_kron_wc_d32,hg,candidate within state,3,,,,,,,,,within_r2,,0.5566316176565962,,,,,,,positive,no,rescue_audit/results/R1deep_MDLM_anc_A_pertok_L3.json,registry row 23,Registry inventory entry; exploratory unless promoted by a curated master-table row.
REGISTRY_0024,2026-08-31,R1_exploratory,R1_exploratory,MDLM_anc,169.6M,OpenWebText continuations,OpenWebText,MDLM_anc,A_pertok,A_pertok,P2k_additive_wc_d32,hg,candidate within state,3,,,,,,,,,within_r2,,0.5616489004583516,,,,,,,positive,no,rescue_audit/results/R1deep_MDLM_anc_A_pertok_L3.json,registry row 24,Registry inventory entry; exploratory unless promoted by a curated master-table row.
REGISTRY_0025,2026-08-31,R1_exploratory,R1_exploratory,MDLM_anc,169.6M,OpenWebText continuations,OpenWebText,MDLM_anc,A_pertok,A_pertok,P3_film,hg,candidate within state,3,,,,,,,,,within_r2,,0.4739495570402894,,,,,,,positive,no,rescue_audit/results/R1deep_MDLM_anc_A_pertok_L3.json,registry row 25,Registry inventory entry; exploratory unless promoted by a curated master-table row.
REGISTRY_0026,2026-08-31,R1_exploratory,R1_exploratory,MDLM_anc,169.6M,OpenWebText continuations,OpenWebText,MDLM_anc,A_pertok,A_pertok,P4_relmlp_w128,hg,candidate within state,3,,,,,,,,,within_r2,,0.4578745023382864,,,,,,,positive,no,rescue_audit/results/R1deep_MDLM_anc_A_pertok_L3.json,registry row 26,Registry inventory entry; exploratory unless promoted by a curated master-table row.
REGISTRY_0027,2026-08-31,R1_exploratory,R1_exploratory,MDLM_anc,169.6M,OpenWebText continuations,OpenWebText,MDLM_anc,A_pertok,A_pertok,P4_relmlp_w512,hg,candidate within state,3,,,,,,,,,within_r2,,0.475401027511274,,,,,,,positive,no,rescue_audit/results/R1deep_MDLM_anc_A_pertok_L3.json,registry row 27,Registry inventory entry; exploratory unless promoted by a curated master-table row.
REGISTRY_0028,2026-08-31,R1_exploratory,R1_exploratory,MDLM_anc,169.6M,OpenWebText continuations,OpenWebText,MDLM_anc,A_pertok,A_pertok,P4_cheaponly_mlp,hg,candidate within state,3,,,,,,,,,within_r2,,0.5666886317465598,,,,,,,positive,no,rescue_audit/results/R1deep_MDLM_anc_A_pertok_L3.json,registry row 28,Registry inventory entry; exploratory unless promoted by a curated master-table row.
REGISTRY_0029,2026-08-31,R1_exploratory,R1_exploratory,MDLM_anc,169.6M,OpenWebText continuations,OpenWebText,MDLM_anc,A_pertok,A_pertok,P5_rff_g0.1,hg,candidate within state,3,,,,,,,,,within_r2,,0.5396790016345457,,,,,,,positive,no,rescue_audit/results/R1deep_MDLM_anc_A_pertok_L3.json,registry row 29,Registry inventory entry; exploratory unless promoted by a curated master-table row.
REGISTRY_0030,2026-08-31,R1_exploratory,R1_exploratory,MDLM_anc,169.6M,OpenWebText continuations,OpenWebText,MDLM_anc,A_pertok,A_pertok,P5_rff_cheaponly_g0.1,hg,candidate within state,3,,,,,,,,,within_r2,,0.5534966842588962,,,,,,,positive,no,rescue_audit/results/R1deep_MDLM_anc_A_pertok_L3.json,registry row 30,Registry inventory entry; exploratory unless promoted by a curated master-table row.
REGISTRY_0031,2026-08-31,R1_exploratory,R1_exploratory,MDLM_anc,169.6M,OpenWebText continuations,OpenWebText,MDLM_anc,A_pertok,A_pertok,P5_rff_g1,hg,candidate within state,3,,,,,,,,,within_r2,,0.4355716632525096,,,,,,,positive,no,rescue_audit/results/R1deep_MDLM_anc_A_pertok_L3.json,registry row 31,Registry inventory entry; exploratory unless promoted by a curated master-table row.
REGISTRY_0032,2026-08-31,R1_exploratory,R1_exploratory,MDLM_anc,169.6M,OpenWebText continuations,OpenWebText,MDLM_anc,A_pertok,A_pertok,P5_rff_cheaponly_g1,hg,candidate within state,3,,,,,,,,,within_r2,,0.5027810258548586,,,,,,,positive,no,rescue_audit/results/R1deep_MDLM_anc_A_pertok_L3.json,registry row 32,Registry inventory entry; exploratory unless promoted by a curated master-table row.
REGISTRY_0033,2026-08-31,R1_exploratory,R1_exploratory,MDLM_anc,169.6M,OpenWebText continuations,OpenWebText,MDLM_anc,A_pertok,A_pertok,P5_rff_g10,hg,candidate within state,3,,,,,,,,,within_r2,,0.00793850906279503,,,,,,,positive,no,rescue_audit/results/R1deep_MDLM_anc_A_pertok_L3.json,registry row 33,Registry inventory entry; exploratory unless promoted by a curated master-table row.
REGISTRY_0034,2026-08-31,R1_exploratory,R1_exploratory,MDLM_anc,169.6M,OpenWebText continuations,OpenWebText,MDLM_anc,A_pertok,A_pertok,P5_rff_cheaponly_g10,hg,candidate within state,3,,,,,,,,,within_r2,,0.011363239221250154,,,,,,,positive,no,rescue_audit/results/R1deep_MDLM_anc_A_pertok_L3.json,registry row 34,Registry inventory entry; exploratory unless promoted by a curated master-table row.
REGISTRY_0035,2026-08-31,R1_exploratory,R1_exploratory,MDLM_anc,169.6M,OpenWebText continuations,OpenWebText,MDLM_anc,A_pertok,A_pertok,P5_poly2,hg,candidate within state,3,,,,,,,,,within_r2,,0.5145179500570003,,,,,,,positive,no,rescue_audit/results/R1deep_MDLM_anc_A_pertok_L3.json,registry row 35,Registry inventory entry; exploratory unless promoted by a curated master-table row.
REGISTRY_0036,2026-08-31,R1_exploratory,R1_exploratory,MDLM_anc,169.6M,OpenWebText continuations,OpenWebText,MDLM_anc,A_pertok,A_pertok,P5_poly2_cheaponly,hg,candidate within state,3,,,,,,,,,within_r2,,0.5279216343535813,,,,,,,positive,no,rescue_audit/results/R1deep_MDLM_anc_A_pertok_L3.json,registry row 36,Registry inventory entry; exploratory unless promoted by a curated master-table row.
REGISTRY_0037,2026-08-31,R1_exploratory,R1_exploratory,MDLM_anc,169.6M,OpenWebText continuations,OpenWebText,MDLM_anc,A_pertok,A_pertok,P6_boost,hg,candidate within state,3,,,,,,,,,within_r2,,0.5767455813647471,,,,,,,positive,no,rescue_audit/results/R1deep_MDLM_anc_A_pertok_L3.json,registry row 37,Registry inventory entry; exploratory unless promoted by a curated master-table row.
REGISTRY_0038,2026-08-31,R1_exploratory,R1_exploratory,MDLM_anc,169.6M,OpenWebText continuations,OpenWebText,MDLM_anc,A_pertok,A_pertok,P6_boost_cheaponly,hg,candidate within state,3,,,,,,,,,within_r2,,0.5630281578694545,,,,,,,positive,no,rescue_audit/results/R1deep_MDLM_anc_A_pertok_L3.json,registry row 38,Registry inventory entry; exploratory unless promoted by a curated master-table row.
REGISTRY_0039,2026-08-31,R1_exploratory,R1_exploratory,MDLM_anc,169.6M,OpenWebText continuations,OpenWebText,MDLM_anc,A_pertok,A_pertok,P7k_pair_kron_d32,hg,candidate within state,3,,,,,,,,,within_r2,,0.02845780248030161,,,,,,,positive,no,rescue_audit/results/R1deep_MDLM_anc_A_pertok_L3.json,registry row 39,Registry inventory entry; exploratory unless promoted by a curated master-table row.
REGISTRY_0040,2026-08-31,R1_exploratory,R1_exploratory,MDLM_anc,169.6M,OpenWebText continuations,OpenWebText,MDLM_anc,A_pertok,A_pertok,P7k_pair_hi_d32,hg,candidate within state,3,,,,,,,,,within_r2,,0.09640788682948676,,,,,,,positive,no,rescue_audit/results/R1deep_MDLM_anc_A_pertok_L3.json,registry row 40,Registry inventory entry; exploratory unless promoted by a curated master-table row.
REGISTRY_0041,2026-08-31,R1_exploratory,R1_exploratory,MDLM_anc,169.6M,OpenWebText continuations,OpenWebText,MDLM_anc,A_pertok,A_pertok,P7_pair_hi,hg,candidate within state,3,,,,,,,,,within_r2,,0.07822988850127355,,,,,,,positive,no,rescue_audit/results/R1deep_MDLM_anc_A_pertok_L3.json,registry row 41,Registry inventory entry; exploratory unless promoted by a curated master-table row.
REGISTRY_0042,2026-08-31,R1_exploratory,R1_exploratory,MDLM_anc,169.6M,OpenWebText continuations,OpenWebText,MDLM_anc,A_pertok,A_pertok,P7_pair_hi_x_hg,hg,candidate within state,3,,,,,,,,,within_r2,,0.07419254148052223,,,,,,,positive,no,rescue_audit/results/R1deep_MDLM_anc_A_pertok_L3.json,registry row 42,Registry inventory entry; exploratory unless promoted by a curated master-table row.
REGISTRY_0043,2026-08-31,R1_exploratory,R1_exploratory,MDLM_anc,169.6M,OpenWebText continuations,OpenWebText,MDLM_anc,A_pertok,A_pertok,P8_ranknet_cand,hg,candidate within state,3,,,,,,,,,within_r2,,0.0771880933035145,,,,,,,positive,no,rescue_audit/results/R1deep_MDLM_anc_A_pertok_L3.json,registry row 43,Registry inventory entry; exploratory unless promoted by a curated master-table row.
REGISTRY_0044,2026-08-31,R1_exploratory,R1_exploratory,MDLM_anc,169.6M,OpenWebText continuations,OpenWebText,MDLM_anc,A_pertok,A_pertok,P8_ranknet_cand_state,hg,candidate within state,3,,,,,,,,,within_r2,,0.0567891725518761,,,,,,,positive,no,rescue_audit/results/R1deep_MDLM_anc_A_pertok_L3.json,registry row 44,Registry inventory entry; exploratory unless promoted by a curated master-table row.
REGISTRY_0045,2026-08-31,R1_exploratory,R1_exploratory,MDLM_anc,169.6M,OpenWebText continuations,OpenWebText,MDLM_anc,A_pertok,A_pertok,P8_ranknet_cheap,hg,candidate within state,3,,,,,,,,,within_r2,,0.5282326136461247,,,,,,,positive,no,rescue_audit/results/R1deep_MDLM_anc_A_pertok_L3.json,registry row 45,Registry inventory entry; exploratory unless promoted by a curated master-table row.
REGISTRY_0046,2026-08-31,R1_exploratory,R1_exploratory,MDLM_anc,169.6M,OpenWebText continuations,OpenWebText,MDLM_anc,A_pertok,A_pertok,P8_ranknet_cheap_hidden,hg,candidate within state,3,,,,,,,,,within_r2,,0.46152005696299836,,,,,,,positive,no,rescue_audit/results/R1deep_MDLM_anc_A_pertok_L3.json,registry row 46,Registry inventory entry; exploratory unless promoted by a curated master-table row.
REGISTRY_0047,2026-08-31,R1_exploratory,R1_exploratory,MDLM_anc,169.6M,OpenWebText continuations,OpenWebText,MDLM_anc,A_pertok,A_pertok,P9_list_hidden,hg,candidate within state,3,,,,,,,,,within_r2,,0.4689699675467992,,,,,,,positive,no,rescue_audit/results/R1deep_MDLM_anc_A_pertok_L3.json,registry row 47,Registry inventory entry; exploratory unless promoted by a curated master-table row.
REGISTRY_0048,2026-08-31,R1_exploratory,R1_exploratory,MDLM_anc,169.6M,OpenWebText continuations,OpenWebText,MDLM_anc,A_pertok,A_pertok,P9_list_cheap,hg,candidate within state,3,,,,,,,,,within_r2,,0.5548432227527313,,,,,,,positive,no,rescue_audit/results/R1deep_MDLM_anc_A_pertok_L3.json,registry row 48,Registry inventory entry; exploratory unless promoted by a curated master-table row.
REGISTRY_0049,2026-08-31,R1_exploratory,R1_exploratory,MDLM_anc,169.6M,OpenWebText continuations,OpenWebText,MDLM_anc,A_pertok,A_pertok,P13_pls,hg,candidate within state,3,,,,,,,,,within_r2,,0.12354293981436515,,,,,,,positive,no,rescue_audit/results/R1deep_MDLM_anc_A_pertok_L3.json,registry row 49,Registry inventory entry; exploratory unless promoted by a curated master-table row.
REGISTRY_0050,2026-08-31,R1_exploratory,R1_exploratory,MDLM_anc,169.6M,OpenWebText continuations,OpenWebText,MDLM_anc,A_pertok,A_pertok,P0_cheap,hg,candidate within state,6,,,,,,,,,within_r2,,0.5594392852814021,,,,,,,positive,no,rescue_audit/results/R1deep_MDLM_anc_A_pertok_L6.json,registry row 50,Registry inventory entry; exploratory unless promoted by a curated master-table row.
REGISTRY_0051,2026-08-31,R1_exploratory,R1_exploratory,MDLM_anc,169.6M,OpenWebText continuations,OpenWebText,MDLM_anc,A_pertok,A_pertok,P0_hi,hg,candidate within state,6,,,,,,,,,within_r2,,0.10641259891118082,,,,,,,positive,no,rescue_audit/results/R1deep_MDLM_anc_A_pertok_L6.json,registry row 51,Registry inventory entry; exploratory unless promoted by a curated master-table row.
REGISTRY_0052,2026-08-31,R1_exploratory,R1_exploratory,MDLM_anc,169.6M,OpenWebText continuations,OpenWebText,MDLM_anc,A_pertok,A_pertok,P0_hg,hg,candidate within state,6,,,,,,,,,within_r2,,0.0,,,,,,,negative_or_zero,no,rescue_audit/results/R1deep_MDLM_anc_A_pertok_L6.json,registry row 52,Registry inventory entry; exploratory unless promoted by a curated master-table row.
REGISTRY_0053,2026-08-31,R1_exploratory,R1_exploratory,MDLM_anc,169.6M,OpenWebText continuations,OpenWebText,MDLM_anc,A_pertok,A_pertok,P0_hi_hg,hg,candidate within state,6,,,,,,,,,within_r2,,0.17299424815413134,,,,,,,positive,no,rescue_audit/results/R1deep_MDLM_anc_A_pertok_L6.json,registry row 53,Registry inventory entry; exploratory unless promoted by a curated master-table row.
REGISTRY_0054,2026-08-31,R1_exploratory,R1_exploratory,MDLM_anc,169.6M,OpenWebText continuations,OpenWebText,MDLM_anc,A_pertok,A_pertok,P0_cheap+hi,hg,candidate within state,6,,,,,,,,,within_r2,,0.5656999090513604,,,,,,,positive,no,rescue_audit/results/R1deep_MDLM_anc_A_pertok_L6.json,registry row 54,Registry inventory entry; exploratory unless promoted by a curated master-table row.
REGISTRY_0055,2026-08-31,R1_exploratory,R1_exploratory,MDLM_anc,169.6M,OpenWebText continuations,OpenWebText,MDLM_anc,A_pertok,A_pertok,P0_cheap+H,hg,candidate within state,6,,,,,,,,,within_r2,,0.5828456474619359,,,,,,,positive,no,rescue_audit/results/R1deep_MDLM_anc_A_pertok_L6.json,registry row 55,Registry inventory entry; exploratory unless promoted by a curated master-table row.
REGISTRY_0056,2026-08-31,R1_exploratory,R1_exploratory,MDLM_anc,169.6M,OpenWebText continuations,OpenWebText,MDLM_anc,A_pertok,A_pertok,P2_bilinear_r2,hg,candidate within state,6,,,,,,,,,within_r2,,0.5091132324108831,,,,,,,positive,no,rescue_audit/results/R1deep_MDLM_anc_A_pertok_L6.json,registry row 56,Registry inventory entry; exploratory unless promoted by a curated master-table row.
REGISTRY_0057,2026-08-31,R1_exploratory,R1_exploratory,MDLM_anc,169.6M,OpenWebText continuations,OpenWebText,MDLM_anc,A_pertok,A_pertok,P2_bilinear_r4,hg,candidate within state,6,,,,,,,,,within_r2,,0.45208391730122643,,,,,,,positive,no,rescue_audit/results/R1deep_MDLM_anc_A_pertok_L6.json,registry row 57,Registry inventory entry; exploratory unless promoted by a curated master-table row.
REGISTRY_0058,2026-08-31,R1_exploratory,R1_exploratory,MDLM_anc,169.6M,OpenWebText continuations,OpenWebText,MDLM_anc,A_pertok,A_pertok,P2_bilinear_r8,hg,candidate within state,6,,,,,,,,,within_r2,,0.3702275053776679,,,,,,,positive,no,rescue_audit/results/R1deep_MDLM_anc_A_pertok_L6.json,registry row 58,Registry inventory entry; exploratory unless promoted by a curated master-table row.
REGISTRY_0059,2026-08-31,R1_exploratory,R1_exploratory,MDLM_anc,169.6M,OpenWebText continuations,OpenWebText,MDLM_anc,A_pertok,A_pertok,P2_bilinear_r16,hg,candidate within state,6,,,,,,,,,within_r2,,0.12299120441891476,,,,,,,positive,no,rescue_audit/results/R1deep_MDLM_anc_A_pertok_L6.json,registry row 59,Registry inventory entry; exploratory unless promoted by a curated master-table row.
REGISTRY_0060,2026-08-31,R1_exploratory,R1_exploratory,MDLM_anc,169.6M,OpenWebText continuations,OpenWebText,MDLM_anc,A_pertok,A_pertok,P2_bilinear_r32,hg,candidate within state,6,,,,,,,,,within_r2,,-1.4068475674834486,,,,,,,negative_or_zero,no,rescue_audit/results/R1deep_MDLM_anc_A_pertok_L6.json,registry row 60,Registry inventory entry; exploratory unless promoted by a curated master-table row.
REGISTRY_0061,2026-08-31,R1_exploratory,R1_exploratory,MDLM_anc,169.6M,OpenWebText continuations,OpenWebText,MDLM_anc,A_pertok,A_pertok,P2_bilinear_r64,hg,candidate within state,6,,,,,,,,,within_r2,,-7.732064520284776,,,,,,,negative_or_zero,no,rescue_audit/results/R1deep_MDLM_anc_A_pertok_L6.json,registry row 61,Registry inventory entry; exploratory unless promoted by a curated master-table row.
REGISTRY_0062,2026-08-31,R1_exploratory,R1_exploratory,MDLM_anc,169.6M,OpenWebText continuations,OpenWebText,MDLM_anc,A_pertok,A_pertok,P2_bilinear_best,hg,candidate within state,6,,,,,,,,,within_r2,,0.5091132324108831,,,,,,,positive,no,rescue_audit/results/R1deep_MDLM_anc_A_pertok_L6.json,registry row 62,Registry inventory entry; exploratory unless promoted by a curated master-table row.
REGISTRY_0063,2026-08-31,R1_exploratory,R1_exploratory,MDLM_anc,169.6M,OpenWebText continuations,OpenWebText,MDLM_anc,A_pertok,A_pertok,P2_bilinear_r1,hg,candidate within state,6,,,,,,,,,within_r2,,0.5359544458363088,,,,,,,positive,no,rescue_audit/results/R1deep_MDLM_anc_A_pertok_L6.json,registry row 63,Registry inventory entry; exploratory unless promoted by a curated master-table row.
REGISTRY_0064,2026-08-31,R1_exploratory,R1_exploratory,MDLM_anc,169.6M,OpenWebText continuations,OpenWebText,MDLM_anc,A_pertok,A_pertok,P2k_kron_d16,hg,candidate within state,6,,,,,,,,,within_r2,,0.5693363336935601,,,,,,,positive,no,rescue_audit/results/R1deep_MDLM_anc_A_pertok_L6.json,registry row 64,Registry inventory entry; exploratory unless promoted by a curated master-table row.
REGISTRY_0065,2026-08-31,R1_exploratory,R1_exploratory,MDLM_anc,169.6M,OpenWebText continuations,OpenWebText,MDLM_anc,A_pertok,A_pertok,P2k_kroneOnly_d16,hg,candidate within state,6,,,,,,,,,within_r2,,0.5638469548550136,,,,,,,positive,no,rescue_audit/results/R1deep_MDLM_anc_A_pertok_L6.json,registry row 65,Registry inventory entry; exploratory unless promoted by a curated master-table row.
REGISTRY_0066,2026-08-31,R1_exploratory,R1_exploratory,MDLM_anc,169.6M,OpenWebText continuations,OpenWebText,MDLM_anc,A_pertok,A_pertok,P2k_additive_d16,hg,candidate within state,6,,,,,,,,,within_r2,,0.5829421575649746,,,,,,,positive,no,rescue_audit/results/R1deep_MDLM_anc_A_pertok_L6.json,registry row 66,Registry inventory entry; exploratory unless promoted by a curated master-table row.
REGISTRY_0067,2026-08-31,R1_exploratory,R1_exploratory,MDLM_anc,169.6M,OpenWebText continuations,OpenWebText,MDLM_anc,A_pertok,A_pertok,P2k_kron_wc_d16,hg,candidate within state,6,,,,,,,,,within_r2,,0.5592573144220245,,,,,,,positive,no,rescue_audit/results/R1deep_MDLM_anc_A_pertok_L6.json,registry row 67,Registry inventory entry; exploratory unless promoted by a curated master-table row.
REGISTRY_0068,2026-08-31,R1_exploratory,R1_exploratory,MDLM_anc,169.6M,OpenWebText continuations,OpenWebText,MDLM_anc,A_pertok,A_pertok,P2k_additive_wc_d16,hg,candidate within state,6,,,,,,,,,within_r2,,0.566283502207412,,,,,,,positive,no,rescue_audit/results/R1deep_MDLM_anc_A_pertok_L6.json,registry row 68,Registry inventory entry; exploratory unless promoted by a curated master-table row.
REGISTRY_0069,2026-08-31,R1_exploratory,R1_exploratory,MDLM_anc,169.6M,OpenWebText continuations,OpenWebText,MDLM_anc,A_pertok,A_pertok,P2k_kron_d32,hg,candidate within state,6,,,,,,,,,within_r2,,0.5625696817020794,,,,,,,positive,no,rescue_audit/results/R1deep_MDLM_anc_A_pertok_L6.json,registry row 69,Registry inventory entry; exploratory unless promoted by a curated master-table row.
REGISTRY_0070,2026-08-31,R1_exploratory,R1_exploratory,MDLM_anc,169.6M,OpenWebText continuations,OpenWebText,MDLM_anc,A_pertok,A_pertok,P2k_kroneOnly_d32,hg,candidate within state,6,,,,,,,,,within_r2,,0.561965477671843,,,,,,,positive,no,rescue_audit/results/R1deep_MDLM_anc_A_pertok_L6.json,registry row 70,Registry inventory entry; exploratory unless promoted by a curated master-table row.
REGISTRY_0071,2026-08-31,R1_exploratory,R1_exploratory,MDLM_anc,169.6M,OpenWebText continuations,OpenWebText,MDLM_anc,A_pertok,A_pertok,P2k_additive_d32,hg,candidate within state,6,,,,,,,,,within_r2,,0.5835190007054489,,,,,,,positive,no,rescue_audit/results/R1deep_MDLM_anc_A_pertok_L6.json,registry row 71,Registry inventory entry; exploratory unless promoted by a curated master-table row.
REGISTRY_0072,2026-08-31,R1_exploratory,R1_exploratory,MDLM_anc,169.6M,OpenWebText continuations,OpenWebText,MDLM_anc,A_pertok,A_pertok,P2k_kron_wc_d32,hg,candidate within state,6,,,,,,,,,within_r2,,0.5570967676139552,,,,,,,positive,no,rescue_audit/results/R1deep_MDLM_anc_A_pertok_L6.json,registry row 72,Registry inventory entry; exploratory unless promoted by a curated master-table row.
REGISTRY_0073,2026-08-31,R1_exploratory,R1_exploratory,MDLM_anc,169.6M,OpenWebText continuations,OpenWebText,MDLM_anc,A_pertok,A_pertok,P2k_additive_wc_d32,hg,candidate within state,6,,,,,,,,,within_r2,,0.5665671790407323,,,,,,,positive,no,rescue_audit/results/R1deep_MDLM_anc_A_pertok_L6.json,registry row 73,Registry inventory entry; exploratory unless promoted by a curated master-table row.
REGISTRY_0074,2026-08-31,R1_exploratory,R1_exploratory,MDLM_anc,169.6M,OpenWebText continuations,OpenWebText,MDLM_anc,A_pertok,A_pertok,P3_film,hg,candidate within state,6,,,,,,,,,within_r2,,0.47707615862067,,,,,,,positive,no,rescue_audit/results/R1deep_MDLM_anc_A_pertok_L6.json,registry row 74,Registry inventory entry; exploratory unless promoted by a curated master-table row.
REGISTRY_0075,2026-08-31,R1_exploratory,R1_exploratory,MDLM_anc,169.6M,OpenWebText continuations,OpenWebText,MDLM_anc,A_pertok,A_pertok,P4_relmlp_w128,hg,candidate within state,6,,,,,,,,,within_r2,,0.4677359580616337,,,,,,,positive,no,rescue_audit/results/R1deep_MDLM_anc_A_pertok_L6.json,registry row 75,Registry inventory entry; exploratory unless promoted by a curated master-table row.
REGISTRY_0076,2026-08-31,R1_exploratory,R1_exploratory,MDLM_anc,169.6M,OpenWebText continuations,OpenWebText,MDLM_anc,A_pertok,A_pertok,P4_relmlp_w512,hg,candidate within state,6,,,,,,,,,within_r2,,0.49869339537787427,,,,,,,positive,no,rescue_audit/results/R1deep_MDLM_anc_A_pertok_L6.json,registry row 76,Registry inventory entry; exploratory unless promoted by a curated master-table row.
REGISTRY_0077,2026-08-31,R1_exploratory,R1_exploratory,MDLM_anc,169.6M,OpenWebText continuations,OpenWebText,MDLM_anc,A_pertok,A_pertok,P4_cheaponly_mlp,hg,candidate within state,6,,,,,,,,,within_r2,,0.5666886317465598,,,,,,,positive,no,rescue_audit/results/R1deep_MDLM_anc_A_pertok_L6.json,registry row 77,Registry inventory entry; exploratory unless promoted by a curated master-table row.
REGISTRY_0078,2026-08-31,R1_exploratory,R1_exploratory,MDLM_anc,169.6M,OpenWebText continuations,OpenWebText,MDLM_anc,A_pertok,A_pertok,P5_rff_g0.1,hg,candidate within state,6,,,,,,,,,within_r2,,0.5422228834729622,,,,,,,positive,no,rescue_audit/results/R1deep_MDLM_anc_A_pertok_L6.json,registry row 78,Registry inventory entry; exploratory unless promoted by a curated master-table row.
REGISTRY_0079,2026-08-31,R1_exploratory,R1_exploratory,MDLM_anc,169.6M,OpenWebText continuations,OpenWebText,MDLM_anc,A_pertok,A_pertok,P5_rff_cheaponly_g0.1,hg,candidate within state,6,,,,,,,,,within_r2,,0.5534966842588962,,,,,,,positive,no,rescue_audit/results/R1deep_MDLM_anc_A_pertok_L6.json,registry row 79,Registry inventory entry; exploratory unless promoted by a curated master-table row.
REGISTRY_0080,2026-08-31,R1_exploratory,R1_exploratory,MDLM_anc,169.6M,OpenWebText continuations,OpenWebText,MDLM_anc,A_pertok,A_pertok,P5_rff_g1,hg,candidate within state,6,,,,,,,,,within_r2,,0.43121098025864757,,,,,,,positive,no,rescue_audit/results/R1deep_MDLM_anc_A_pertok_L6.json,registry row 80,Registry inventory entry; exploratory unless promoted by a curated master-table row.
REGISTRY_0081,2026-08-31,R1_exploratory,R1_exploratory,MDLM_anc,169.6M,OpenWebText continuations,OpenWebText,MDLM_anc,A_pertok,A_pertok,P5_rff_cheaponly_g1,hg,candidate within state,6,,,,,,,,,within_r2,,0.5027810258548586,,,,,,,positive,no,rescue_audit/results/R1deep_MDLM_anc_A_pertok_L6.json,registry row 81,Registry inventory entry; exploratory unless promoted by a curated master-table row.
REGISTRY_0082,2026-08-31,R1_exploratory,R1_exploratory,MDLM_anc,169.6M,OpenWebText continuations,OpenWebText,MDLM_anc,A_pertok,A_pertok,P5_rff_g10,hg,candidate within state,6,,,,,,,,,within_r2,,0.00048233253777951735,,,,,,,positive,no,rescue_audit/results/R1deep_MDLM_anc_A_pertok_L6.json,registry row 82,Registry inventory entry; exploratory unless promoted by a curated master-table row.
REGISTRY_0083,2026-08-31,R1_exploratory,R1_exploratory,MDLM_anc,169.6M,OpenWebText continuations,OpenWebText,MDLM_anc,A_pertok,A_pertok,P5_rff_cheaponly_g10,hg,candidate within state,6,,,,,,,,,within_r2,,0.011363239221250154,,,,,,,positive,no,rescue_audit/results/R1deep_MDLM_anc_A_pertok_L6.json,registry row 83,Registry inventory entry; exploratory unless promoted by a curated master-table row.
REGISTRY_0084,2026-08-31,R1_exploratory,R1_exploratory,MDLM_anc,169.6M,OpenWebText continuations,OpenWebText,MDLM_anc,A_pertok,A_pertok,P5_poly2,hg,candidate within state,6,,,,,,,,,within_r2,,0.5180951463187362,,,,,,,positive,no,rescue_audit/results/R1deep_MDLM_anc_A_pertok_L6.json,registry row 84,Registry inventory entry; exploratory unless promoted by a curated master-table row.
REGISTRY_0085,2026-08-31,R1_exploratory,R1_exploratory,MDLM_anc,169.6M,OpenWebText continuations,OpenWebText,MDLM_anc,A_pertok,A_pertok,P5_poly2_cheaponly,hg,candidate within state,6,,,,,,,,,within_r2,,0.5279216343535813,,,,,,,positive,no,rescue_audit/results/R1deep_MDLM_anc_A_pertok_L6.json,registry row 85,Registry inventory entry; exploratory unless promoted by a curated master-table row.
REGISTRY_0086,2026-08-31,R1_exploratory,R1_exploratory,MDLM_anc,169.6M,OpenWebText continuations,OpenWebText,MDLM_anc,A_pertok,A_pertok,P6_boost,hg,candidate within state,6,,,,,,,,,within_r2,,0.5858976247884092,,,,,,,positive,no,rescue_audit/results/R1deep_MDLM_anc_A_pertok_L6.json,registry row 86,Registry inventory entry; exploratory unless promoted by a curated master-table row.
REGISTRY_0087,2026-08-31,R1_exploratory,R1_exploratory,MDLM_anc,169.6M,OpenWebText continuations,OpenWebText,MDLM_anc,A_pertok,A_pertok,P6_boost_cheaponly,hg,candidate within state,6,,,,,,,,,within_r2,,0.5630281578694545,,,,,,,positive,no,rescue_audit/results/R1deep_MDLM_anc_A_pertok_L6.json,registry row 87,Registry inventory entry; exploratory unless promoted by a curated master-table row.
REGISTRY_0088,2026-08-31,R1_exploratory,R1_exploratory,MDLM_anc,169.6M,OpenWebText continuations,OpenWebText,MDLM_anc,A_pertok,A_pertok,P7k_pair_kron_d32,hg,candidate within state,6,,,,,,,,,within_r2,,0.06860781646265646,,,,,,,positive,no,rescue_audit/results/R1deep_MDLM_anc_A_pertok_L6.json,registry row 88,Registry inventory entry; exploratory unless promoted by a curated master-table row.
REGISTRY_0089,2026-08-31,R1_exploratory,R1_exploratory,MDLM_anc,169.6M,OpenWebText continuations,OpenWebText,MDLM_anc,A_pertok,A_pertok,P7k_pair_hi_d32,hg,candidate within state,6,,,,,,,,,within_r2,,0.10367716055015563,,,,,,,positive,no,rescue_audit/results/R1deep_MDLM_anc_A_pertok_L6.json,registry row 89,Registry inventory entry; exploratory unless promoted by a curated master-table row.
REGISTRY_0090,2026-08-31,R1_exploratory,R1_exploratory,MDLM_anc,169.6M,OpenWebText continuations,OpenWebText,MDLM_anc,A_pertok,A_pertok,P7_pair_hi,hg,candidate within state,6,,,,,,,,,within_r2,,0.1321734759818426,,,,,,,positive,no,rescue_audit/results/R1deep_MDLM_anc_A_pertok_L6.json,registry row 90,Registry inventory entry; exploratory unless promoted by a curated master-table row.
REGISTRY_0091,2026-08-31,R1_exploratory,R1_exploratory,MDLM_anc,169.6M,OpenWebText continuations,OpenWebText,MDLM_anc,A_pertok,A_pertok,P7_pair_hi_x_hg,hg,candidate within state,6,,,,,,,,,within_r2,,0.11579718619136048,,,,,,,positive,no,rescue_audit/results/R1deep_MDLM_anc_A_pertok_L6.json,registry row 91,Registry inventory entry; exploratory unless promoted by a curated master-table row.
REGISTRY_0092,2026-08-31,R1_exploratory,R1_exploratory,MDLM_anc,169.6M,OpenWebText continuations,OpenWebText,MDLM_anc,A_pertok,A_pertok,P8_ranknet_cand,hg,candidate within state,6,,,,,,,,,within_r2,,0.1367638649217755,,,,,,,positive,no,rescue_audit/results/R1deep_MDLM_anc_A_pertok_L6.json,registry row 92,Registry inventory entry; exploratory unless promoted by a curated master-table row.
REGISTRY_0093,2026-08-31,R1_exploratory,R1_exploratory,MDLM_anc,169.6M,OpenWebText continuations,OpenWebText,MDLM_anc,A_pertok,A_pertok,P8_ranknet_cand_state,hg,candidate within state,6,,,,,,,,,within_r2,,0.1356931103443234,,,,,,,positive,no,rescue_audit/results/R1deep_MDLM_anc_A_pertok_L6.json,registry row 93,Registry inventory entry; exploratory unless promoted by a curated master-table row.
REGISTRY_0094,2026-08-31,R1_exploratory,R1_exploratory,MDLM_anc,169.6M,OpenWebText continuations,OpenWebText,MDLM_anc,A_pertok,A_pertok,P8_ranknet_cheap,hg,candidate within state,6,,,,,,,,,within_r2,,0.5282326136461247,,,,,,,positive,no,rescue_audit/results/R1deep_MDLM_anc_A_pertok_L6.json,registry row 94,Registry inventory entry; exploratory unless promoted by a curated master-table row.
REGISTRY_0095,2026-08-31,R1_exploratory,R1_exploratory,MDLM_anc,169.6M,OpenWebText continuations,OpenWebText,MDLM_anc,A_pertok,A_pertok,P8_ranknet_cheap_hidden,hg,candidate within state,6,,,,,,,,,within_r2,,0.4613990258878954,,,,,,,positive,no,rescue_audit/results/R1deep_MDLM_anc_A_pertok_L6.json,registry row 95,Registry inventory entry; exploratory unless promoted by a curated master-table row.
REGISTRY_0096,2026-08-31,R1_exploratory,R1_exploratory,MDLM_anc,169.6M,OpenWebText continuations,OpenWebText,MDLM_anc,A_pertok,A_pertok,P9_list_hidden,hg,candidate within state,6,,,,,,,,,within_r2,,0.48966281738296336,,,,,,,positive,no,rescue_audit/results/R1deep_MDLM_anc_A_pertok_L6.json,registry row 96,Registry inventory entry; exploratory unless promoted by a curated master-table row.
REGISTRY_0097,2026-08-31,R1_exploratory,R1_exploratory,MDLM_anc,169.6M,OpenWebText continuations,OpenWebText,MDLM_anc,A_pertok,A_pertok,P9_list_cheap,hg,candidate within state,6,,,,,,,,,within_r2,,0.5548432227527313,,,,,,,positive,no,rescue_audit/results/R1deep_MDLM_anc_A_pertok_L6.json,registry row 97,Registry inventory entry; exploratory unless promoted by a curated master-table row.
REGISTRY_0098,2026-08-31,R1_exploratory,R1_exploratory,MDLM_anc,169.6M,OpenWebText continuations,OpenWebText,MDLM_anc,A_pertok,A_pertok,P13_pls,hg,candidate within state,6,,,,,,,,,within_r2,,0.16237231260438045,,,,,,,positive,no,rescue_audit/results/R1deep_MDLM_anc_A_pertok_L6.json,registry row 98,Registry inventory entry; exploratory unless promoted by a curated master-table row.
REGISTRY_0099,2026-08-31,R1_exploratory,R1_exploratory,MDLM_anc,169.6M,OpenWebText continuations,OpenWebText,MDLM_anc,A_pertok,A_pertok,P0_cheap,hg,candidate within state,9,,,,,,,,,within_r2,,0.5594392852814021,,,,,,,positive,no,rescue_audit/results/R1deep_MDLM_anc_A_pertok_L9.json,registry row 99,Registry inventory entry; exploratory unless promoted by a curated master-table row.
REGISTRY_0100,2026-08-31,R1_exploratory,R1_exploratory,MDLM_anc,169.6M,OpenWebText continuations,OpenWebText,MDLM_anc,A_pertok,A_pertok,P0_hi,hg,candidate within state,9,,,,,,,,,within_r2,,0.14524688999401325,,,,,,,positive,no,rescue_audit/results/R1deep_MDLM_anc_A_pertok_L9.json,registry row 100,Registry inventory entry; exploratory unless promoted by a curated master-table row.
REGISTRY_0101,2026-08-31,R1_exploratory,R1_exploratory,MDLM_anc,169.6M,OpenWebText continuations,OpenWebText,MDLM_anc,A_pertok,A_pertok,P0_hg,hg,candidate within state,9,,,,,,,,,within_r2,,0.0,,,,,,,negative_or_zero,no,rescue_audit/results/R1deep_MDLM_anc_A_pertok_L9.json,registry row 101,Registry inventory entry; exploratory unless promoted by a curated master-table row.
REGISTRY_0102,2026-08-31,R1_exploratory,R1_exploratory,MDLM_anc,169.6M,OpenWebText continuations,OpenWebText,MDLM_anc,A_pertok,A_pertok,P0_hi_hg,hg,candidate within state,9,,,,,,,,,within_r2,,0.21632804534739747,,,,,,,positive,no,rescue_audit/results/R1deep_MDLM_anc_A_pertok_L9.json,registry row 102,Registry inventory entry; exploratory unless promoted by a curated master-table row.
REGISTRY_0103,2026-08-31,R1_exploratory,R1_exploratory,MDLM_anc,169.6M,OpenWebText continuations,OpenWebText,MDLM_anc,A_pertok,A_pertok,P0_cheap+hi,hg,candidate within state,9,,,,,,,,,within_r2,,0.5658869442582581,,,,,,,positive,no,rescue_audit/results/R1deep_MDLM_anc_A_pertok_L9.json,registry row 103,Registry inventory entry; exploratory unless promoted by a curated master-table row.
REGISTRY_0104,2026-08-31,R1_exploratory,R1_exploratory,MDLM_anc,169.6M,OpenWebText continuations,OpenWebText,MDLM_anc,A_pertok,A_pertok,P0_cheap+H,hg,candidate within state,9,,,,,,,,,within_r2,,0.5833038842341031,,,,,,,positive,no,rescue_audit/results/R1deep_MDLM_anc_A_pertok_L9.json,registry row 104,Registry inventory entry; exploratory unless promoted by a curated master-table row.
REGISTRY_0105,2026-08-31,R1_exploratory,R1_exploratory,MDLM_anc,169.6M,OpenWebText continuations,OpenWebText,MDLM_anc,A_pertok,A_pertok,P2_bilinear_r2,hg,candidate within state,9,,,,,,,,,within_r2,,0.4981922017053376,,,,,,,positive,no,rescue_audit/results/R1deep_MDLM_anc_A_pertok_L9.json,registry row 105,Registry inventory entry; exploratory unless promoted by a curated master-table row.
REGISTRY_0106,2026-08-31,R1_exploratory,R1_exploratory,MDLM_anc,169.6M,OpenWebText continuations,OpenWebText,MDLM_anc,A_pertok,A_pertok,P2_bilinear_r4,hg,candidate within state,9,,,,,,,,,within_r2,,0.46520617784724816,,,,,,,positive,no,rescue_audit/results/R1deep_MDLM_anc_A_pertok_L9.json,registry row 106,Registry inventory entry; exploratory unless promoted by a curated master-table row.
REGISTRY_0107,2026-08-31,R1_exploratory,R1_exploratory,MDLM_anc,169.6M,OpenWebText continuations,OpenWebText,MDLM_anc,A_pertok,A_pertok,P2_bilinear_r8,hg,candidate within state,9,,,,,,,,,within_r2,,0.3466392853237442,,,,,,,positive,no,rescue_audit/results/R1deep_MDLM_anc_A_pertok_L9.json,registry row 107,Registry inventory entry; exploratory unless promoted by a curated master-table row.
REGISTRY_0108,2026-08-31,R1_exploratory,R1_exploratory,MDLM_anc,169.6M,OpenWebText continuations,OpenWebText,MDLM_anc,A_pertok,A_pertok,P2_bilinear_r16,hg,candidate within state,9,,,,,,,,,within_r2,,0.021756434009307046,,,,,,,positive,no,rescue_audit/results/R1deep_MDLM_anc_A_pertok_L9.json,registry row 108,Registry inventory entry; exploratory unless promoted by a curated master-table row.
REGISTRY_0109,2026-08-31,R1_exploratory,R1_exploratory,MDLM_anc,169.6M,OpenWebText continuations,OpenWebText,MDLM_anc,A_pertok,A_pertok,P2_bilinear_r32,hg,candidate within state,9,,,,,,,,,within_r2,,-0.8631732950896616,,,,,,,negative_or_zero,no,rescue_audit/results/R1deep_MDLM_anc_A_pertok_L9.json,registry row 109,Registry inventory entry; exploratory unless promoted by a curated master-table row.
REGISTRY_0110,2026-08-31,R1_exploratory,R1_exploratory,MDLM_anc,169.6M,OpenWebText continuations,OpenWebText,MDLM_anc,A_pertok,A_pertok,P2_bilinear_r64,hg,candidate within state,9,,,,,,,,,within_r2,,-6.4140040431314,,,,,,,negative_or_zero,no,rescue_audit/results/R1deep_MDLM_anc_A_pertok_L9.json,registry row 110,Registry inventory entry; exploratory unless promoted by a curated master-table row.
REGISTRY_0111,2026-08-31,R1_exploratory,R1_exploratory,MDLM_anc,169.6M,OpenWebText continuations,OpenWebText,MDLM_anc,A_pertok,A_pertok,P2_bilinear_best,hg,candidate within state,9,,,,,,,,,within_r2,,0.4981922017053376,,,,,,,positive,no,rescue_audit/results/R1deep_MDLM_anc_A_pertok_L9.json,registry row 111,Registry inventory entry; exploratory unless promoted by a curated master-table row.
REGISTRY_0112,2026-08-31,R1_exploratory,R1_exploratory,MDLM_anc,169.6M,OpenWebText continuations,OpenWebText,MDLM_anc,A_pertok,A_pertok,P2_bilinear_r1,hg,candidate within state,9,,,,,,,,,within_r2,,0.5322553959936649,,,,,,,positive,no,rescue_audit/results/R1deep_MDLM_anc_A_pertok_L9.json,registry row 112,Registry inventory entry; exploratory unless promoted by a curated master-table row.
REGISTRY_0113,2026-08-31,R1_exploratory,R1_exploratory,MDLM_anc,169.6M,OpenWebText continuations,OpenWebText,MDLM_anc,A_pertok,A_pertok,P2k_kron_d16,hg,candidate within state,9,,,,,,,,,within_r2,,0.5690238374339742,,,,,,,positive,no,rescue_audit/results/R1deep_MDLM_anc_A_pertok_L9.json,registry row 113,Registry inventory entry; exploratory unless promoted by a curated master-table row.
REGISTRY_0114,2026-08-31,R1_exploratory,R1_exploratory,MDLM_anc,169.6M,OpenWebText continuations,OpenWebText,MDLM_anc,A_pertok,A_pertok,P2k_kroneOnly_d16,hg,candidate within state,9,,,,,,,,,within_r2,,0.5629661702494132,,,,,,,positive,no,rescue_audit/results/R1deep_MDLM_anc_A_pertok_L9.json,registry row 114,Registry inventory entry; exploratory unless promoted by a curated master-table row.
REGISTRY_0115,2026-08-31,R1_exploratory,R1_exploratory,MDLM_anc,169.6M,OpenWebText continuations,OpenWebText,MDLM_anc,A_pertok,A_pertok,P2k_additive_d16,hg,candidate within state,9,,,,,,,,,within_r2,,0.5809578641051192,,,,,,,positive,no,rescue_audit/results/R1deep_MDLM_anc_A_pertok_L9.json,registry row 115,Registry inventory entry; exploratory unless promoted by a curated master-table row.
REGISTRY_0116,2026-08-31,R1_exploratory,R1_exploratory,MDLM_anc,169.6M,OpenWebText continuations,OpenWebText,MDLM_anc,A_pertok,A_pertok,P2k_kron_wc_d16,hg,candidate within state,9,,,,,,,,,within_r2,,0.5601132059046756,,,,,,,positive,no,rescue_audit/results/R1deep_MDLM_anc_A_pertok_L9.json,registry row 116,Registry inventory entry; exploratory unless promoted by a curated master-table row.
REGISTRY_0117,2026-08-31,R1_exploratory,R1_exploratory,MDLM_anc,169.6M,OpenWebText continuations,OpenWebText,MDLM_anc,A_pertok,A_pertok,P2k_additive_wc_d16,hg,candidate within state,9,,,,,,,,,within_r2,,0.5671449425579982,,,,,,,positive,no,rescue_audit/results/R1deep_MDLM_anc_A_pertok_L9.json,registry row 117,Registry inventory entry; exploratory unless promoted by a curated master-table row.
REGISTRY_0118,2026-08-31,R1_exploratory,R1_exploratory,MDLM_anc,169.6M,OpenWebText continuations,OpenWebText,MDLM_anc,A_pertok,A_pertok,P2k_kron_d32,hg,candidate within state,9,,,,,,,,,within_r2,,0.5645371555800103,,,,,,,positive,no,rescue_audit/results/R1deep_MDLM_anc_A_pertok_L9.json,registry row 118,Registry inventory entry; exploratory unless promoted by a curated master-table row.
REGISTRY_0119,2026-08-31,R1_exploratory,R1_exploratory,MDLM_anc,169.6M,OpenWebText continuations,OpenWebText,MDLM_anc,A_pertok,A_pertok,P2k_kroneOnly_d32,hg,candidate within state,9,,,,,,,,,within_r2,,0.5629877957272225,,,,,,,positive,no,rescue_audit/results/R1deep_MDLM_anc_A_pertok_L9.json,registry row 119,Registry inventory entry; exploratory unless promoted by a curated master-table row.
REGISTRY_0120,2026-08-31,R1_exploratory,R1_exploratory,MDLM_anc,169.6M,OpenWebText continuations,OpenWebText,MDLM_anc,A_pertok,A_pertok,P2k_additive_d32,hg,candidate within state,9,,,,,,,,,within_r2,,0.5809401855392722,,,,,,,positive,no,rescue_audit/results/R1deep_MDLM_anc_A_pertok_L9.json,registry row 120,Registry inventory entry; exploratory unless promoted by a curated master-table row.
REGISTRY_0121,2026-08-31,R1_exploratory,R1_exploratory,MDLM_anc,169.6M,OpenWebText continuations,OpenWebText,MDLM_anc,A_pertok,A_pertok,P2k_kron_wc_d32,hg,candidate within state,9,,,,,,,,,within_r2,,0.5572509398936842,,,,,,,positive,no,rescue_audit/results/R1deep_MDLM_anc_A_pertok_L9.json,registry row 121,Registry inventory entry; exploratory unless promoted by a curated master-table row.
REGISTRY_0122,2026-08-31,R1_exploratory,R1_exploratory,MDLM_anc,169.6M,OpenWebText continuations,OpenWebText,MDLM_anc,A_pertok,A_pertok,P2k_additive_wc_d32,hg,candidate within state,9,,,,,,,,,within_r2,,0.567657667348074,,,,,,,positive,no,rescue_audit/results/R1deep_MDLM_anc_A_pertok_L9.json,registry row 122,Registry inventory entry; exploratory unless promoted by a curated master-table row.
REGISTRY_0123,2026-08-31,R1_exploratory,R1_exploratory,MDLM_anc,169.6M,OpenWebText continuations,OpenWebText,MDLM_anc,A_pertok,A_pertok,P3_film,hg,candidate within state,9,,,,,,,,,within_r2,,0.48884046860284847,,,,,,,positive,no,rescue_audit/results/R1deep_MDLM_anc_A_pertok_L9.json,registry row 123,Registry inventory entry; exploratory unless promoted by a curated master-table row.
REGISTRY_0124,2026-08-31,R1_exploratory,R1_exploratory,MDLM_anc,169.6M,OpenWebText continuations,OpenWebText,MDLM_anc,A_pertok,A_pertok,P4_relmlp_w128,hg,candidate within state,9,,,,,,,,,within_r2,,0.48006917605524746,,,,,,,positive,no,rescue_audit/results/R1deep_MDLM_anc_A_pertok_L9.json,registry row 124,Registry inventory entry; exploratory unless promoted by a curated master-table row.
REGISTRY_0125,2026-08-31,R1_exploratory,R1_exploratory,MDLM_anc,169.6M,OpenWebText continuations,OpenWebText,MDLM_anc,A_pertok,A_pertok,P4_relmlp_w512,hg,candidate within state,9,,,,,,,,,within_r2,,0.5020673387498333,,,,,,,positive,no,rescue_audit/results/R1deep_MDLM_anc_A_pertok_L9.json,registry row 125,Registry inventory entry; exploratory unless promoted by a curated master-table row.
REGISTRY_0126,2026-08-31,R1_exploratory,R1_exploratory,MDLM_anc,169.6M,OpenWebText continuations,OpenWebText,MDLM_anc,A_pertok,A_pertok,P4_cheaponly_mlp,hg,candidate within state,9,,,,,,,,,within_r2,,0.5666886317465598,,,,,,,positive,no,rescue_audit/results/R1deep_MDLM_anc_A_pertok_L9.json,registry row 126,Registry inventory entry; exploratory unless promoted by a curated master-table row.
REGISTRY_0127,2026-08-31,R1_exploratory,R1_exploratory,MDLM_anc,169.6M,OpenWebText continuations,OpenWebText,MDLM_anc,A_pertok,A_pertok,P5_rff_g0.1,hg,candidate within state,9,,,,,,,,,within_r2,,0.541908609645447,,,,,,,positive,no,rescue_audit/results/R1deep_MDLM_anc_A_pertok_L9.json,registry row 127,Registry inventory entry; exploratory unless promoted by a curated master-table row.
REGISTRY_0128,2026-08-31,R1_exploratory,R1_exploratory,MDLM_anc,169.6M,OpenWebText continuations,OpenWebText,MDLM_anc,A_pertok,A_pertok,P5_rff_cheaponly_g0.1,hg,candidate within state,9,,,,,,,,,within_r2,,0.5534966842588962,,,,,,,positive,no,rescue_audit/results/R1deep_MDLM_anc_A_pertok_L9.json,registry row 128,Registry inventory entry; exploratory unless promoted by a curated master-table row.
REGISTRY_0129,2026-08-31,R1_exploratory,R1_exploratory,MDLM_anc,169.6M,OpenWebText continuations,OpenWebText,MDLM_anc,A_pertok,A_pertok,P5_rff_g1,hg,candidate within state,9,,,,,,,,,within_r2,,0.4391146591704784,,,,,,,positive,no,rescue_audit/results/R1deep_MDLM_anc_A_pertok_L9.json,registry row 129,Registry inventory entry; exploratory unless promoted by a curated master-table row.
REGISTRY_0130,2026-08-31,R1_exploratory,R1_exploratory,MDLM_anc,169.6M,OpenWebText continuations,OpenWebText,MDLM_anc,A_pertok,A_pertok,P5_rff_cheaponly_g1,hg,candidate within state,9,,,,,,,,,within_r2,,0.5027810258548586,,,,,,,positive,no,rescue_audit/results/R1deep_MDLM_anc_A_pertok_L9.json,registry row 130,Registry inventory entry; exploratory unless promoted by a curated master-table row.
REGISTRY_0131,2026-08-31,R1_exploratory,R1_exploratory,MDLM_anc,169.6M,OpenWebText continuations,OpenWebText,MDLM_anc,A_pertok,A_pertok,P5_rff_g10,hg,candidate within state,9,,,,,,,,,within_r2,,0.00029516657784645073,,,,,,,positive,no,rescue_audit/results/R1deep_MDLM_anc_A_pertok_L9.json,registry row 131,Registry inventory entry; exploratory unless promoted by a curated master-table row.
REGISTRY_0132,2026-08-31,R1_exploratory,R1_exploratory,MDLM_anc,169.6M,OpenWebText continuations,OpenWebText,MDLM_anc,A_pertok,A_pertok,P5_rff_cheaponly_g10,hg,candidate within state,9,,,,,,,,,within_r2,,0.011363239221250154,,,,,,,positive,no,rescue_audit/results/R1deep_MDLM_anc_A_pertok_L9.json,registry row 132,Registry inventory entry; exploratory unless promoted by a curated master-table row.
REGISTRY_0133,2026-08-31,R1_exploratory,R1_exploratory,MDLM_anc,169.6M,OpenWebText continuations,OpenWebText,MDLM_anc,A_pertok,A_pertok,P5_poly2,hg,candidate within state,9,,,,,,,,,within_r2,,0.5147774007155702,,,,,,,positive,no,rescue_audit/results/R1deep_MDLM_anc_A_pertok_L9.json,registry row 133,Registry inventory entry; exploratory unless promoted by a curated master-table row.
REGISTRY_0134,2026-08-31,R1_exploratory,R1_exploratory,MDLM_anc,169.6M,OpenWebText continuations,OpenWebText,MDLM_anc,A_pertok,A_pertok,P5_poly2_cheaponly,hg,candidate within state,9,,,,,,,,,within_r2,,0.5279216343535813,,,,,,,positive,no,rescue_audit/results/R1deep_MDLM_anc_A_pertok_L9.json,registry row 134,Registry inventory entry; exploratory unless promoted by a curated master-table row.
REGISTRY_0135,2026-08-31,R1_exploratory,R1_exploratory,MDLM_anc,169.6M,OpenWebText continuations,OpenWebText,MDLM_anc,A_pertok,A_pertok,P6_boost,hg,candidate within state,9,,,,,,,,,within_r2,,0.5722115954099315,,,,,,,positive,no,rescue_audit/results/R1deep_MDLM_anc_A_pertok_L9.json,registry row 135,Registry inventory entry; exploratory unless promoted by a curated master-table row.
REGISTRY_0136,2026-08-31,R1_exploratory,R1_exploratory,MDLM_anc,169.6M,OpenWebText continuations,OpenWebText,MDLM_anc,A_pertok,A_pertok,P6_boost_cheaponly,hg,candidate within state,9,,,,,,,,,within_r2,,0.5630281578694545,,,,,,,positive,no,rescue_audit/results/R1deep_MDLM_anc_A_pertok_L9.json,registry row 136,Registry inventory entry; exploratory unless promoted by a curated master-table row.
REGISTRY_0137,2026-08-31,R1_exploratory,R1_exploratory,MDLM_anc,169.6M,OpenWebText continuations,OpenWebText,MDLM_anc,A_pertok,A_pertok,P7k_pair_kron_d32,hg,candidate within state,9,,,,,,,,,within_r2,,0.05905525890449326,,,,,,,positive,no,rescue_audit/results/R1deep_MDLM_anc_A_pertok_L9.json,registry row 137,Registry inventory entry; exploratory unless promoted by a curated master-table row.
REGISTRY_0138,2026-08-31,R1_exploratory,R1_exploratory,MDLM_anc,169.6M,OpenWebText continuations,OpenWebText,MDLM_anc,A_pertok,A_pertok,P7k_pair_hi_d32,hg,candidate within state,9,,,,,,,,,within_r2,,0.10169265350985257,,,,,,,positive,no,rescue_audit/results/R1deep_MDLM_anc_A_pertok_L9.json,registry row 138,Registry inventory entry; exploratory unless promoted by a curated master-table row.
REGISTRY_0139,2026-08-31,R1_exploratory,R1_exploratory,MDLM_anc,169.6M,OpenWebText continuations,OpenWebText,MDLM_anc,A_pertok,A_pertok,P7_pair_hi,hg,candidate within state,9,,,,,,,,,within_r2,,0.15389610115881502,,,,,,,positive,no,rescue_audit/results/R1deep_MDLM_anc_A_pertok_L9.json,registry row 139,Registry inventory entry; exploratory unless promoted by a curated master-table row.
REGISTRY_0140,2026-08-31,R1_exploratory,R1_exploratory,MDLM_anc,169.6M,OpenWebText continuations,OpenWebText,MDLM_anc,A_pertok,A_pertok,P7_pair_hi_x_hg,hg,candidate within state,9,,,,,,,,,within_r2,,0.12571542748313091,,,,,,,positive,no,rescue_audit/results/R1deep_MDLM_anc_A_pertok_L9.json,registry row 140,Registry inventory entry; exploratory unless promoted by a curated master-table row.
REGISTRY_0141,2026-08-31,R1_exploratory,R1_exploratory,MDLM_anc,169.6M,OpenWebText continuations,OpenWebText,MDLM_anc,A_pertok,A_pertok,P8_ranknet_cand,hg,candidate within state,9,,,,,,,,,within_r2,,0.17264678170076864,,,,,,,positive,no,rescue_audit/results/R1deep_MDLM_anc_A_pertok_L9.json,registry row 141,Registry inventory entry; exploratory unless promoted by a curated master-table row.
REGISTRY_0142,2026-08-31,R1_exploratory,R1_exploratory,MDLM_anc,169.6M,OpenWebText continuations,OpenWebText,MDLM_anc,A_pertok,A_pertok,P8_ranknet_cand_state,hg,candidate within state,9,,,,,,,,,within_r2,,0.1604862242474394,,,,,,,positive,no,rescue_audit/results/R1deep_MDLM_anc_A_pertok_L9.json,registry row 142,Registry inventory entry; exploratory unless promoted by a curated master-table row.
REGISTRY_0143,2026-08-31,R1_exploratory,R1_exploratory,MDLM_anc,169.6M,OpenWebText continuations,OpenWebText,MDLM_anc,A_pertok,A_pertok,P8_ranknet_cheap,hg,candidate within state,9,,,,,,,,,within_r2,,0.5282326136461247,,,,,,,positive,no,rescue_audit/results/R1deep_MDLM_anc_A_pertok_L9.json,registry row 143,Registry inventory entry; exploratory unless promoted by a curated master-table row.
REGISTRY_0144,2026-08-31,R1_exploratory,R1_exploratory,MDLM_anc,169.6M,OpenWebText continuations,OpenWebText,MDLM_anc,A_pertok,A_pertok,P8_ranknet_cheap_hidden,hg,candidate within state,9,,,,,,,,,within_r2,,0.471316343507452,,,,,,,positive,no,rescue_audit/results/R1deep_MDLM_anc_A_pertok_L9.json,registry row 144,Registry inventory entry; exploratory unless promoted by a curated master-table row.
REGISTRY_0145,2026-08-31,R1_exploratory,R1_exploratory,MDLM_anc,169.6M,OpenWebText continuations,OpenWebText,MDLM_anc,A_pertok,A_pertok,P9_list_hidden,hg,candidate within state,9,,,,,,,,,within_r2,,0.48484792319306225,,,,,,,positive,no,rescue_audit/results/R1deep_MDLM_anc_A_pertok_L9.json,registry row 145,Registry inventory entry; exploratory unless promoted by a curated master-table row.
REGISTRY_0146,2026-08-31,R1_exploratory,R1_exploratory,MDLM_anc,169.6M,OpenWebText continuations,OpenWebText,MDLM_anc,A_pertok,A_pertok,P9_list_cheap,hg,candidate within state,9,,,,,,,,,within_r2,,0.5548432227527313,,,,,,,positive,no,rescue_audit/results/R1deep_MDLM_anc_A_pertok_L9.json,registry row 146,Registry inventory entry; exploratory unless promoted by a curated master-table row.
REGISTRY_0147,2026-08-31,R1_exploratory,R1_exploratory,MDLM_anc,169.6M,OpenWebText continuations,OpenWebText,MDLM_anc,A_pertok,A_pertok,P13_pls,hg,candidate within state,9,,,,,,,,,within_r2,,0.2011679758112913,,,,,,,positive,no,rescue_audit/results/R1deep_MDLM_anc_A_pertok_L9.json,registry row 147,Registry inventory entry; exploratory unless promoted by a curated master-table row.
REGISTRY_0148,2026-08-31,R1_exploratory,R1_exploratory,MDLM_anc,169.6M,OpenWebText continuations,OpenWebText,MDLM_anc,A_pertok,A_pertok,P0_cheap,hg,candidate within state,11,,,,,,,,,within_r2,,0.5594392852814021,,,,,,,positive,no,rescue_audit/results/R1deep_MDLM_anc_A_pertok_L11.json,registry row 148,Registry inventory entry; exploratory unless promoted by a curated master-table row.
REGISTRY_0149,2026-08-31,R1_exploratory,R1_exploratory,MDLM_anc,169.6M,OpenWebText continuations,OpenWebText,MDLM_anc,A_pertok,A_pertok,P0_hi,hg,candidate within state,11,,,,,,,,,within_r2,,0.11530918001049528,,,,,,,positive,no,rescue_audit/results/R1deep_MDLM_anc_A_pertok_L11.json,registry row 149,Registry inventory entry; exploratory unless promoted by a curated master-table row.
REGISTRY_0150,2026-08-31,R1_exploratory,R1_exploratory,MDLM_anc,169.6M,OpenWebText continuations,OpenWebText,MDLM_anc,A_pertok,A_pertok,P0_hg,hg,candidate within state,11,,,,,,,,,within_r2,,0.0,,,,,,,negative_or_zero,no,rescue_audit/results/R1deep_MDLM_anc_A_pertok_L11.json,registry row 150,Registry inventory entry; exploratory unless promoted by a curated master-table row.
REGISTRY_0151,2026-08-31,R1_exploratory,R1_exploratory,MDLM_anc,169.6M,OpenWebText continuations,OpenWebText,MDLM_anc,A_pertok,A_pertok,P0_hi_hg,hg,candidate within state,11,,,,,,,,,within_r2,,0.19920252866588362,,,,,,,positive,no,rescue_audit/results/R1deep_MDLM_anc_A_pertok_L11.json,registry row 151,Registry inventory entry; exploratory unless promoted by a curated master-table row.
REGISTRY_0152,2026-08-31,R1_exploratory,R1_exploratory,MDLM_anc,169.6M,OpenWebText continuations,OpenWebText,MDLM_anc,A_pertok,A_pertok,P0_cheap+hi,hg,candidate within state,11,,,,,,,,,within_r2,,0.5661477788880831,,,,,,,positive,no,rescue_audit/results/R1deep_MDLM_anc_A_pertok_L11.json,registry row 152,Registry inventory entry; exploratory unless promoted by a curated master-table row.
REGISTRY_0153,2026-08-31,R1_exploratory,R1_exploratory,MDLM_anc,169.6M,OpenWebText continuations,OpenWebText,MDLM_anc,A_pertok,A_pertok,P0_cheap+H,hg,candidate within state,11,,,,,,,,,within_r2,,0.5814986407250952,,,,,,,positive,no,rescue_audit/results/R1deep_MDLM_anc_A_pertok_L11.json,registry row 153,Registry inventory entry; exploratory unless promoted by a curated master-table row.
REGISTRY_0154,2026-08-31,R1_exploratory,R1_exploratory,MDLM_anc,169.6M,OpenWebText continuations,OpenWebText,MDLM_anc,A_pertok,A_pertok,P2_bilinear_r2,hg,candidate within state,11,,,,,,,,,within_r2,,0.48354061703287254,,,,,,,positive,no,rescue_audit/results/R1deep_MDLM_anc_A_pertok_L11.json,registry row 154,Registry inventory entry; exploratory unless promoted by a curated master-table row.
REGISTRY_0155,2026-08-31,R1_exploratory,R1_exploratory,MDLM_anc,169.6M,OpenWebText continuations,OpenWebText,MDLM_anc,A_pertok,A_pertok,P2_bilinear_r4,hg,candidate within state,11,,,,,,,,,within_r2,,0.48068673494229275,,,,,,,positive,no,rescue_audit/results/R1deep_MDLM_anc_A_pertok_L11.json,registry row 155,Registry inventory entry; exploratory unless promoted by a curated master-table row.
REGISTRY_0156,2026-08-31,R1_exploratory,R1_exploratory,MDLM_anc,169.6M,OpenWebText continuations,OpenWebText,MDLM_anc,A_pertok,A_pertok,P2_bilinear_r8,hg,candidate within state,11,,,,,,,,,within_r2,,0.36854737337815147,,,,,,,positive,no,rescue_audit/results/R1deep_MDLM_anc_A_pertok_L11.json,registry row 156,Registry inventory entry; exploratory unless promoted by a curated master-table row.
REGISTRY_0157,2026-08-31,R1_exploratory,R1_exploratory,MDLM_anc,169.6M,OpenWebText continuations,OpenWebText,MDLM_anc,A_pertok,A_pertok,P2_bilinear_r16,hg,candidate within state,11,,,,,,,,,within_r2,,0.16761106376223966,,,,,,,positive,no,rescue_audit/results/R1deep_MDLM_anc_A_pertok_L11.json,registry row 157,Registry inventory entry; exploratory unless promoted by a curated master-table row.
REGISTRY_0158,2026-08-31,R1_exploratory,R1_exploratory,MDLM_anc,169.6M,OpenWebText continuations,OpenWebText,MDLM_anc,A_pertok,A_pertok,P2_bilinear_r32,hg,candidate within state,11,,,,,,,,,within_r2,,-0.8242791163226255,,,,,,,negative_or_zero,no,rescue_audit/results/R1deep_MDLM_anc_A_pertok_L11.json,registry row 158,Registry inventory entry; exploratory unless promoted by a curated master-table row.
REGISTRY_0159,2026-08-31,R1_exploratory,R1_exploratory,MDLM_anc,169.6M,OpenWebText continuations,OpenWebText,MDLM_anc,A_pertok,A_pertok,P2_bilinear_r64,hg,candidate within state,11,,,,,,,,,within_r2,,-4.563015217865963,,,,,,,negative_or_zero,no,rescue_audit/results/R1deep_MDLM_anc_A_pertok_L11.json,registry row 159,Registry inventory entry; exploratory unless promoted by a curated master-table row.
REGISTRY_0160,2026-08-31,R1_exploratory,R1_exploratory,MDLM_anc,169.6M,OpenWebText continuations,OpenWebText,MDLM_anc,A_pertok,A_pertok,P2_bilinear_best,hg,candidate within state,11,,,,,,,,,within_r2,,0.48354061703287254,,,,,,,positive,no,rescue_audit/results/R1deep_MDLM_anc_A_pertok_L11.json,registry row 160,Registry inventory entry; exploratory unless promoted by a curated master-table row.
REGISTRY_0161,2026-08-31,R1_exploratory,R1_exploratory,MDLM_anc,169.6M,OpenWebText continuations,OpenWebText,MDLM_anc,A_pertok,A_pertok,P2_bilinear_r1,hg,candidate within state,11,,,,,,,,,within_r2,,0.5420267363511524,,,,,,,positive,no,rescue_audit/results/R1deep_MDLM_anc_A_pertok_L11.json,registry row 161,Registry inventory entry; exploratory unless promoted by a curated master-table row.
REGISTRY_0162,2026-08-31,R1_exploratory,R1_exploratory,MDLM_anc,169.6M,OpenWebText continuations,OpenWebText,MDLM_anc,A_pertok,A_pertok,P2k_kron_d16,hg,candidate within state,11,,,,,,,,,within_r2,,0.5698314418072367,,,,,,,positive,no,rescue_audit/results/R1deep_MDLM_anc_A_pertok_L11.json,registry row 162,Registry inventory entry; exploratory unless promoted by a curated master-table row.
REGISTRY_0163,2026-08-31,R1_exploratory,R1_exploratory,MDLM_anc,169.6M,OpenWebText continuations,OpenWebText,MDLM_anc,A_pertok,A_pertok,P2k_kroneOnly_d16,hg,candidate within state,11,,,,,,,,,within_r2,,0.5654901571815474,,,,,,,positive,no,rescue_audit/results/R1deep_MDLM_anc_A_pertok_L11.json,registry row 163,Registry inventory entry; exploratory unless promoted by a curated master-table row.
REGISTRY_0164,2026-08-31,R1_exploratory,R1_exploratory,MDLM_anc,169.6M,OpenWebText continuations,OpenWebText,MDLM_anc,A_pertok,A_pertok,P2k_additive_d16,hg,candidate within state,11,,,,,,,,,within_r2,,0.5804505107664151,,,,,,,positive,no,rescue_audit/results/R1deep_MDLM_anc_A_pertok_L11.json,registry row 164,Registry inventory entry; exploratory unless promoted by a curated master-table row.
REGISTRY_0165,2026-08-31,R1_exploratory,R1_exploratory,MDLM_anc,169.6M,OpenWebText continuations,OpenWebText,MDLM_anc,A_pertok,A_pertok,P2k_kron_wc_d16,hg,candidate within state,11,,,,,,,,,within_r2,,0.5608588623016075,,,,,,,positive,no,rescue_audit/results/R1deep_MDLM_anc_A_pertok_L11.json,registry row 165,Registry inventory entry; exploratory unless promoted by a curated master-table row.
REGISTRY_0166,2026-08-31,R1_exploratory,R1_exploratory,MDLM_anc,169.6M,OpenWebText continuations,OpenWebText,MDLM_anc,A_pertok,A_pertok,P2k_additive_wc_d16,hg,candidate within state,11,,,,,,,,,within_r2,,0.5645107568130839,,,,,,,positive,no,rescue_audit/results/R1deep_MDLM_anc_A_pertok_L11.json,registry row 166,Registry inventory entry; exploratory unless promoted by a curated master-table row.
REGISTRY_0167,2026-08-31,R1_exploratory,R1_exploratory,MDLM_anc,169.6M,OpenWebText continuations,OpenWebText,MDLM_anc,A_pertok,A_pertok,P2k_kron_d32,hg,candidate within state,11,,,,,,,,,within_r2,,0.5671408324884122,,,,,,,positive,no,rescue_audit/results/R1deep_MDLM_anc_A_pertok_L11.json,registry row 167,Registry inventory entry; exploratory unless promoted by a curated master-table row.
REGISTRY_0168,2026-08-31,R1_exploratory,R1_exploratory,MDLM_anc,169.6M,OpenWebText continuations,OpenWebText,MDLM_anc,A_pertok,A_pertok,P2k_kroneOnly_d32,hg,candidate within state,11,,,,,,,,,within_r2,,0.5650456080132554,,,,,,,positive,no,rescue_audit/results/R1deep_MDLM_anc_A_pertok_L11.json,registry row 168,Registry inventory entry; exploratory unless promoted by a curated master-table row.
REGISTRY_0169,2026-08-31,R1_exploratory,R1_exploratory,MDLM_anc,169.6M,OpenWebText continuations,OpenWebText,MDLM_anc,A_pertok,A_pertok,P2k_additive_d32,hg,candidate within state,11,,,,,,,,,within_r2,,0.5810573422990213,,,,,,,positive,no,rescue_audit/results/R1deep_MDLM_anc_A_pertok_L11.json,registry row 169,Registry inventory entry; exploratory unless promoted by a curated master-table row.
REGISTRY_0170,2026-08-31,R1_exploratory,R1_exploratory,MDLM_anc,169.6M,OpenWebText continuations,OpenWebText,MDLM_anc,A_pertok,A_pertok,P2k_kron_wc_d32,hg,candidate within state,11,,,,,,,,,within_r2,,0.5600545372577246,,,,,,,positive,no,rescue_audit/results/R1deep_MDLM_anc_A_pertok_L11.json,registry row 170,Registry inventory entry; exploratory unless promoted by a curated master-table row.
REGISTRY_0171,2026-08-31,R1_exploratory,R1_exploratory,MDLM_anc,169.6M,OpenWebText continuations,OpenWebText,MDLM_anc,A_pertok,A_pertok,P2k_additive_wc_d32,hg,candidate within state,11,,,,,,,,,within_r2,,0.5655922933013544,,,,,,,positive,no,rescue_audit/results/R1deep_MDLM_anc_A_pertok_L11.json,registry row 171,Registry inventory entry; exploratory unless promoted by a curated master-table row.
REGISTRY_0172,2026-08-31,R1_exploratory,R1_exploratory,MDLM_anc,169.6M,OpenWebText continuations,OpenWebText,MDLM_anc,A_pertok,A_pertok,P3_film,hg,candidate within state,11,,,,,,,,,within_r2,,0.46928102258953985,,,,,,,positive,no,rescue_audit/results/R1deep_MDLM_anc_A_pertok_L11.json,registry row 172,Registry inventory entry; exploratory unless promoted by a curated master-table row.
REGISTRY_0173,2026-08-31,R1_exploratory,R1_exploratory,MDLM_anc,169.6M,OpenWebText continuations,OpenWebText,MDLM_anc,A_pertok,A_pertok,P4_relmlp_w128,hg,candidate within state,11,,,,,,,,,within_r2,,0.47327157279599386,,,,,,,positive,no,rescue_audit/results/R1deep_MDLM_anc_A_pertok_L11.json,registry row 173,Registry inventory entry; exploratory unless promoted by a curated master-table row.
REGISTRY_0174,2026-08-31,R1_exploratory,R1_exploratory,MDLM_anc,169.6M,OpenWebText continuations,OpenWebText,MDLM_anc,A_pertok,A_pertok,P4_relmlp_w512,hg,candidate within state,11,,,,,,,,,within_r2,,0.5007790230516687,,,,,,,positive,no,rescue_audit/results/R1deep_MDLM_anc_A_pertok_L11.json,registry row 174,Registry inventory entry; exploratory unless promoted by a curated master-table row.
REGISTRY_0175,2026-08-31,R1_exploratory,R1_exploratory,MDLM_anc,169.6M,OpenWebText continuations,OpenWebText,MDLM_anc,A_pertok,A_pertok,P4_cheaponly_mlp,hg,candidate within state,11,,,,,,,,,within_r2,,0.5666886317465598,,,,,,,positive,no,rescue_audit/results/R1deep_MDLM_anc_A_pertok_L11.json,registry row 175,Registry inventory entry; exploratory unless promoted by a curated master-table row.
REGISTRY_0176,2026-08-31,R1_exploratory,R1_exploratory,MDLM_anc,169.6M,OpenWebText continuations,OpenWebText,MDLM_anc,A_pertok,A_pertok,P5_rff_g0.1,hg,candidate within state,11,,,,,,,,,within_r2,,0.5537561952026024,,,,,,,positive,no,rescue_audit/results/R1deep_MDLM_anc_A_pertok_L11.json,registry row 176,Registry inventory entry; exploratory unless promoted by a curated master-table row.
REGISTRY_0177,2026-08-31,R1_exploratory,R1_exploratory,MDLM_anc,169.6M,OpenWebText continuations,OpenWebText,MDLM_anc,A_pertok,A_pertok,P5_rff_cheaponly_g0.1,hg,candidate within state,11,,,,,,,,,within_r2,,0.5534966842588962,,,,,,,positive,no,rescue_audit/results/R1deep_MDLM_anc_A_pertok_L11.json,registry row 177,Registry inventory entry; exploratory unless promoted by a curated master-table row.
REGISTRY_0178,2026-08-31,R1_exploratory,R1_exploratory,MDLM_anc,169.6M,OpenWebText continuations,OpenWebText,MDLM_anc,A_pertok,A_pertok,P5_rff_g1,hg,candidate within state,11,,,,,,,,,within_r2,,0.4503946976404778,,,,,,,positive,no,rescue_audit/results/R1deep_MDLM_anc_A_pertok_L11.json,registry row 178,Registry inventory entry; exploratory unless promoted by a curated master-table row.
REGISTRY_0179,2026-08-31,R1_exploratory,R1_exploratory,MDLM_anc,169.6M,OpenWebText continuations,OpenWebText,MDLM_anc,A_pertok,A_pertok,P5_rff_cheaponly_g1,hg,candidate within state,11,,,,,,,,,within_r2,,0.5027810258548586,,,,,,,positive,no,rescue_audit/results/R1deep_MDLM_anc_A_pertok_L11.json,registry row 179,Registry inventory entry; exploratory unless promoted by a curated master-table row.
REGISTRY_0180,2026-08-31,R1_exploratory,R1_exploratory,MDLM_anc,169.6M,OpenWebText continuations,OpenWebText,MDLM_anc,A_pertok,A_pertok,P5_rff_g10,hg,candidate within state,11,,,,,,,,,within_r2,,-7.8338606781303e-05,,,,,,,negative_or_zero,no,rescue_audit/results/R1deep_MDLM_anc_A_pertok_L11.json,registry row 180,Registry inventory entry; exploratory unless promoted by a curated master-table row.
REGISTRY_0181,2026-08-31,R1_exploratory,R1_exploratory,MDLM_anc,169.6M,OpenWebText continuations,OpenWebText,MDLM_anc,A_pertok,A_pertok,P5_rff_cheaponly_g10,hg,candidate within state,11,,,,,,,,,within_r2,,0.011363239221250154,,,,,,,positive,no,rescue_audit/results/R1deep_MDLM_anc_A_pertok_L11.json,registry row 181,Registry inventory entry; exploratory unless promoted by a curated master-table row.
REGISTRY_0182,2026-08-31,R1_exploratory,R1_exploratory,MDLM_anc,169.6M,OpenWebText continuations,OpenWebText,MDLM_anc,A_pertok,A_pertok,P5_poly2,hg,candidate within state,11,,,,,,,,,within_r2,,0.5189729832317745,,,,,,,positive,no,rescue_audit/results/R1deep_MDLM_anc_A_pertok_L11.json,registry row 182,Registry inventory entry; exploratory unless promoted by a curated master-table row.
REGISTRY_0183,2026-08-31,R1_exploratory,R1_exploratory,MDLM_anc,169.6M,OpenWebText continuations,OpenWebText,MDLM_anc,A_pertok,A_pertok,P5_poly2_cheaponly,hg,candidate within state,11,,,,,,,,,within_r2,,0.5279216343535813,,,,,,,positive,no,rescue_audit/results/R1deep_MDLM_anc_A_pertok_L11.json,registry row 183,Registry inventory entry; exploratory unless promoted by a curated master-table row.
REGISTRY_0184,2026-08-31,R1_exploratory,R1_exploratory,MDLM_anc,169.6M,OpenWebText continuations,OpenWebText,MDLM_anc,A_pertok,A_pertok,P6_boost,hg,candidate within state,11,,,,,,,,,within_r2,,0.5735520970666821,,,,,,,positive,no,rescue_audit/results/R1deep_MDLM_anc_A_pertok_L11.json,registry row 184,Registry inventory entry; exploratory unless promoted by a curated master-table row.
REGISTRY_0185,2026-08-31,R1_exploratory,R1_exploratory,MDLM_anc,169.6M,OpenWebText continuations,OpenWebText,MDLM_anc,A_pertok,A_pertok,P6_boost_cheaponly,hg,candidate within state,11,,,,,,,,,within_r2,,0.5630281578694545,,,,,,,positive,no,rescue_audit/results/R1deep_MDLM_anc_A_pertok_L11.json,registry row 185,Registry inventory entry; exploratory unless promoted by a curated master-table row.
REGISTRY_0186,2026-08-31,R1_exploratory,R1_exploratory,MDLM_anc,169.6M,OpenWebText continuations,OpenWebText,MDLM_anc,A_pertok,A_pertok,P7k_pair_kron_d32,hg,candidate within state,11,,,,,,,,,within_r2,,0.040177037792951675,,,,,,,positive,no,rescue_audit/results/R1deep_MDLM_anc_A_pertok_L11.json,registry row 186,Registry inventory entry; exploratory unless promoted by a curated master-table row.
REGISTRY_0187,2026-08-31,R1_exploratory,R1_exploratory,MDLM_anc,169.6M,OpenWebText continuations,OpenWebText,MDLM_anc,A_pertok,A_pertok,P7k_pair_hi_d32,hg,candidate within state,11,,,,,,,,,within_r2,,0.0844103987682786,,,,,,,positive,no,rescue_audit/results/R1deep_MDLM_anc_A_pertok_L11.json,registry row 187,Registry inventory entry; exploratory unless promoted by a curated master-table row.
REGISTRY_0188,2026-08-31,R1_exploratory,R1_exploratory,MDLM_anc,169.6M,OpenWebText continuations,OpenWebText,MDLM_anc,A_pertok,A_pertok,P7_pair_hi,hg,candidate within state,11,,,,,,,,,within_r2,,0.10392869727393594,,,,,,,positive,no,rescue_audit/results/R1deep_MDLM_anc_A_pertok_L11.json,registry row 188,Registry inventory entry; exploratory unless promoted by a curated master-table row.
REGISTRY_0189,2026-08-31,R1_exploratory,R1_exploratory,MDLM_anc,169.6M,OpenWebText continuations,OpenWebText,MDLM_anc,A_pertok,A_pertok,P7_pair_hi_x_hg,hg,candidate within state,11,,,,,,,,,within_r2,,0.09341221169626723,,,,,,,positive,no,rescue_audit/results/R1deep_MDLM_anc_A_pertok_L11.json,registry row 189,Registry inventory entry; exploratory unless promoted by a curated master-table row.
REGISTRY_0190,2026-08-31,R1_exploratory,R1_exploratory,MDLM_anc,169.6M,OpenWebText continuations,OpenWebText,MDLM_anc,A_pertok,A_pertok,P8_ranknet_cand,hg,candidate within state,11,,,,,,,,,within_r2,,0.11966068894808835,,,,,,,positive,no,rescue_audit/results/R1deep_MDLM_anc_A_pertok_L11.json,registry row 190,Registry inventory entry; exploratory unless promoted by a curated master-table row.
REGISTRY_0191,2026-08-31,R1_exploratory,R1_exploratory,MDLM_anc,169.6M,OpenWebText continuations,OpenWebText,MDLM_anc,A_pertok,A_pertok,P8_ranknet_cand_state,hg,candidate within state,11,,,,,,,,,within_r2,,0.11545278859606023,,,,,,,positive,no,rescue_audit/results/R1deep_MDLM_anc_A_pertok_L11.json,registry row 191,Registry inventory entry; exploratory unless promoted by a curated master-table row.
REGISTRY_0192,2026-08-31,R1_exploratory,R1_exploratory,MDLM_anc,169.6M,OpenWebText continuations,OpenWebText,MDLM_anc,A_pertok,A_pertok,P8_ranknet_cheap,hg,candidate within state,11,,,,,,,,,within_r2,,0.5282326136461247,,,,,,,positive,no,rescue_audit/results/R1deep_MDLM_anc_A_pertok_L11.json,registry row 192,Registry inventory entry; exploratory unless promoted by a curated master-table row.
REGISTRY_0193,2026-08-31,R1_exploratory,R1_exploratory,MDLM_anc,169.6M,OpenWebText continuations,OpenWebText,MDLM_anc,A_pertok,A_pertok,P8_ranknet_cheap_hidden,hg,candidate within state,11,,,,,,,,,within_r2,,0.4687847870398809,,,,,,,positive,no,rescue_audit/results/R1deep_MDLM_anc_A_pertok_L11.json,registry row 193,Registry inventory entry; exploratory unless promoted by a curated master-table row.
REGISTRY_0194,2026-08-31,R1_exploratory,R1_exploratory,MDLM_anc,169.6M,OpenWebText continuations,OpenWebText,MDLM_anc,A_pertok,A_pertok,P9_list_hidden,hg,candidate within state,11,,,,,,,,,within_r2,,0.4625991798449377,,,,,,,positive,no,rescue_audit/results/R1deep_MDLM_anc_A_pertok_L11.json,registry row 194,Registry inventory entry; exploratory unless promoted by a curated master-table row.
REGISTRY_0195,2026-08-31,R1_exploratory,R1_exploratory,MDLM_anc,169.6M,OpenWebText continuations,OpenWebText,MDLM_anc,A_pertok,A_pertok,P9_list_cheap,hg,candidate within state,11,,,,,,,,,within_r2,,0.5548432227527313,,,,,,,positive,no,rescue_audit/results/R1deep_MDLM_anc_A_pertok_L11.json,registry row 195,Registry inventory entry; exploratory unless promoted by a curated master-table row.
REGISTRY_0196,2026-08-31,R1_exploratory,R1_exploratory,MDLM_anc,169.6M,OpenWebText continuations,OpenWebText,MDLM_anc,A_pertok,A_pertok,P13_pls,hg,candidate within state,11,,,,,,,,,within_r2,,0.16653423666278044,,,,,,,positive,no,rescue_audit/results/R1deep_MDLM_anc_A_pertok_L11.json,registry row 196,Registry inventory entry; exploratory unless promoted by a curated master-table row.
REGISTRY_0197,2026-08-31,R1_exploratory,R1_exploratory,MDLM_anc,169.6M,OpenWebText continuations,OpenWebText,MDLM_anc,A_pertok,A_pertok,P0_cheap,hg,candidate within state,10,,,,,,,,,within_r2,,0.5588287863498548,,,,,,,positive,no,rescue_audit/results/R1_MDLM_anc_broad.json,registry row 197,Registry inventory entry; exploratory unless promoted by a curated master-table row.
REGISTRY_0198,2026-08-31,R1_exploratory,R1_exploratory,MDLM_anc,169.6M,OpenWebText continuations,OpenWebText,MDLM_anc,A_pertok,A_pertok,P0_hi,hg,candidate within state,10,,,,,,,,,within_r2,,0.1445076468472133,,,,,,,positive,no,rescue_audit/results/R1_MDLM_anc_broad.json,registry row 198,Registry inventory entry; exploratory unless promoted by a curated master-table row.
REGISTRY_0199,2026-08-31,R1_exploratory,R1_exploratory,MDLM_anc,169.6M,OpenWebText continuations,OpenWebText,MDLM_anc,A_pertok,A_pertok,P0_hg,hg,candidate within state,10,,,,,,,,,within_r2,,0.0,,,,,,,negative_or_zero,no,rescue_audit/results/R1_MDLM_anc_broad.json,registry row 199,Registry inventory entry; exploratory unless promoted by a curated master-table row.
REGISTRY_0200,2026-08-31,R1_exploratory,R1_exploratory,MDLM_anc,169.6M,OpenWebText continuations,OpenWebText,MDLM_anc,A_pertok,A_pertok,P0_hi_hg,hg,candidate within state,10,,,,,,,,,within_r2,,0.21821647013858303,,,,,,,positive,no,rescue_audit/results/R1_MDLM_anc_broad.json,registry row 200,Registry inventory entry; exploratory unless promoted by a curated master-table row.
REGISTRY_0201,2026-08-31,R1_exploratory,R1_exploratory,MDLM_anc,169.6M,OpenWebText continuations,OpenWebText,MDLM_anc,A_pertok,A_pertok,P0_cheap+hi,hg,candidate within state,10,,,,,,,,,within_r2,,0.5644053844284571,,,,,,,positive,no,rescue_audit/results/R1_MDLM_anc_broad.json,registry row 201,Registry inventory entry; exploratory unless promoted by a curated master-table row.
REGISTRY_0202,2026-08-31,R1_exploratory,R1_exploratory,MDLM_anc,169.6M,OpenWebText continuations,OpenWebText,MDLM_anc,A_pertok,A_pertok,P0_cheap+H,hg,candidate within state,10,,,,,,,,,within_r2,,0.5803716240055978,,,,,,,positive,no,rescue_audit/results/R1_MDLM_anc_broad.json,registry row 202,Registry inventory entry; exploratory unless promoted by a curated master-table row.
REGISTRY_0203,2026-08-31,R1_exploratory,R1_exploratory,MDLM_anc,169.6M,OpenWebText continuations,OpenWebText,MDLM_anc,A_pertok,A_pertok,P2k_kron_d16,hg,candidate within state,10,,,,,,,,,within_r2,,0.5590112298298084,,,,,,,positive,no,rescue_audit/results/R1_MDLM_anc_broad.json,registry row 203,Registry inventory entry; exploratory unless promoted by a curated master-table row.
REGISTRY_0204,2026-08-31,R1_exploratory,R1_exploratory,MDLM_anc,169.6M,OpenWebText continuations,OpenWebText,MDLM_anc,A_pertok,A_pertok,P2k_kroneOnly_d16,hg,candidate within state,10,,,,,,,,,within_r2,,0.5642585946260459,,,,,,,positive,no,rescue_audit/results/R1_MDLM_anc_broad.json,registry row 204,Registry inventory entry; exploratory unless promoted by a curated master-table row.
REGISTRY_0205,2026-08-31,R1_exploratory,R1_exploratory,MDLM_anc,169.6M,OpenWebText continuations,OpenWebText,MDLM_anc,A_pertok,A_pertok,P2k_additive_d16,hg,candidate within state,10,,,,,,,,,within_r2,,0.5807333086743722,,,,,,,positive,no,rescue_audit/results/R1_MDLM_anc_broad.json,registry row 205,Registry inventory entry; exploratory unless promoted by a curated master-table row.
REGISTRY_0206,2026-08-31,R1_exploratory,R1_exploratory,MDLM_anc,169.6M,OpenWebText continuations,OpenWebText,MDLM_anc,A_pertok,A_pertok,P2k_kron_wc_d16,hg,candidate within state,10,,,,,,,,,within_r2,,0.5554387629988543,,,,,,,positive,no,rescue_audit/results/R1_MDLM_anc_broad.json,registry row 206,Registry inventory entry; exploratory unless promoted by a curated master-table row.
REGISTRY_0207,2026-08-31,R1_exploratory,R1_exploratory,MDLM_anc,169.6M,OpenWebText continuations,OpenWebText,MDLM_anc,A_pertok,A_pertok,P2k_additive_wc_d16,hg,candidate within state,10,,,,,,,,,within_r2,,0.5661476679449159,,,,,,,positive,no,rescue_audit/results/R1_MDLM_anc_broad.json,registry row 207,Registry inventory entry; exploratory unless promoted by a curated master-table row.
REGISTRY_0208,2026-08-31,R1_exploratory,R1_exploratory,MDLM_anc,169.6M,OpenWebText continuations,OpenWebText,MDLM_anc,A_pertok,A_pertok,P2k_kron_d32,hg,candidate within state,10,,,,,,,,,within_r2,,0.5531043627702237,,,,,,,positive,no,rescue_audit/results/R1_MDLM_anc_broad.json,registry row 208,Registry inventory entry; exploratory unless promoted by a curated master-table row.
REGISTRY_0209,2026-08-31,R1_exploratory,R1_exploratory,MDLM_anc,169.6M,OpenWebText continuations,OpenWebText,MDLM_anc,A_pertok,A_pertok,P2k_kroneOnly_d32,hg,candidate within state,10,,,,,,,,,within_r2,,0.561577888399607,,,,,,,positive,no,rescue_audit/results/R1_MDLM_anc_broad.json,registry row 209,Registry inventory entry; exploratory unless promoted by a curated master-table row.
REGISTRY_0210,2026-08-31,R1_exploratory,R1_exploratory,MDLM_anc,169.6M,OpenWebText continuations,OpenWebText,MDLM_anc,A_pertok,A_pertok,P2k_additive_d32,hg,candidate within state,10,,,,,,,,,within_r2,,0.5807206574266022,,,,,,,positive,no,rescue_audit/results/R1_MDLM_anc_broad.json,registry row 210,Registry inventory entry; exploratory unless promoted by a curated master-table row.
REGISTRY_0211,2026-08-31,R1_exploratory,R1_exploratory,MDLM_anc,169.6M,OpenWebText continuations,OpenWebText,MDLM_anc,A_pertok,A_pertok,P2k_kron_wc_d32,hg,candidate within state,10,,,,,,,,,within_r2,,0.5572810720297062,,,,,,,positive,no,rescue_audit/results/R1_MDLM_anc_broad.json,registry row 211,Registry inventory entry; exploratory unless promoted by a curated master-table row.
REGISTRY_0212,2026-08-31,R1_exploratory,R1_exploratory,MDLM_anc,169.6M,OpenWebText continuations,OpenWebText,MDLM_anc,A_pertok,A_pertok,P2k_additive_wc_d32,hg,candidate within state,10,,,,,,,,,within_r2,,0.5670203280275723,,,,,,,positive,no,rescue_audit/results/R1_MDLM_anc_broad.json,registry row 212,Registry inventory entry; exploratory unless promoted by a curated master-table row.
REGISTRY_0213,2026-08-31,R1_exploratory,R1_exploratory,MDLM_anc,169.6M,OpenWebText continuations,OpenWebText,MDLM_anc,A_pertok,A_pertok,P13_pls,hg,candidate within state,10,,,,,,,,,within_r2,,0.18960116141297967,,,,,,,positive,no,rescue_audit/results/R1_MDLM_anc_broad.json,registry row 213,Registry inventory entry; exploratory unless promoted by a curated master-table row.
REGISTRY_0214,2026-08-31,R1_exploratory,R1_exploratory,MDLM_anc,169.6M,OpenWebText continuations,OpenWebText,MDLM_anc,A_pertok,A_pertok,P0_cheap,hg,candidate within state,12,,,,,,,,,within_r2,,0.5594392852814021,,,,,,,positive,no,rescue_audit/results/R1_MDLM_anc_broad.json,registry row 214,Registry inventory entry; exploratory unless promoted by a curated master-table row.
REGISTRY_0215,2026-08-31,R1_exploratory,R1_exploratory,MDLM_anc,169.6M,OpenWebText continuations,OpenWebText,MDLM_anc,A_pertok,A_pertok,P0_hi,hg,candidate within state,12,,,,,,,,,within_r2,,0.07180073853237334,,,,,,,positive,no,rescue_audit/results/R1_MDLM_anc_broad.json,registry row 215,Registry inventory entry; exploratory unless promoted by a curated master-table row.
REGISTRY_0216,2026-08-31,R1_exploratory,R1_exploratory,MDLM_anc,169.6M,OpenWebText continuations,OpenWebText,MDLM_anc,A_pertok,A_pertok,P0_hg,hg,candidate within state,12,,,,,,,,,within_r2,,0.0,,,,,,,negative_or_zero,no,rescue_audit/results/R1_MDLM_anc_broad.json,registry row 216,Registry inventory entry; exploratory unless promoted by a curated master-table row.
REGISTRY_0217,2026-08-31,R1_exploratory,R1_exploratory,MDLM_anc,169.6M,OpenWebText continuations,OpenWebText,MDLM_anc,A_pertok,A_pertok,P0_hi_hg,hg,candidate within state,12,,,,,,,,,within_r2,,0.16825494709655464,,,,,,,positive,no,rescue_audit/results/R1_MDLM_anc_broad.json,registry row 217,Registry inventory entry; exploratory unless promoted by a curated master-table row.
REGISTRY_0218,2026-08-31,R1_exploratory,R1_exploratory,MDLM_anc,169.6M,OpenWebText continuations,OpenWebText,MDLM_anc,A_pertok,A_pertok,P0_cheap+hi,hg,candidate within state,12,,,,,,,,,within_r2,,0.5683233222510384,,,,,,,positive,no,rescue_audit/results/R1_MDLM_anc_broad.json,registry row 218,Registry inventory entry; exploratory unless promoted by a curated master-table row.
REGISTRY_0219,2026-08-31,R1_exploratory,R1_exploratory,MDLM_anc,169.6M,OpenWebText continuations,OpenWebText,MDLM_anc,A_pertok,A_pertok,P0_cheap+H,hg,candidate within state,12,,,,,,,,,within_r2,,0.5817689740740557,,,,,,,positive,no,rescue_audit/results/R1_MDLM_anc_broad.json,registry row 219,Registry inventory entry; exploratory unless promoted by a curated master-table row.
REGISTRY_0220,2026-08-31,R1_exploratory,R1_exploratory,MDLM_anc,169.6M,OpenWebText continuations,OpenWebText,MDLM_anc,A_pertok,A_pertok,P2k_kron_d16,hg,candidate within state,12,,,,,,,,,within_r2,,0.5723056524219887,,,,,,,positive,no,rescue_audit/results/R1_MDLM_anc_broad.json,registry row 220,Registry inventory entry; exploratory unless promoted by a curated master-table row.
REGISTRY_0221,2026-08-31,R1_exploratory,R1_exploratory,MDLM_anc,169.6M,OpenWebText continuations,OpenWebText,MDLM_anc,A_pertok,A_pertok,P2k_kroneOnly_d16,hg,candidate within state,12,,,,,,,,,within_r2,,0.5659687618535059,,,,,,,positive,no,rescue_audit/results/R1_MDLM_anc_broad.json,registry row 221,Registry inventory entry; exploratory unless promoted by a curated master-table row.
REGISTRY_0222,2026-08-31,R1_exploratory,R1_exploratory,MDLM_anc,169.6M,OpenWebText continuations,OpenWebText,MDLM_anc,A_pertok,A_pertok,P2k_additive_d16,hg,candidate within state,12,,,,,,,,,within_r2,,0.5791992965158997,,,,,,,positive,no,rescue_audit/results/R1_MDLM_anc_broad.json,registry row 222,Registry inventory entry; exploratory unless promoted by a curated master-table row.
REGISTRY_0223,2026-08-31,R1_exploratory,R1_exploratory,MDLM_anc,169.6M,OpenWebText continuations,OpenWebText,MDLM_anc,A_pertok,A_pertok,P2k_kron_wc_d16,hg,candidate within state,12,,,,,,,,,within_r2,,0.5623045935292331,,,,,,,positive,no,rescue_audit/results/R1_MDLM_anc_broad.json,registry row 223,Registry inventory entry; exploratory unless promoted by a curated master-table row.
REGISTRY_0224,2026-08-31,R1_exploratory,R1_exploratory,MDLM_anc,169.6M,OpenWebText continuations,OpenWebText,MDLM_anc,A_pertok,A_pertok,P2k_additive_wc_d16,hg,candidate within state,12,,,,,,,,,within_r2,,0.5632251148230851,,,,,,,positive,no,rescue_audit/results/R1_MDLM_anc_broad.json,registry row 224,Registry inventory entry; exploratory unless promoted by a curated master-table row.
REGISTRY_0225,2026-08-31,R1_exploratory,R1_exploratory,MDLM_anc,169.6M,OpenWebText continuations,OpenWebText,MDLM_anc,A_pertok,A_pertok,P2k_kron_d32,hg,candidate within state,12,,,,,,,,,within_r2,,0.5675759182837272,,,,,,,positive,no,rescue_audit/results/R1_MDLM_anc_broad.json,registry row 225,Registry inventory entry; exploratory unless promoted by a curated master-table row.
REGISTRY_0226,2026-08-31,R1_exploratory,R1_exploratory,MDLM_anc,169.6M,OpenWebText continuations,OpenWebText,MDLM_anc,A_pertok,A_pertok,P2k_kroneOnly_d32,hg,candidate within state,12,,,,,,,,,within_r2,,0.5653948534394208,,,,,,,positive,no,rescue_audit/results/R1_MDLM_anc_broad.json,registry row 226,Registry inventory entry; exploratory unless promoted by a curated master-table row.
REGISTRY_0227,2026-08-31,R1_exploratory,R1_exploratory,MDLM_anc,169.6M,OpenWebText continuations,OpenWebText,MDLM_anc,A_pertok,A_pertok,P2k_additive_d32,hg,candidate within state,12,,,,,,,,,within_r2,,0.5774052551281166,,,,,,,positive,no,rescue_audit/results/R1_MDLM_anc_broad.json,registry row 227,Registry inventory entry; exploratory unless promoted by a curated master-table row.
REGISTRY_0228,2026-08-31,R1_exploratory,R1_exploratory,MDLM_anc,169.6M,OpenWebText continuations,OpenWebText,MDLM_anc,A_pertok,A_pertok,P2k_kron_wc_d32,hg,candidate within state,12,,,,,,,,,within_r2,,0.5621454851944938,,,,,,,positive,no,rescue_audit/results/R1_MDLM_anc_broad.json,registry row 228,Registry inventory entry; exploratory unless promoted by a curated master-table row.
REGISTRY_0229,2026-08-31,R1_exploratory,R1_exploratory,MDLM_anc,169.6M,OpenWebText continuations,OpenWebText,MDLM_anc,A_pertok,A_pertok,P2k_additive_wc_d32,hg,candidate within state,12,,,,,,,,,within_r2,,0.5644687115849609,,,,,,,positive,no,rescue_audit/results/R1_MDLM_anc_broad.json,registry row 229,Registry inventory entry; exploratory unless promoted by a curated master-table row.
REGISTRY_0230,2026-08-31,R1_exploratory,R1_exploratory,MDLM_anc,169.6M,OpenWebText continuations,OpenWebText,MDLM_anc,A_pertok,A_pertok,P13_pls,hg,candidate within state,12,,,,,,,,,within_r2,,0.13720364875588775,,,,,,,positive,no,rescue_audit/results/R1_MDLM_anc_broad.json,registry row 230,Registry inventory entry; exploratory unless promoted by a curated master-table row.
REGISTRY_0231,2026-08-31,R1_exploratory,R1_exploratory,MDLM_anc,169.6M,OpenWebText continuations,OpenWebText,MDLM_anc,A_pertok,A_pertok,P0_cheap,hg,candidate within state,9,,,,,,,,,within_r2,,0.5501988718866613,,,,,,,positive,no,rescue_audit/results/R1_MDLM_anc_broad.json,registry row 231,Registry inventory entry; exploratory unless promoted by a curated master-table row.
REGISTRY_0232,2026-08-31,R1_exploratory,R1_exploratory,MDLM_anc,169.6M,OpenWebText continuations,OpenWebText,MDLM_anc,A_pertok,A_pertok,P0_hi,hg,candidate within state,9,,,,,,,,,within_r2,,0.14116654611662505,,,,,,,positive,no,rescue_audit/results/R1_MDLM_anc_broad.json,registry row 232,Registry inventory entry; exploratory unless promoted by a curated master-table row.
REGISTRY_0233,2026-08-31,R1_exploratory,R1_exploratory,MDLM_anc,169.6M,OpenWebText continuations,OpenWebText,MDLM_anc,A_pertok,A_pertok,P0_hg,hg,candidate within state,9,,,,,,,,,within_r2,,0.0,,,,,,,negative_or_zero,no,rescue_audit/results/R1_MDLM_anc_broad.json,registry row 233,Registry inventory entry; exploratory unless promoted by a curated master-table row.
REGISTRY_0234,2026-08-31,R1_exploratory,R1_exploratory,MDLM_anc,169.6M,OpenWebText continuations,OpenWebText,MDLM_anc,A_pertok,A_pertok,P0_hi_hg,hg,candidate within state,9,,,,,,,,,within_r2,,0.20730076201067027,,,,,,,positive,no,rescue_audit/results/R1_MDLM_anc_broad.json,registry row 234,Registry inventory entry; exploratory unless promoted by a curated master-table row.
REGISTRY_0235,2026-08-31,R1_exploratory,R1_exploratory,MDLM_anc,169.6M,OpenWebText continuations,OpenWebText,MDLM_anc,A_pertok,A_pertok,P0_cheap+hi,hg,candidate within state,9,,,,,,,,,within_r2,,0.5658869442582581,,,,,,,positive,no,rescue_audit/results/R1_MDLM_anc_broad.json,registry row 235,Registry inventory entry; exploratory unless promoted by a curated master-table row.
REGISTRY_0236,2026-08-31,R1_exploratory,R1_exploratory,MDLM_anc,169.6M,OpenWebText continuations,OpenWebText,MDLM_anc,A_pertok,A_pertok,P0_cheap+H,hg,candidate within state,9,,,,,,,,,within_r2,,0.5820350494675293,,,,,,,positive,no,rescue_audit/results/R1_MDLM_anc_broad.json,registry row 236,Registry inventory entry; exploratory unless promoted by a curated master-table row.
REGISTRY_0237,2026-08-31,R1_exploratory,R1_exploratory,MDLM_anc,169.6M,OpenWebText continuations,OpenWebText,MDLM_anc,A_pertok,A_pertok,P2k_kron_d16,hg,candidate within state,9,,,,,,,,,within_r2,,0.5677649902514729,,,,,,,positive,no,rescue_audit/results/R1_MDLM_anc_broad.json,registry row 237,Registry inventory entry; exploratory unless promoted by a curated master-table row.
REGISTRY_0238,2026-08-31,R1_exploratory,R1_exploratory,MDLM_anc,169.6M,OpenWebText continuations,OpenWebText,MDLM_anc,A_pertok,A_pertok,P2k_kroneOnly_d16,hg,candidate within state,9,,,,,,,,,within_r2,,0.55236392729671,,,,,,,positive,no,rescue_audit/results/R1_MDLM_anc_broad.json,registry row 238,Registry inventory entry; exploratory unless promoted by a curated master-table row.
REGISTRY_0239,2026-08-31,R1_exploratory,R1_exploratory,MDLM_anc,169.6M,OpenWebText continuations,OpenWebText,MDLM_anc,A_pertok,A_pertok,P2k_additive_d16,hg,candidate within state,9,,,,,,,,,within_r2,,0.5811883439763385,,,,,,,positive,no,rescue_audit/results/R1_MDLM_anc_broad.json,registry row 239,Registry inventory entry; exploratory unless promoted by a curated master-table row.
REGISTRY_0240,2026-08-31,R1_exploratory,R1_exploratory,MDLM_anc,169.6M,OpenWebText continuations,OpenWebText,MDLM_anc,A_pertok,A_pertok,P2k_kron_wc_d16,hg,candidate within state,9,,,,,,,,,within_r2,,0.5601132059046756,,,,,,,positive,no,rescue_audit/results/R1_MDLM_anc_broad.json,registry row 240,Registry inventory entry; exploratory unless promoted by a curated master-table row.
REGISTRY_0241,2026-08-31,R1_exploratory,R1_exploratory,MDLM_anc,169.6M,OpenWebText continuations,OpenWebText,MDLM_anc,A_pertok,A_pertok,P2k_additive_wc_d16,hg,candidate within state,9,,,,,,,,,within_r2,,0.5671449425579982,,,,,,,positive,no,rescue_audit/results/R1_MDLM_anc_broad.json,registry row 241,Registry inventory entry; exploratory unless promoted by a curated master-table row.
REGISTRY_0242,2026-08-31,R1_exploratory,R1_exploratory,MDLM_anc,169.6M,OpenWebText continuations,OpenWebText,MDLM_anc,A_pertok,A_pertok,P2k_kron_d32,hg,candidate within state,9,,,,,,,,,within_r2,,0.5603638071472707,,,,,,,positive,no,rescue_audit/results/R1_MDLM_anc_broad.json,registry row 242,Registry inventory entry; exploratory unless promoted by a curated master-table row.
REGISTRY_0243,2026-08-31,R1_exploratory,R1_exploratory,MDLM_anc,169.6M,OpenWebText continuations,OpenWebText,MDLM_anc,A_pertok,A_pertok,P2k_kroneOnly_d32,hg,candidate within state,9,,,,,,,,,within_r2,,0.5501924661270866,,,,,,,positive,no,rescue_audit/results/R1_MDLM_anc_broad.json,registry row 243,Registry inventory entry; exploratory unless promoted by a curated master-table row.
REGISTRY_0244,2026-08-31,R1_exploratory,R1_exploratory,MDLM_anc,169.6M,OpenWebText continuations,OpenWebText,MDLM_anc,A_pertok,A_pertok,P2k_additive_d32,hg,candidate within state,9,,,,,,,,,within_r2,,0.579491472842961,,,,,,,positive,no,rescue_audit/results/R1_MDLM_anc_broad.json,registry row 244,Registry inventory entry; exploratory unless promoted by a curated master-table row.
REGISTRY_0245,2026-08-31,R1_exploratory,R1_exploratory,MDLM_anc,169.6M,OpenWebText continuations,OpenWebText,MDLM_anc,A_pertok,A_pertok,P2k_kron_wc_d32,hg,candidate within state,9,,,,,,,,,within_r2,,0.5572509398936842,,,,,,,positive,no,rescue_audit/results/R1_MDLM_anc_broad.json,registry row 245,Registry inventory entry; exploratory unless promoted by a curated master-table row.
REGISTRY_0246,2026-08-31,R1_exploratory,R1_exploratory,MDLM_anc,169.6M,OpenWebText continuations,OpenWebText,MDLM_anc,A_pertok,A_pertok,P2k_additive_wc_d32,hg,candidate within state,9,,,,,,,,,within_r2,,0.567657667348074,,,,,,,positive,no,rescue_audit/results/R1_MDLM_anc_broad.json,registry row 246,Registry inventory entry; exploratory unless promoted by a curated master-table row.
REGISTRY_0247,2026-08-31,R1_exploratory,R1_exploratory,MDLM_anc,169.6M,OpenWebText continuations,OpenWebText,MDLM_anc,A_pertok,A_pertok,P13_pls,hg,candidate within state,9,,,,,,,,,within_r2,,0.19911216573848933,,,,,,,positive,no,rescue_audit/results/R1_MDLM_anc_broad.json,registry row 247,Registry inventory entry; exploratory unless promoted by a curated master-table row.
REGISTRY_0248,2026-08-31,R1_exploratory,R1_exploratory,MDLM_anc,169.6M,OpenWebText continuations,OpenWebText,MDLM_anc,A_pertok,A_pertok,P0_cheap,hg,candidate within state,9,,,,,,,,,within_r2,,0.5681817005462532,,,,,,,positive,no,rescue_audit/results/R1_MDLM_anc_broad.json,registry row 248,Registry inventory entry; exploratory unless promoted by a curated master-table row.
REGISTRY_0249,2026-08-31,R1_exploratory,R1_exploratory,MDLM_anc,169.6M,OpenWebText continuations,OpenWebText,MDLM_anc,A_pertok,A_pertok,P0_hi,hg,candidate within state,9,,,,,,,,,within_r2,,0.13407866437806493,,,,,,,positive,no,rescue_audit/results/R1_MDLM_anc_broad.json,registry row 249,Registry inventory entry; exploratory unless promoted by a curated master-table row.
REGISTRY_0250,2026-08-31,R1_exploratory,R1_exploratory,MDLM_anc,169.6M,OpenWebText continuations,OpenWebText,MDLM_anc,A_pertok,A_pertok,P0_hg,hg,candidate within state,9,,,,,,,,,within_r2,,0.0,,,,,,,negative_or_zero,no,rescue_audit/results/R1_MDLM_anc_broad.json,registry row 250,Registry inventory entry; exploratory unless promoted by a curated master-table row.
REGISTRY_0251,2026-08-31,R1_exploratory,R1_exploratory,MDLM_anc,169.6M,OpenWebText continuations,OpenWebText,MDLM_anc,A_pertok,A_pertok,P0_hi_hg,hg,candidate within state,9,,,,,,,,,within_r2,,0.20999389781858957,,,,,,,positive,no,rescue_audit/results/R1_MDLM_anc_broad.json,registry row 251,Registry inventory entry; exploratory unless promoted by a curated master-table row.
REGISTRY_0252,2026-08-31,R1_exploratory,R1_exploratory,MDLM_anc,169.6M,OpenWebText continuations,OpenWebText,MDLM_anc,A_pertok,A_pertok,P0_cheap+hi,hg,candidate within state,9,,,,,,,,,within_r2,,0.5664931307809535,,,,,,,positive,no,rescue_audit/results/R1_MDLM_anc_broad.json,registry row 252,Registry inventory entry; exploratory unless promoted by a curated master-table row.
REGISTRY_0253,2026-08-31,R1_exploratory,R1_exploratory,MDLM_anc,169.6M,OpenWebText continuations,OpenWebText,MDLM_anc,A_pertok,A_pertok,P0_cheap+H,hg,candidate within state,9,,,,,,,,,within_r2,,0.5866219490133371,,,,,,,positive,no,rescue_audit/results/R1_MDLM_anc_broad.json,registry row 253,Registry inventory entry; exploratory unless promoted by a curated master-table row.
REGISTRY_0254,2026-08-31,R1_exploratory,R1_exploratory,MDLM_anc,169.6M,OpenWebText continuations,OpenWebText,MDLM_anc,A_pertok,A_pertok,P2k_kron_d16,hg,candidate within state,9,,,,,,,,,within_r2,,0.5806897000058423,,,,,,,positive,no,rescue_audit/results/R1_MDLM_anc_broad.json,registry row 254,Registry inventory entry; exploratory unless promoted by a curated master-table row.
REGISTRY_0255,2026-08-31,R1_exploratory,R1_exploratory,MDLM_anc,169.6M,OpenWebText continuations,OpenWebText,MDLM_anc,A_pertok,A_pertok,P2k_kroneOnly_d16,hg,candidate within state,9,,,,,,,,,within_r2,,0.5696499219641089,,,,,,,positive,no,rescue_audit/results/R1_MDLM_anc_broad.json,registry row 255,Registry inventory entry; exploratory unless promoted by a curated master-table row.
REGISTRY_0256,2026-08-31,R1_exploratory,R1_exploratory,MDLM_anc,169.6M,OpenWebText continuations,OpenWebText,MDLM_anc,A_pertok,A_pertok,P2k_additive_d16,hg,candidate within state,9,,,,,,,,,within_r2,,0.5872111760004537,,,,,,,positive,no,rescue_audit/results/R1_MDLM_anc_broad.json,registry row 256,Registry inventory entry; exploratory unless promoted by a curated master-table row.
REGISTRY_0257,2026-08-31,R1_exploratory,R1_exploratory,MDLM_anc,169.6M,OpenWebText continuations,OpenWebText,MDLM_anc,A_pertok,A_pertok,P2k_kron_wc_d16,hg,candidate within state,9,,,,,,,,,within_r2,,0.565921585916584,,,,,,,positive,no,rescue_audit/results/R1_MDLM_anc_broad.json,registry row 257,Registry inventory entry; exploratory unless promoted by a curated master-table row.
REGISTRY_0258,2026-08-31,R1_exploratory,R1_exploratory,MDLM_anc,169.6M,OpenWebText continuations,OpenWebText,MDLM_anc,A_pertok,A_pertok,P2k_additive_wc_d16,hg,candidate within state,9,,,,,,,,,within_r2,,0.5705802016632461,,,,,,,positive,no,rescue_audit/results/R1_MDLM_anc_broad.json,registry row 258,Registry inventory entry; exploratory unless promoted by a curated master-table row.
REGISTRY_0259,2026-08-31,R1_exploratory,R1_exploratory,MDLM_anc,169.6M,OpenWebText continuations,OpenWebText,MDLM_anc,A_pertok,A_pertok,P2k_kron_d32,hg,candidate within state,9,,,,,,,,,within_r2,,0.5695784495178291,,,,,,,positive,no,rescue_audit/results/R1_MDLM_anc_broad.json,registry row 259,Registry inventory entry; exploratory unless promoted by a curated master-table row.
REGISTRY_0260,2026-08-31,R1_exploratory,R1_exploratory,MDLM_anc,169.6M,OpenWebText continuations,OpenWebText,MDLM_anc,A_pertok,A_pertok,P2k_kroneOnly_d32,hg,candidate within state,9,,,,,,,,,within_r2,,0.5633825501424481,,,,,,,positive,no,rescue_audit/results/R1_MDLM_anc_broad.json,registry row 260,Registry inventory entry; exploratory unless promoted by a curated master-table row.
REGISTRY_0261,2026-08-31,R1_exploratory,R1_exploratory,MDLM_anc,169.6M,OpenWebText continuations,OpenWebText,MDLM_anc,A_pertok,A_pertok,P2k_additive_d32,hg,candidate within state,9,,,,,,,,,within_r2,,0.5869471146871656,,,,,,,positive,no,rescue_audit/results/R1_MDLM_anc_broad.json,registry row 261,Registry inventory entry; exploratory unless promoted by a curated master-table row.
REGISTRY_0262,2026-08-31,R1_exploratory,R1_exploratory,MDLM_anc,169.6M,OpenWebText continuations,OpenWebText,MDLM_anc,A_pertok,A_pertok,P2k_kron_wc_d32,hg,candidate within state,9,,,,,,,,,within_r2,,0.5643985720908773,,,,,,,positive,no,rescue_audit/results/R1_MDLM_anc_broad.json,registry row 262,Registry inventory entry; exploratory unless promoted by a curated master-table row.
REGISTRY_0263,2026-08-31,R1_exploratory,R1_exploratory,MDLM_anc,169.6M,OpenWebText continuations,OpenWebText,MDLM_anc,A_pertok,A_pertok,P2k_additive_wc_d32,hg,candidate within state,9,,,,,,,,,within_r2,,0.571360536061138,,,,,,,positive,no,rescue_audit/results/R1_MDLM_anc_broad.json,registry row 263,Registry inventory entry; exploratory unless promoted by a curated master-table row.
REGISTRY_0264,2026-08-31,R1_exploratory,R1_exploratory,MDLM_anc,169.6M,OpenWebText continuations,OpenWebText,MDLM_anc,A_pertok,A_pertok,P13_pls,hg,candidate within state,9,,,,,,,,,within_r2,,0.20539401553511716,,,,,,,positive,no,rescue_audit/results/R1_MDLM_anc_broad.json,registry row 264,Registry inventory entry; exploratory unless promoted by a curated master-table row.
REGISTRY_0265,2026-08-31,R1_exploratory,R1_exploratory,MDLM_anc,169.6M,OpenWebText continuations,OpenWebText,MDLM_anc,A_pertok,A_pertok,P0_cheap,hg,candidate within state,6,,,,,,,,,within_r2,,0.5678953381636578,,,,,,,positive,no,rescue_audit/results/R1_MDLM_anc_broad.json,registry row 265,Registry inventory entry; exploratory unless promoted by a curated master-table row.
REGISTRY_0266,2026-08-31,R1_exploratory,R1_exploratory,MDLM_anc,169.6M,OpenWebText continuations,OpenWebText,MDLM_anc,A_pertok,A_pertok,P0_hi,hg,candidate within state,6,,,,,,,,,within_r2,,0.10372779612264715,,,,,,,positive,no,rescue_audit/results/R1_MDLM_anc_broad.json,registry row 266,Registry inventory entry; exploratory unless promoted by a curated master-table row.
REGISTRY_0267,2026-08-31,R1_exploratory,R1_exploratory,MDLM_anc,169.6M,OpenWebText continuations,OpenWebText,MDLM_anc,A_pertok,A_pertok,P0_hg,hg,candidate within state,6,,,,,,,,,within_r2,,0.0,,,,,,,negative_or_zero,no,rescue_audit/results/R1_MDLM_anc_broad.json,registry row 267,Registry inventory entry; exploratory unless promoted by a curated master-table row.
REGISTRY_0268,2026-08-31,R1_exploratory,R1_exploratory,MDLM_anc,169.6M,OpenWebText continuations,OpenWebText,MDLM_anc,A_pertok,A_pertok,P0_hi_hg,hg,candidate within state,6,,,,,,,,,within_r2,,0.1676920517346343,,,,,,,positive,no,rescue_audit/results/R1_MDLM_anc_broad.json,registry row 268,Registry inventory entry; exploratory unless promoted by a curated master-table row.
REGISTRY_0269,2026-08-31,R1_exploratory,R1_exploratory,MDLM_anc,169.6M,OpenWebText continuations,OpenWebText,MDLM_anc,A_pertok,A_pertok,P0_cheap+hi,hg,candidate within state,6,,,,,,,,,within_r2,,0.572139219107314,,,,,,,positive,no,rescue_audit/results/R1_MDLM_anc_broad.json,registry row 269,Registry inventory entry; exploratory unless promoted by a curated master-table row.
REGISTRY_0270,2026-08-31,R1_exploratory,R1_exploratory,MDLM_anc,169.6M,OpenWebText continuations,OpenWebText,MDLM_anc,A_pertok,A_pertok,P0_cheap+H,hg,candidate within state,6,,,,,,,,,within_r2,,0.5869785402621875,,,,,,,positive,no,rescue_audit/results/R1_MDLM_anc_broad.json,registry row 270,Registry inventory entry; exploratory unless promoted by a curated master-table row.
REGISTRY_0271,2026-08-31,R1_exploratory,R1_exploratory,MDLM_anc,169.6M,OpenWebText continuations,OpenWebText,MDLM_anc,A_pertok,A_pertok,P2k_kron_d16,hg,candidate within state,6,,,,,,,,,within_r2,,0.5743290828677965,,,,,,,positive,no,rescue_audit/results/R1_MDLM_anc_broad.json,registry row 271,Registry inventory entry; exploratory unless promoted by a curated master-table row.
REGISTRY_0272,2026-08-31,R1_exploratory,R1_exploratory,MDLM_anc,169.6M,OpenWebText continuations,OpenWebText,MDLM_anc,A_pertok,A_pertok,P2k_kroneOnly_d16,hg,candidate within state,6,,,,,,,,,within_r2,,0.5704134722103877,,,,,,,positive,no,rescue_audit/results/R1_MDLM_anc_broad.json,registry row 272,Registry inventory entry; exploratory unless promoted by a curated master-table row.
REGISTRY_0273,2026-08-31,R1_exploratory,R1_exploratory,MDLM_anc,169.6M,OpenWebText continuations,OpenWebText,MDLM_anc,A_pertok,A_pertok,P2k_additive_d16,hg,candidate within state,6,,,,,,,,,within_r2,,0.586785707819268,,,,,,,positive,no,rescue_audit/results/R1_MDLM_anc_broad.json,registry row 273,Registry inventory entry; exploratory unless promoted by a curated master-table row.
REGISTRY_0274,2026-08-31,R1_exploratory,R1_exploratory,MDLM_anc,169.6M,OpenWebText continuations,OpenWebText,MDLM_anc,A_pertok,A_pertok,P2k_kron_wc_d16,hg,candidate within state,6,,,,,,,,,within_r2,,0.5626329279782543,,,,,,,positive,no,rescue_audit/results/R1_MDLM_anc_broad.json,registry row 274,Registry inventory entry; exploratory unless promoted by a curated master-table row.
REGISTRY_0275,2026-08-31,R1_exploratory,R1_exploratory,MDLM_anc,169.6M,OpenWebText continuations,OpenWebText,MDLM_anc,A_pertok,A_pertok,P2k_additive_wc_d16,hg,candidate within state,6,,,,,,,,,within_r2,,0.5699802854623934,,,,,,,positive,no,rescue_audit/results/R1_MDLM_anc_broad.json,registry row 275,Registry inventory entry; exploratory unless promoted by a curated master-table row.
REGISTRY_0276,2026-08-31,R1_exploratory,R1_exploratory,MDLM_anc,169.6M,OpenWebText continuations,OpenWebText,MDLM_anc,A_pertok,A_pertok,P2k_kron_d32,hg,candidate within state,6,,,,,,,,,within_r2,,0.5709810461573106,,,,,,,positive,no,rescue_audit/results/R1_MDLM_anc_broad.json,registry row 276,Registry inventory entry; exploratory unless promoted by a curated master-table row.
REGISTRY_0277,2026-08-31,R1_exploratory,R1_exploratory,MDLM_anc,169.6M,OpenWebText continuations,OpenWebText,MDLM_anc,A_pertok,A_pertok,P2k_kroneOnly_d32,hg,candidate within state,6,,,,,,,,,within_r2,,0.5699719829413334,,,,,,,positive,no,rescue_audit/results/R1_MDLM_anc_broad.json,registry row 277,Registry inventory entry; exploratory unless promoted by a curated master-table row.
REGISTRY_0278,2026-08-31,R1_exploratory,R1_exploratory,MDLM_anc,169.6M,OpenWebText continuations,OpenWebText,MDLM_anc,A_pertok,A_pertok,P2k_additive_d32,hg,candidate within state,6,,,,,,,,,within_r2,,0.5878390970158013,,,,,,,positive,no,rescue_audit/results/R1_MDLM_anc_broad.json,registry row 278,Registry inventory entry; exploratory unless promoted by a curated master-table row.
REGISTRY_0279,2026-08-31,R1_exploratory,R1_exploratory,MDLM_anc,169.6M,OpenWebText continuations,OpenWebText,MDLM_anc,A_pertok,A_pertok,P2k_kron_wc_d32,hg,candidate within state,6,,,,,,,,,within_r2,,0.5628013391173825,,,,,,,positive,no,rescue_audit/results/R1_MDLM_anc_broad.json,registry row 279,Registry inventory entry; exploratory unless promoted by a curated master-table row.
REGISTRY_0280,2026-08-31,R1_exploratory,R1_exploratory,MDLM_anc,169.6M,OpenWebText continuations,OpenWebText,MDLM_anc,A_pertok,A_pertok,P2k_additive_wc_d32,hg,candidate within state,6,,,,,,,,,within_r2,,0.5701796011929108,,,,,,,positive,no,rescue_audit/results/R1_MDLM_anc_broad.json,registry row 280,Registry inventory entry; exploratory unless promoted by a curated master-table row.
REGISTRY_0281,2026-08-31,R1_exploratory,R1_exploratory,MDLM_anc,169.6M,OpenWebText continuations,OpenWebText,MDLM_anc,A_pertok,A_pertok,P13_pls,hg,candidate within state,6,,,,,,,,,within_r2,,0.16480501282693216,,,,,,,positive,no,rescue_audit/results/R1_MDLM_anc_broad.json,registry row 281,Registry inventory entry; exploratory unless promoted by a curated master-table row.
REGISTRY_0282,2026-08-31,R1_exploratory,R1_exploratory,MDLM_anc,169.6M,OpenWebText continuations,OpenWebText,MDLM_anc,A_pertok,A_pertok,P0_cheap,hg,candidate within state,0,,,,,,,,,within_r2,,0.5682409164208686,,,,,,,positive,no,rescue_audit/results/R1_MDLM_anc_broad.json,registry row 282,Registry inventory entry; exploratory unless promoted by a curated master-table row.
REGISTRY_0283,2026-08-31,R1_exploratory,R1_exploratory,MDLM_anc,169.6M,OpenWebText continuations,OpenWebText,MDLM_anc,A_pertok,A_pertok,P0_hi,hg,candidate within state,0,,,,,,,,,within_r2,,0.0,,,,,,,negative_or_zero,no,rescue_audit/results/R1_MDLM_anc_broad.json,registry row 283,Registry inventory entry; exploratory unless promoted by a curated master-table row.
REGISTRY_0284,2026-08-31,R1_exploratory,R1_exploratory,MDLM_anc,169.6M,OpenWebText continuations,OpenWebText,MDLM_anc,A_pertok,A_pertok,P0_hg,hg,candidate within state,0,,,,,,,,,within_r2,,0.0,,,,,,,negative_or_zero,no,rescue_audit/results/R1_MDLM_anc_broad.json,registry row 284,Registry inventory entry; exploratory unless promoted by a curated master-table row.
REGISTRY_0285,2026-08-31,R1_exploratory,R1_exploratory,MDLM_anc,169.6M,OpenWebText continuations,OpenWebText,MDLM_anc,A_pertok,A_pertok,P0_hi_hg,hg,candidate within state,0,,,,,,,,,within_r2,,0.0,,,,,,,negative_or_zero,no,rescue_audit/results/R1_MDLM_anc_broad.json,registry row 285,Registry inventory entry; exploratory unless promoted by a curated master-table row.
REGISTRY_0286,2026-08-31,R1_exploratory,R1_exploratory,MDLM_anc,169.6M,OpenWebText continuations,OpenWebText,MDLM_anc,A_pertok,A_pertok,P0_cheap+hi,hg,candidate within state,0,,,,,,,,,within_r2,,0.5682409164208686,,,,,,,positive,no,rescue_audit/results/R1_MDLM_anc_broad.json,registry row 286,Registry inventory entry; exploratory unless promoted by a curated master-table row.
REGISTRY_0287,2026-08-31,R1_exploratory,R1_exploratory,MDLM_anc,169.6M,OpenWebText continuations,OpenWebText,MDLM_anc,A_pertok,A_pertok,P0_cheap+H,hg,candidate within state,0,,,,,,,,,within_r2,,0.5865868482856624,,,,,,,positive,no,rescue_audit/results/R1_MDLM_anc_broad.json,registry row 287,Registry inventory entry; exploratory unless promoted by a curated master-table row.
REGISTRY_0288,2026-08-31,R1_exploratory,R1_exploratory,MDLM_anc,169.6M,OpenWebText continuations,OpenWebText,MDLM_anc,A_pertok,A_pertok,P2k_kron_d16,hg,candidate within state,0,,,,,,,,,within_r2,,0.5753141325724296,,,,,,,positive,no,rescue_audit/results/R1_MDLM_anc_broad.json,registry row 288,Registry inventory entry; exploratory unless promoted by a curated master-table row.
REGISTRY_0289,2026-08-31,R1_exploratory,R1_exploratory,MDLM_anc,169.6M,OpenWebText continuations,OpenWebText,MDLM_anc,A_pertok,A_pertok,P2k_kroneOnly_d16,hg,candidate within state,0,,,,,,,,,within_r2,,0.5682410346528062,,,,,,,positive,no,rescue_audit/results/R1_MDLM_anc_broad.json,registry row 289,Registry inventory entry; exploratory unless promoted by a curated master-table row.
REGISTRY_0290,2026-08-31,R1_exploratory,R1_exploratory,MDLM_anc,169.6M,OpenWebText continuations,OpenWebText,MDLM_anc,A_pertok,A_pertok,P2k_additive_d16,hg,candidate within state,0,,,,,,,,,within_r2,,0.5753140230025346,,,,,,,positive,no,rescue_audit/results/R1_MDLM_anc_broad.json,registry row 290,Registry inventory entry; exploratory unless promoted by a curated master-table row.
REGISTRY_0291,2026-08-31,R1_exploratory,R1_exploratory,MDLM_anc,169.6M,OpenWebText continuations,OpenWebText,MDLM_anc,A_pertok,A_pertok,P2k_kron_wc_d16,hg,candidate within state,0,,,,,,,,,within_r2,,0.5618451064871833,,,,,,,positive,no,rescue_audit/results/R1_MDLM_anc_broad.json,registry row 291,Registry inventory entry; exploratory unless promoted by a curated master-table row.
REGISTRY_0292,2026-08-31,R1_exploratory,R1_exploratory,MDLM_anc,169.6M,OpenWebText continuations,OpenWebText,MDLM_anc,A_pertok,A_pertok,P2k_additive_wc_d16,hg,candidate within state,0,,,,,,,,,within_r2,,0.5618451004324188,,,,,,,positive,no,rescue_audit/results/R1_MDLM_anc_broad.json,registry row 292,Registry inventory entry; exploratory unless promoted by a curated master-table row.
REGISTRY_0293,2026-08-31,R1_exploratory,R1_exploratory,MDLM_anc,169.6M,OpenWebText continuations,OpenWebText,MDLM_anc,A_pertok,A_pertok,P2k_kron_d32,hg,candidate within state,0,,,,,,,,,within_r2,,0.5765906124913023,,,,,,,positive,no,rescue_audit/results/R1_MDLM_anc_broad.json,registry row 293,Registry inventory entry; exploratory unless promoted by a curated master-table row.
REGISTRY_0294,2026-08-31,R1_exploratory,R1_exploratory,MDLM_anc,169.6M,OpenWebText continuations,OpenWebText,MDLM_anc,A_pertok,A_pertok,P2k_kroneOnly_d32,hg,candidate within state,0,,,,,,,,,within_r2,,0.5682410346528062,,,,,,,positive,no,rescue_audit/results/R1_MDLM_anc_broad.json,registry row 294,Registry inventory entry; exploratory unless promoted by a curated master-table row.
REGISTRY_0295,2026-08-31,R1_exploratory,R1_exploratory,MDLM_anc,169.6M,OpenWebText continuations,OpenWebText,MDLM_anc,A_pertok,A_pertok,P2k_additive_d32,hg,candidate within state,0,,,,,,,,,within_r2,,0.576589160454859,,,,,,,positive,no,rescue_audit/results/R1_MDLM_anc_broad.json,registry row 295,Registry inventory entry; exploratory unless promoted by a curated master-table row.
REGISTRY_0296,2026-08-31,R1_exploratory,R1_exploratory,MDLM_anc,169.6M,OpenWebText continuations,OpenWebText,MDLM_anc,A_pertok,A_pertok,P2k_kron_wc_d32,hg,candidate within state,0,,,,,,,,,within_r2,,0.5622401680005007,,,,,,,positive,no,rescue_audit/results/R1_MDLM_anc_broad.json,registry row 296,Registry inventory entry; exploratory unless promoted by a curated master-table row.
REGISTRY_0297,2026-08-31,R1_exploratory,R1_exploratory,MDLM_anc,169.6M,OpenWebText continuations,OpenWebText,MDLM_anc,A_pertok,A_pertok,P2k_additive_wc_d32,hg,candidate within state,0,,,,,,,,,within_r2,,0.5622396673180707,,,,,,,positive,no,rescue_audit/results/R1_MDLM_anc_broad.json,registry row 297,Registry inventory entry; exploratory unless promoted by a curated master-table row.
REGISTRY_0298,2026-08-31,R1_exploratory,R1_exploratory,MDLM_anc,169.6M,OpenWebText continuations,OpenWebText,MDLM_anc,A_pertok,A_pertok,P13_pls,hg,candidate within state,0,,,,,,,,,within_r2,,0.0,,,,,,,negative_or_zero,no,rescue_audit/results/R1_MDLM_anc_broad.json,registry row 298,Registry inventory entry; exploratory unless promoted by a curated master-table row.
REGISTRY_0299,2026-08-31,R1_exploratory,R1_exploratory,MDLM_anc,169.6M,OpenWebText continuations,OpenWebText,MDLM_anc,A_pertok,A_pertok,P0_cheap,hg,candidate within state,8,,,,,,,,,within_r2,,0.5594875523896641,,,,,,,positive,no,rescue_audit/results/R1_MDLM_anc_broad.json,registry row 299,Registry inventory entry; exploratory unless promoted by a curated master-table row.
REGISTRY_0300,2026-08-31,R1_exploratory,R1_exploratory,MDLM_anc,169.6M,OpenWebText continuations,OpenWebText,MDLM_anc,A_pertok,A_pertok,P0_hi,hg,candidate within state,8,,,,,,,,,within_r2,,0.1452960110538819,,,,,,,positive,no,rescue_audit/results/R1_MDLM_anc_broad.json,registry row 300,Registry inventory entry; exploratory unless promoted by a curated master-table row.
REGISTRY_0301,2026-08-31,R1_exploratory,R1_exploratory,MDLM_anc,169.6M,OpenWebText continuations,OpenWebText,MDLM_anc,A_pertok,A_pertok,P0_hg,hg,candidate within state,8,,,,,,,,,within_r2,,0.0,,,,,,,negative_or_zero,no,rescue_audit/results/R1_MDLM_anc_broad.json,registry row 301,Registry inventory entry; exploratory unless promoted by a curated master-table row.
REGISTRY_0302,2026-08-31,R1_exploratory,R1_exploratory,MDLM_anc,169.6M,OpenWebText continuations,OpenWebText,MDLM_anc,A_pertok,A_pertok,P0_hi_hg,hg,candidate within state,8,,,,,,,,,within_r2,,0.1989395838260798,,,,,,,positive,no,rescue_audit/results/R1_MDLM_anc_broad.json,registry row 302,Registry inventory entry; exploratory unless promoted by a curated master-table row.
REGISTRY_0303,2026-08-31,R1_exploratory,R1_exploratory,MDLM_anc,169.6M,OpenWebText continuations,OpenWebText,MDLM_anc,A_pertok,A_pertok,P0_cheap+hi,hg,candidate within state,8,,,,,,,,,within_r2,,0.5665472362810966,,,,,,,positive,no,rescue_audit/results/R1_MDLM_anc_broad.json,registry row 303,Registry inventory entry; exploratory unless promoted by a curated master-table row.
REGISTRY_0304,2026-08-31,R1_exploratory,R1_exploratory,MDLM_anc,169.6M,OpenWebText continuations,OpenWebText,MDLM_anc,A_pertok,A_pertok,P0_cheap+H,hg,candidate within state,8,,,,,,,,,within_r2,,0.5847292670651253,,,,,,,positive,no,rescue_audit/results/R1_MDLM_anc_broad.json,registry row 304,Registry inventory entry; exploratory unless promoted by a curated master-table row.
REGISTRY_0305,2026-08-31,R1_exploratory,R1_exploratory,MDLM_anc,169.6M,OpenWebText continuations,OpenWebText,MDLM_anc,A_pertok,A_pertok,P2k_kron_d16,hg,candidate within state,8,,,,,,,,,within_r2,,0.5676768104904131,,,,,,,positive,no,rescue_audit/results/R1_MDLM_anc_broad.json,registry row 305,Registry inventory entry; exploratory unless promoted by a curated master-table row.
REGISTRY_0306,2026-08-31,R1_exploratory,R1_exploratory,MDLM_anc,169.6M,OpenWebText continuations,OpenWebText,MDLM_anc,A_pertok,A_pertok,P2k_kroneOnly_d16,hg,candidate within state,8,,,,,,,,,within_r2,,0.5579251559502254,,,,,,,positive,no,rescue_audit/results/R1_MDLM_anc_broad.json,registry row 306,Registry inventory entry; exploratory unless promoted by a curated master-table row.
REGISTRY_0307,2026-08-31,R1_exploratory,R1_exploratory,MDLM_anc,169.6M,OpenWebText continuations,OpenWebText,MDLM_anc,A_pertok,A_pertok,P2k_additive_d16,hg,candidate within state,8,,,,,,,,,within_r2,,0.5857233345930857,,,,,,,positive,no,rescue_audit/results/R1_MDLM_anc_broad.json,registry row 307,Registry inventory entry; exploratory unless promoted by a curated master-table row.
REGISTRY_0308,2026-08-31,R1_exploratory,R1_exploratory,MDLM_anc,169.6M,OpenWebText continuations,OpenWebText,MDLM_anc,A_pertok,A_pertok,P2k_kron_wc_d16,hg,candidate within state,8,,,,,,,,,within_r2,,0.5607375871030256,,,,,,,positive,no,rescue_audit/results/R1_MDLM_anc_broad.json,registry row 308,Registry inventory entry; exploratory unless promoted by a curated master-table row.
REGISTRY_0309,2026-08-31,R1_exploratory,R1_exploratory,MDLM_anc,169.6M,OpenWebText continuations,OpenWebText,MDLM_anc,A_pertok,A_pertok,P2k_additive_wc_d16,hg,candidate within state,8,,,,,,,,,within_r2,,0.5690311461570268,,,,,,,positive,no,rescue_audit/results/R1_MDLM_anc_broad.json,registry row 309,Registry inventory entry; exploratory unless promoted by a curated master-table row.
REGISTRY_0310,2026-08-31,R1_exploratory,R1_exploratory,MDLM_anc,169.6M,OpenWebText continuations,OpenWebText,MDLM_anc,A_pertok,A_pertok,P2k_kron_d32,hg,candidate within state,8,,,,,,,,,within_r2,,0.5670991039863928,,,,,,,positive,no,rescue_audit/results/R1_MDLM_anc_broad.json,registry row 310,Registry inventory entry; exploratory unless promoted by a curated master-table row.
REGISTRY_0311,2026-08-31,R1_exploratory,R1_exploratory,MDLM_anc,169.6M,OpenWebText continuations,OpenWebText,MDLM_anc,A_pertok,A_pertok,P2k_kroneOnly_d32,hg,candidate within state,8,,,,,,,,,within_r2,,0.5636651409000624,,,,,,,positive,no,rescue_audit/results/R1_MDLM_anc_broad.json,registry row 311,Registry inventory entry; exploratory unless promoted by a curated master-table row.
REGISTRY_0312,2026-08-31,R1_exploratory,R1_exploratory,MDLM_anc,169.6M,OpenWebText continuations,OpenWebText,MDLM_anc,A_pertok,A_pertok,P2k_additive_d32,hg,candidate within state,8,,,,,,,,,within_r2,,0.5867843920251565,,,,,,,positive,no,rescue_audit/results/R1_MDLM_anc_broad.json,registry row 312,Registry inventory entry; exploratory unless promoted by a curated master-table row.
REGISTRY_0313,2026-08-31,R1_exploratory,R1_exploratory,MDLM_anc,169.6M,OpenWebText continuations,OpenWebText,MDLM_anc,A_pertok,A_pertok,P2k_kron_wc_d32,hg,candidate within state,8,,,,,,,,,within_r2,,0.5608076735161793,,,,,,,positive,no,rescue_audit/results/R1_MDLM_anc_broad.json,registry row 313,Registry inventory entry; exploratory unless promoted by a curated master-table row.
REGISTRY_0314,2026-08-31,R1_exploratory,R1_exploratory,MDLM_anc,169.6M,OpenWebText continuations,OpenWebText,MDLM_anc,A_pertok,A_pertok,P2k_additive_wc_d32,hg,candidate within state,8,,,,,,,,,within_r2,,0.5698975712981765,,,,,,,positive,no,rescue_audit/results/R1_MDLM_anc_broad.json,registry row 314,Registry inventory entry; exploratory unless promoted by a curated master-table row.
REGISTRY_0315,2026-08-31,R1_exploratory,R1_exploratory,MDLM_anc,169.6M,OpenWebText continuations,OpenWebText,MDLM_anc,A_pertok,A_pertok,P13_pls,hg,candidate within state,8,,,,,,,,,within_r2,,0.1819012710898278,,,,,,,positive,no,rescue_audit/results/R1_MDLM_anc_broad.json,registry row 315,Registry inventory entry; exploratory unless promoted by a curated master-table row.
REGISTRY_0316,2026-08-31,R1_exploratory,R1_exploratory,MDLM_anc,169.6M,OpenWebText continuations,OpenWebText,MDLM_anc,A_pertok,A_pertok,P0_cheap,hg,candidate within state,11,,,,,,,,,within_r2,,0.5595655237567385,,,,,,,positive,no,rescue_audit/results/R1_MDLM_anc_broad.json,registry row 316,Registry inventory entry; exploratory unless promoted by a curated master-table row.
REGISTRY_0317,2026-08-31,R1_exploratory,R1_exploratory,MDLM_anc,169.6M,OpenWebText continuations,OpenWebText,MDLM_anc,A_pertok,A_pertok,P0_hi,hg,candidate within state,11,,,,,,,,,within_r2,,0.1003566636930101,,,,,,,positive,no,rescue_audit/results/R1_MDLM_anc_broad.json,registry row 317,Registry inventory entry; exploratory unless promoted by a curated master-table row.
REGISTRY_0318,2026-08-31,R1_exploratory,R1_exploratory,MDLM_anc,169.6M,OpenWebText continuations,OpenWebText,MDLM_anc,A_pertok,A_pertok,P0_hg,hg,candidate within state,11,,,,,,,,,within_r2,,0.0,,,,,,,negative_or_zero,no,rescue_audit/results/R1_MDLM_anc_broad.json,registry row 318,Registry inventory entry; exploratory unless promoted by a curated master-table row.
REGISTRY_0319,2026-08-31,R1_exploratory,R1_exploratory,MDLM_anc,169.6M,OpenWebText continuations,OpenWebText,MDLM_anc,A_pertok,A_pertok,P0_hi_hg,hg,candidate within state,11,,,,,,,,,within_r2,,0.19422006732572794,,,,,,,positive,no,rescue_audit/results/R1_MDLM_anc_broad.json,registry row 319,Registry inventory entry; exploratory unless promoted by a curated master-table row.
REGISTRY_0320,2026-08-31,R1_exploratory,R1_exploratory,MDLM_anc,169.6M,OpenWebText continuations,OpenWebText,MDLM_anc,A_pertok,A_pertok,P0_cheap+hi,hg,candidate within state,11,,,,,,,,,within_r2,,0.5664078195045568,,,,,,,positive,no,rescue_audit/results/R1_MDLM_anc_broad.json,registry row 320,Registry inventory entry; exploratory unless promoted by a curated master-table row.
REGISTRY_0321,2026-08-31,R1_exploratory,R1_exploratory,MDLM_anc,169.6M,OpenWebText continuations,OpenWebText,MDLM_anc,A_pertok,A_pertok,P0_cheap+H,hg,candidate within state,11,,,,,,,,,within_r2,,0.5820533739940039,,,,,,,positive,no,rescue_audit/results/R1_MDLM_anc_broad.json,registry row 321,Registry inventory entry; exploratory unless promoted by a curated master-table row.
REGISTRY_0322,2026-08-31,R1_exploratory,R1_exploratory,MDLM_anc,169.6M,OpenWebText continuations,OpenWebText,MDLM_anc,A_pertok,A_pertok,P2k_kron_d16,hg,candidate within state,11,,,,,,,,,within_r2,,0.57287929531591,,,,,,,positive,no,rescue_audit/results/R1_MDLM_anc_broad.json,registry row 322,Registry inventory entry; exploratory unless promoted by a curated master-table row.
REGISTRY_0323,2026-08-31,R1_exploratory,R1_exploratory,MDLM_anc,169.6M,OpenWebText continuations,OpenWebText,MDLM_anc,A_pertok,A_pertok,P2k_kroneOnly_d16,hg,candidate within state,11,,,,,,,,,within_r2,,0.5662003537584748,,,,,,,positive,no,rescue_audit/results/R1_MDLM_anc_broad.json,registry row 323,Registry inventory entry; exploratory unless promoted by a curated master-table row.
REGISTRY_0324,2026-08-31,R1_exploratory,R1_exploratory,MDLM_anc,169.6M,OpenWebText continuations,OpenWebText,MDLM_anc,A_pertok,A_pertok,P2k_additive_d16,hg,candidate within state,11,,,,,,,,,within_r2,,0.5798590504796715,,,,,,,positive,no,rescue_audit/results/R1_MDLM_anc_broad.json,registry row 324,Registry inventory entry; exploratory unless promoted by a curated master-table row.
REGISTRY_0325,2026-08-31,R1_exploratory,R1_exploratory,MDLM_anc,169.6M,OpenWebText continuations,OpenWebText,MDLM_anc,A_pertok,A_pertok,P2k_kron_wc_d16,hg,candidate within state,11,,,,,,,,,within_r2,,0.5626012209320392,,,,,,,positive,no,rescue_audit/results/R1_MDLM_anc_broad.json,registry row 325,Registry inventory entry; exploratory unless promoted by a curated master-table row.
REGISTRY_0326,2026-08-31,R1_exploratory,R1_exploratory,MDLM_anc,169.6M,OpenWebText continuations,OpenWebText,MDLM_anc,A_pertok,A_pertok,P2k_additive_wc_d16,hg,candidate within state,11,,,,,,,,,within_r2,,0.5648968800809506,,,,,,,positive,no,rescue_audit/results/R1_MDLM_anc_broad.json,registry row 326,Registry inventory entry; exploratory unless promoted by a curated master-table row.
REGISTRY_0327,2026-08-31,R1_exploratory,R1_exploratory,MDLM_anc,169.6M,OpenWebText continuations,OpenWebText,MDLM_anc,A_pertok,A_pertok,P2k_kron_d32,hg,candidate within state,11,,,,,,,,,within_r2,,0.5713504684707935,,,,,,,positive,no,rescue_audit/results/R1_MDLM_anc_broad.json,registry row 327,Registry inventory entry; exploratory unless promoted by a curated master-table row.
REGISTRY_0328,2026-08-31,R1_exploratory,R1_exploratory,MDLM_anc,169.6M,OpenWebText continuations,OpenWebText,MDLM_anc,A_pertok,A_pertok,P2k_kroneOnly_d32,hg,candidate within state,11,,,,,,,,,within_r2,,0.5688906413676278,,,,,,,positive,no,rescue_audit/results/R1_MDLM_anc_broad.json,registry row 328,Registry inventory entry; exploratory unless promoted by a curated master-table row.
REGISTRY_0329,2026-08-31,R1_exploratory,R1_exploratory,MDLM_anc,169.6M,OpenWebText continuations,OpenWebText,MDLM_anc,A_pertok,A_pertok,P2k_additive_d32,hg,candidate within state,11,,,,,,,,,within_r2,,0.5787800577405822,,,,,,,positive,no,rescue_audit/results/R1_MDLM_anc_broad.json,registry row 329,Registry inventory entry; exploratory unless promoted by a curated master-table row.
REGISTRY_0330,2026-08-31,R1_exploratory,R1_exploratory,MDLM_anc,169.6M,OpenWebText continuations,OpenWebText,MDLM_anc,A_pertok,A_pertok,P2k_kron_wc_d32,hg,candidate within state,11,,,,,,,,,within_r2,,0.5626541804390746,,,,,,,positive,no,rescue_audit/results/R1_MDLM_anc_broad.json,registry row 330,Registry inventory entry; exploratory unless promoted by a curated master-table row.
REGISTRY_0331,2026-08-31,R1_exploratory,R1_exploratory,MDLM_anc,169.6M,OpenWebText continuations,OpenWebText,MDLM_anc,A_pertok,A_pertok,P2k_additive_wc_d32,hg,candidate within state,11,,,,,,,,,within_r2,,0.5666550491309605,,,,,,,positive,no,rescue_audit/results/R1_MDLM_anc_broad.json,registry row 331,Registry inventory entry; exploratory unless promoted by a curated master-table row.
REGISTRY_0332,2026-08-31,R1_exploratory,R1_exploratory,MDLM_anc,169.6M,OpenWebText continuations,OpenWebText,MDLM_anc,A_pertok,A_pertok,P13_pls,hg,candidate within state,11,,,,,,,,,within_r2,,0.17639918983679814,,,,,,,positive,no,rescue_audit/results/R1_MDLM_anc_broad.json,registry row 332,Registry inventory entry; exploratory unless promoted by a curated master-table row.
REGISTRY_0333,2026-08-31,R1_exploratory,R1_exploratory,MDLM_anc,169.6M,OpenWebText continuations,OpenWebText,MDLM_anc,A_pertok,A_pertok,P0_cheap,hg,candidate within state,9,,,,,,,,,within_r2,,0.4919755931177211,,,,,,,positive,no,rescue_audit/results/R1_MDLM_anc_broad.json,registry row 333,Registry inventory entry; exploratory unless promoted by a curated master-table row.
REGISTRY_0334,2026-08-31,R1_exploratory,R1_exploratory,MDLM_anc,169.6M,OpenWebText continuations,OpenWebText,MDLM_anc,A_pertok,A_pertok,P0_hi,hg,candidate within state,9,,,,,,,,,within_r2,,0.10043573644124004,,,,,,,positive,no,rescue_audit/results/R1_MDLM_anc_broad.json,registry row 334,Registry inventory entry; exploratory unless promoted by a curated master-table row.
REGISTRY_0335,2026-08-31,R1_exploratory,R1_exploratory,MDLM_anc,169.6M,OpenWebText continuations,OpenWebText,MDLM_anc,A_pertok,A_pertok,P0_hg,hg,candidate within state,9,,,,,,,,,within_r2,,0.0,,,,,,,negative_or_zero,no,rescue_audit/results/R1_MDLM_anc_broad.json,registry row 335,Registry inventory entry; exploratory unless promoted by a curated master-table row.
REGISTRY_0336,2026-08-31,R1_exploratory,R1_exploratory,MDLM_anc,169.6M,OpenWebText continuations,OpenWebText,MDLM_anc,A_pertok,A_pertok,P0_hi_hg,hg,candidate within state,9,,,,,,,,,within_r2,,0.17132402904166943,,,,,,,positive,no,rescue_audit/results/R1_MDLM_anc_broad.json,registry row 336,Registry inventory entry; exploratory unless promoted by a curated master-table row.
REGISTRY_0337,2026-08-31,R1_exploratory,R1_exploratory,MDLM_anc,169.6M,OpenWebText continuations,OpenWebText,MDLM_anc,A_pertok,A_pertok,P0_cheap+hi,hg,candidate within state,9,,,,,,,,,within_r2,,0.5650957836936348,,,,,,,positive,no,rescue_audit/results/R1_MDLM_anc_broad.json,registry row 337,Registry inventory entry; exploratory unless promoted by a curated master-table row.
REGISTRY_0338,2026-08-31,R1_exploratory,R1_exploratory,MDLM_anc,169.6M,OpenWebText continuations,OpenWebText,MDLM_anc,A_pertok,A_pertok,P0_cheap+H,hg,candidate within state,9,,,,,,,,,within_r2,,0.5811192072185591,,,,,,,positive,no,rescue_audit/results/R1_MDLM_anc_broad.json,registry row 338,Registry inventory entry; exploratory unless promoted by a curated master-table row.
REGISTRY_0339,2026-08-31,R1_exploratory,R1_exploratory,MDLM_anc,169.6M,OpenWebText continuations,OpenWebText,MDLM_anc,A_pertok,A_pertok,P2k_kron_d16,hg,candidate within state,9,,,,,,,,,within_r2,,0.5684253467433427,,,,,,,positive,no,rescue_audit/results/R1_MDLM_anc_broad.json,registry row 339,Registry inventory entry; exploratory unless promoted by a curated master-table row.
REGISTRY_0340,2026-08-31,R1_exploratory,R1_exploratory,MDLM_anc,169.6M,OpenWebText continuations,OpenWebText,MDLM_anc,A_pertok,A_pertok,P2k_kroneOnly_d16,hg,candidate within state,9,,,,,,,,,within_r2,,0.5594906280104279,,,,,,,positive,no,rescue_audit/results/R1_MDLM_anc_broad.json,registry row 340,Registry inventory entry; exploratory unless promoted by a curated master-table row.
REGISTRY_0341,2026-08-31,R1_exploratory,R1_exploratory,MDLM_anc,169.6M,OpenWebText continuations,OpenWebText,MDLM_anc,A_pertok,A_pertok,P2k_additive_d16,hg,candidate within state,9,,,,,,,,,within_r2,,0.5797420949599109,,,,,,,positive,no,rescue_audit/results/R1_MDLM_anc_broad.json,registry row 341,Registry inventory entry; exploratory unless promoted by a curated master-table row.
REGISTRY_0342,2026-08-31,R1_exploratory,R1_exploratory,MDLM_anc,169.6M,OpenWebText continuations,OpenWebText,MDLM_anc,A_pertok,A_pertok,P2k_kron_wc_d16,hg,candidate within state,9,,,,,,,,,within_r2,,0.5605869420213776,,,,,,,positive,no,rescue_audit/results/R1_MDLM_anc_broad.json,registry row 342,Registry inventory entry; exploratory unless promoted by a curated master-table row.
REGISTRY_0343,2026-08-31,R1_exploratory,R1_exploratory,MDLM_anc,169.6M,OpenWebText continuations,OpenWebText,MDLM_anc,A_pertok,A_pertok,P2k_additive_wc_d16,hg,candidate within state,9,,,,,,,,,within_r2,,0.5681785264435804,,,,,,,positive,no,rescue_audit/results/R1_MDLM_anc_broad.json,registry row 343,Registry inventory entry; exploratory unless promoted by a curated master-table row.
REGISTRY_0344,2026-08-31,R1_exploratory,R1_exploratory,MDLM_anc,169.6M,OpenWebText continuations,OpenWebText,MDLM_anc,A_pertok,A_pertok,P2k_kron_d32,hg,candidate within state,9,,,,,,,,,within_r2,,0.5680714921543174,,,,,,,positive,no,rescue_audit/results/R1_MDLM_anc_broad.json,registry row 344,Registry inventory entry; exploratory unless promoted by a curated master-table row.
REGISTRY_0345,2026-08-31,R1_exploratory,R1_exploratory,MDLM_anc,169.6M,OpenWebText continuations,OpenWebText,MDLM_anc,A_pertok,A_pertok,P2k_kroneOnly_d32,hg,candidate within state,9,,,,,,,,,within_r2,,0.5634683236058106,,,,,,,positive,no,rescue_audit/results/R1_MDLM_anc_broad.json,registry row 345,Registry inventory entry; exploratory unless promoted by a curated master-table row.
REGISTRY_0346,2026-08-31,R1_exploratory,R1_exploratory,MDLM_anc,169.6M,OpenWebText continuations,OpenWebText,MDLM_anc,A_pertok,A_pertok,P2k_additive_d32,hg,candidate within state,9,,,,,,,,,within_r2,,0.5816078590748617,,,,,,,positive,no,rescue_audit/results/R1_MDLM_anc_broad.json,registry row 346,Registry inventory entry; exploratory unless promoted by a curated master-table row.
REGISTRY_0347,2026-08-31,R1_exploratory,R1_exploratory,MDLM_anc,169.6M,OpenWebText continuations,OpenWebText,MDLM_anc,A_pertok,A_pertok,P2k_kron_wc_d32,hg,candidate within state,9,,,,,,,,,within_r2,,0.5597771582076585,,,,,,,positive,no,rescue_audit/results/R1_MDLM_anc_broad.json,registry row 347,Registry inventory entry; exploratory unless promoted by a curated master-table row.
REGISTRY_0348,2026-08-31,R1_exploratory,R1_exploratory,MDLM_anc,169.6M,OpenWebText continuations,OpenWebText,MDLM_anc,A_pertok,A_pertok,P2k_additive_wc_d32,hg,candidate within state,9,,,,,,,,,within_r2,,0.5703164309301956,,,,,,,positive,no,rescue_audit/results/R1_MDLM_anc_broad.json,registry row 348,Registry inventory entry; exploratory unless promoted by a curated master-table row.
REGISTRY_0349,2026-08-31,R1_exploratory,R1_exploratory,MDLM_anc,169.6M,OpenWebText continuations,OpenWebText,MDLM_anc,A_pertok,A_pertok,P13_pls,hg,candidate within state,9,,,,,,,,,within_r2,,0.17607318690899942,,,,,,,positive,no,rescue_audit/results/R1_MDLM_anc_broad.json,registry row 349,Registry inventory entry; exploratory unless promoted by a curated master-table row.
REGISTRY_0350,2026-08-31,R1_exploratory,R1_exploratory,MDLM_anc,169.6M,OpenWebText continuations,OpenWebText,MDLM_anc,A_future,A_future,P0_cheap,hg,candidate within state,10,,,,,,,,,within_r2,,0.2304662707526004,,,,,,,positive,no,rescue_audit/results/R1_MDLM_anc_broad.json,registry row 350,Registry inventory entry; exploratory unless promoted by a curated master-table row.
REGISTRY_0351,2026-08-31,R1_exploratory,R1_exploratory,MDLM_anc,169.6M,OpenWebText continuations,OpenWebText,MDLM_anc,A_future,A_future,P0_hi,hg,candidate within state,10,,,,,,,,,within_r2,,0.19206494190674972,,,,,,,positive,no,rescue_audit/results/R1_MDLM_anc_broad.json,registry row 351,Registry inventory entry; exploratory unless promoted by a curated master-table row.
REGISTRY_0352,2026-08-31,R1_exploratory,R1_exploratory,MDLM_anc,169.6M,OpenWebText continuations,OpenWebText,MDLM_anc,A_future,A_future,P0_hg,hg,candidate within state,10,,,,,,,,,within_r2,,0.0,,,,,,,negative_or_zero,no,rescue_audit/results/R1_MDLM_anc_broad.json,registry row 352,Registry inventory entry; exploratory unless promoted by a curated master-table row.
REGISTRY_0353,2026-08-31,R1_exploratory,R1_exploratory,MDLM_anc,169.6M,OpenWebText continuations,OpenWebText,MDLM_anc,A_future,A_future,P0_hi_hg,hg,candidate within state,10,,,,,,,,,within_r2,,0.21162874908003537,,,,,,,positive,no,rescue_audit/results/R1_MDLM_anc_broad.json,registry row 353,Registry inventory entry; exploratory unless promoted by a curated master-table row.
REGISTRY_0354,2026-08-31,R1_exploratory,R1_exploratory,MDLM_anc,169.6M,OpenWebText continuations,OpenWebText,MDLM_anc,A_future,A_future,P0_cheap+hi,hg,candidate within state,10,,,,,,,,,within_r2,,0.23846338113370236,,,,,,,positive,no,rescue_audit/results/R1_MDLM_anc_broad.json,registry row 354,Registry inventory entry; exploratory unless promoted by a curated master-table row.
REGISTRY_0355,2026-08-31,R1_exploratory,R1_exploratory,MDLM_anc,169.6M,OpenWebText continuations,OpenWebText,MDLM_anc,A_future,A_future,P0_cheap+H,hg,candidate within state,10,,,,,,,,,within_r2,,0.24049404067474034,,,,,,,positive,no,rescue_audit/results/R1_MDLM_anc_broad.json,registry row 355,Registry inventory entry; exploratory unless promoted by a curated master-table row.
REGISTRY_0356,2026-08-31,R1_exploratory,R1_exploratory,MDLM_anc,169.6M,OpenWebText continuations,OpenWebText,MDLM_anc,A_future,A_future,P2k_kron_d16,hg,candidate within state,10,,,,,,,,,within_r2,,0.2232535041045166,,,,,,,positive,no,rescue_audit/results/R1_MDLM_anc_broad.json,registry row 356,Registry inventory entry; exploratory unless promoted by a curated master-table row.
REGISTRY_0357,2026-08-31,R1_exploratory,R1_exploratory,MDLM_anc,169.6M,OpenWebText continuations,OpenWebText,MDLM_anc,A_future,A_future,P2k_kroneOnly_d16,hg,candidate within state,10,,,,,,,,,within_r2,,0.22741827164972117,,,,,,,positive,no,rescue_audit/results/R1_MDLM_anc_broad.json,registry row 357,Registry inventory entry; exploratory unless promoted by a curated master-table row.
REGISTRY_0358,2026-08-31,R1_exploratory,R1_exploratory,MDLM_anc,169.6M,OpenWebText continuations,OpenWebText,MDLM_anc,A_future,A_future,P2k_additive_d16,hg,candidate within state,10,,,,,,,,,within_r2,,0.2441154923435811,,,,,,,positive,no,rescue_audit/results/R1_MDLM_anc_broad.json,registry row 358,Registry inventory entry; exploratory unless promoted by a curated master-table row.
REGISTRY_0359,2026-08-31,R1_exploratory,R1_exploratory,MDLM_anc,169.6M,OpenWebText continuations,OpenWebText,MDLM_anc,A_future,A_future,P2k_kron_wc_d16,hg,candidate within state,10,,,,,,,,,within_r2,,0.2365906118479939,,,,,,,positive,no,rescue_audit/results/R1_MDLM_anc_broad.json,registry row 359,Registry inventory entry; exploratory unless promoted by a curated master-table row.
REGISTRY_0360,2026-08-31,R1_exploratory,R1_exploratory,MDLM_anc,169.6M,OpenWebText continuations,OpenWebText,MDLM_anc,A_future,A_future,P2k_additive_wc_d16,hg,candidate within state,10,,,,,,,,,within_r2,,0.24342074856760532,,,,,,,positive,no,rescue_audit/results/R1_MDLM_anc_broad.json,registry row 360,Registry inventory entry; exploratory unless promoted by a curated master-table row.
REGISTRY_0361,2026-08-31,R1_exploratory,R1_exploratory,MDLM_anc,169.6M,OpenWebText continuations,OpenWebText,MDLM_anc,A_future,A_future,P2k_kron_d32,hg,candidate within state,10,,,,,,,,,within_r2,,0.21942294207707957,,,,,,,positive,no,rescue_audit/results/R1_MDLM_anc_broad.json,registry row 361,Registry inventory entry; exploratory unless promoted by a curated master-table row.
REGISTRY_0362,2026-08-31,R1_exploratory,R1_exploratory,MDLM_anc,169.6M,OpenWebText continuations,OpenWebText,MDLM_anc,A_future,A_future,P2k_kroneOnly_d32,hg,candidate within state,10,,,,,,,,,within_r2,,0.22669151719579028,,,,,,,positive,no,rescue_audit/results/R1_MDLM_anc_broad.json,registry row 362,Registry inventory entry; exploratory unless promoted by a curated master-table row.
REGISTRY_0363,2026-08-31,R1_exploratory,R1_exploratory,MDLM_anc,169.6M,OpenWebText continuations,OpenWebText,MDLM_anc,A_future,A_future,P2k_additive_d32,hg,candidate within state,10,,,,,,,,,within_r2,,0.23918417292794336,,,,,,,positive,no,rescue_audit/results/R1_MDLM_anc_broad.json,registry row 363,Registry inventory entry; exploratory unless promoted by a curated master-table row.
REGISTRY_0364,2026-08-31,R1_exploratory,R1_exploratory,MDLM_anc,169.6M,OpenWebText continuations,OpenWebText,MDLM_anc,A_future,A_future,P2k_kron_wc_d32,hg,candidate within state,10,,,,,,,,,within_r2,,0.23420664906933308,,,,,,,positive,no,rescue_audit/results/R1_MDLM_anc_broad.json,registry row 364,Registry inventory entry; exploratory unless promoted by a curated master-table row.
REGISTRY_0365,2026-08-31,R1_exploratory,R1_exploratory,MDLM_anc,169.6M,OpenWebText continuations,OpenWebText,MDLM_anc,A_future,A_future,P2k_additive_wc_d32,hg,candidate within state,10,,,,,,,,,within_r2,,0.24375267310853466,,,,,,,positive,no,rescue_audit/results/R1_MDLM_anc_broad.json,registry row 365,Registry inventory entry; exploratory unless promoted by a curated master-table row.
REGISTRY_0366,2026-08-31,R1_exploratory,R1_exploratory,MDLM_anc,169.6M,OpenWebText continuations,OpenWebText,MDLM_anc,A_future,A_future,P13_pls,hg,candidate within state,10,,,,,,,,,within_r2,,0.2073648681804101,,,,,,,positive,no,rescue_audit/results/R1_MDLM_anc_broad.json,registry row 366,Registry inventory entry; exploratory unless promoted by a curated master-table row.
REGISTRY_0367,2026-08-31,R1_exploratory,R1_exploratory,MDLM_anc,169.6M,OpenWebText continuations,OpenWebText,MDLM_anc,A_future,A_future,P0_cheap,hg,candidate within state,5,,,,,,,,,within_r2,,0.23096150722365594,,,,,,,positive,no,rescue_audit/results/R1_MDLM_anc_broad.json,registry row 367,Registry inventory entry; exploratory unless promoted by a curated master-table row.
REGISTRY_0368,2026-08-31,R1_exploratory,R1_exploratory,MDLM_anc,169.6M,OpenWebText continuations,OpenWebText,MDLM_anc,A_future,A_future,P0_hi,hg,candidate within state,5,,,,,,,,,within_r2,,0.17637952590650718,,,,,,,positive,no,rescue_audit/results/R1_MDLM_anc_broad.json,registry row 368,Registry inventory entry; exploratory unless promoted by a curated master-table row.
REGISTRY_0369,2026-08-31,R1_exploratory,R1_exploratory,MDLM_anc,169.6M,OpenWebText continuations,OpenWebText,MDLM_anc,A_future,A_future,P0_hg,hg,candidate within state,5,,,,,,,,,within_r2,,0.0,,,,,,,negative_or_zero,no,rescue_audit/results/R1_MDLM_anc_broad.json,registry row 369,Registry inventory entry; exploratory unless promoted by a curated master-table row.
REGISTRY_0370,2026-08-31,R1_exploratory,R1_exploratory,MDLM_anc,169.6M,OpenWebText continuations,OpenWebText,MDLM_anc,A_future,A_future,P0_hi_hg,hg,candidate within state,5,,,,,,,,,within_r2,,0.18709951580295792,,,,,,,positive,no,rescue_audit/results/R1_MDLM_anc_broad.json,registry row 370,Registry inventory entry; exploratory unless promoted by a curated master-table row.
REGISTRY_0371,2026-08-31,R1_exploratory,R1_exploratory,MDLM_anc,169.6M,OpenWebText continuations,OpenWebText,MDLM_anc,A_future,A_future,P0_cheap+hi,hg,candidate within state,5,,,,,,,,,within_r2,,0.24128105540209344,,,,,,,positive,no,rescue_audit/results/R1_MDLM_anc_broad.json,registry row 371,Registry inventory entry; exploratory unless promoted by a curated master-table row.
REGISTRY_0372,2026-08-31,R1_exploratory,R1_exploratory,MDLM_anc,169.6M,OpenWebText continuations,OpenWebText,MDLM_anc,A_future,A_future,P0_cheap+H,hg,candidate within state,5,,,,,,,,,within_r2,,0.24472775739562602,,,,,,,positive,no,rescue_audit/results/R1_MDLM_anc_broad.json,registry row 372,Registry inventory entry; exploratory unless promoted by a curated master-table row.
REGISTRY_0373,2026-08-31,R1_exploratory,R1_exploratory,MDLM_anc,169.6M,OpenWebText continuations,OpenWebText,MDLM_anc,A_future,A_future,P2k_kron_d16,hg,candidate within state,5,,,,,,,,,within_r2,,0.23301846901045864,,,,,,,positive,no,rescue_audit/results/R1_MDLM_anc_broad.json,registry row 373,Registry inventory entry; exploratory unless promoted by a curated master-table row.
REGISTRY_0374,2026-08-31,R1_exploratory,R1_exploratory,MDLM_anc,169.6M,OpenWebText continuations,OpenWebText,MDLM_anc,A_future,A_future,P2k_kroneOnly_d16,hg,candidate within state,5,,,,,,,,,within_r2,,0.23126096015991582,,,,,,,positive,no,rescue_audit/results/R1_MDLM_anc_broad.json,registry row 374,Registry inventory entry; exploratory unless promoted by a curated master-table row.
REGISTRY_0375,2026-08-31,R1_exploratory,R1_exploratory,MDLM_anc,169.6M,OpenWebText continuations,OpenWebText,MDLM_anc,A_future,A_future,P2k_additive_d16,hg,candidate within state,5,,,,,,,,,within_r2,,0.245634310058911,,,,,,,positive,no,rescue_audit/results/R1_MDLM_anc_broad.json,registry row 375,Registry inventory entry; exploratory unless promoted by a curated master-table row.
REGISTRY_0376,2026-08-31,R1_exploratory,R1_exploratory,MDLM_anc,169.6M,OpenWebText continuations,OpenWebText,MDLM_anc,A_future,A_future,P2k_kron_wc_d16,hg,candidate within state,5,,,,,,,,,within_r2,,0.23406189494304253,,,,,,,positive,no,rescue_audit/results/R1_MDLM_anc_broad.json,registry row 376,Registry inventory entry; exploratory unless promoted by a curated master-table row.
REGISTRY_0377,2026-08-31,R1_exploratory,R1_exploratory,MDLM_anc,169.6M,OpenWebText continuations,OpenWebText,MDLM_anc,A_future,A_future,P2k_additive_wc_d16,hg,candidate within state,5,,,,,,,,,within_r2,,0.2445292238660055,,,,,,,positive,no,rescue_audit/results/R1_MDLM_anc_broad.json,registry row 377,Registry inventory entry; exploratory unless promoted by a curated master-table row.
REGISTRY_0378,2026-08-31,R1_exploratory,R1_exploratory,MDLM_anc,169.6M,OpenWebText continuations,OpenWebText,MDLM_anc,A_future,A_future,P2k_kron_d32,hg,candidate within state,5,,,,,,,,,within_r2,,0.2274889540192494,,,,,,,positive,no,rescue_audit/results/R1_MDLM_anc_broad.json,registry row 378,Registry inventory entry; exploratory unless promoted by a curated master-table row.
REGISTRY_0379,2026-08-31,R1_exploratory,R1_exploratory,MDLM_anc,169.6M,OpenWebText continuations,OpenWebText,MDLM_anc,A_future,A_future,P2k_kroneOnly_d32,hg,candidate within state,5,,,,,,,,,within_r2,,0.2292224872582025,,,,,,,positive,no,rescue_audit/results/R1_MDLM_anc_broad.json,registry row 379,Registry inventory entry; exploratory unless promoted by a curated master-table row.
REGISTRY_0380,2026-08-31,R1_exploratory,R1_exploratory,MDLM_anc,169.6M,OpenWebText continuations,OpenWebText,MDLM_anc,A_future,A_future,P2k_additive_d32,hg,candidate within state,5,,,,,,,,,within_r2,,0.24293471305369185,,,,,,,positive,no,rescue_audit/results/R1_MDLM_anc_broad.json,registry row 380,Registry inventory entry; exploratory unless promoted by a curated master-table row.
REGISTRY_0381,2026-08-31,R1_exploratory,R1_exploratory,MDLM_anc,169.6M,OpenWebText continuations,OpenWebText,MDLM_anc,A_future,A_future,P2k_kron_wc_d32,hg,candidate within state,5,,,,,,,,,within_r2,,0.23054494501883283,,,,,,,positive,no,rescue_audit/results/R1_MDLM_anc_broad.json,registry row 381,Registry inventory entry; exploratory unless promoted by a curated master-table row.
REGISTRY_0382,2026-08-31,R1_exploratory,R1_exploratory,MDLM_anc,169.6M,OpenWebText continuations,OpenWebText,MDLM_anc,A_future,A_future,P2k_additive_wc_d32,hg,candidate within state,5,,,,,,,,,within_r2,,0.24486575081122608,,,,,,,positive,no,rescue_audit/results/R1_MDLM_anc_broad.json,registry row 382,Registry inventory entry; exploratory unless promoted by a curated master-table row.
REGISTRY_0383,2026-08-31,R1_exploratory,R1_exploratory,MDLM_anc,169.6M,OpenWebText continuations,OpenWebText,MDLM_anc,A_future,A_future,P13_pls,hg,candidate within state,5,,,,,,,,,within_r2,,0.17710177484426382,,,,,,,positive,no,rescue_audit/results/R1_MDLM_anc_broad.json,registry row 383,Registry inventory entry; exploratory unless promoted by a curated master-table row.
REGISTRY_0384,2026-08-31,R1_exploratory,R1_exploratory,MDLM_anc,169.6M,OpenWebText continuations,OpenWebText,MDLM_anc,A_future,A_future,P0_cheap,hg,candidate within state,2,,,,,,,,,within_r2,,0.2300710797882366,,,,,,,positive,no,rescue_audit/results/R1_MDLM_anc_broad.json,registry row 384,Registry inventory entry; exploratory unless promoted by a curated master-table row.
REGISTRY_0385,2026-08-31,R1_exploratory,R1_exploratory,MDLM_anc,169.6M,OpenWebText continuations,OpenWebText,MDLM_anc,A_future,A_future,P0_hi,hg,candidate within state,2,,,,,,,,,within_r2,,0.13895719526264538,,,,,,,positive,no,rescue_audit/results/R1_MDLM_anc_broad.json,registry row 385,Registry inventory entry; exploratory unless promoted by a curated master-table row.
REGISTRY_0386,2026-08-31,R1_exploratory,R1_exploratory,MDLM_anc,169.6M,OpenWebText continuations,OpenWebText,MDLM_anc,A_future,A_future,P0_hg,hg,candidate within state,2,,,,,,,,,within_r2,,0.0,,,,,,,negative_or_zero,no,rescue_audit/results/R1_MDLM_anc_broad.json,registry row 386,Registry inventory entry; exploratory unless promoted by a curated master-table row.
REGISTRY_0387,2026-08-31,R1_exploratory,R1_exploratory,MDLM_anc,169.6M,OpenWebText continuations,OpenWebText,MDLM_anc,A_future,A_future,P0_hi_hg,hg,candidate within state,2,,,,,,,,,within_r2,,0.1558528607920311,,,,,,,positive,no,rescue_audit/results/R1_MDLM_anc_broad.json,registry row 387,Registry inventory entry; exploratory unless promoted by a curated master-table row.
REGISTRY_0388,2026-08-31,R1_exploratory,R1_exploratory,MDLM_anc,169.6M,OpenWebText continuations,OpenWebText,MDLM_anc,A_future,A_future,P0_cheap+hi,hg,candidate within state,2,,,,,,,,,within_r2,,0.2395270495374261,,,,,,,positive,no,rescue_audit/results/R1_MDLM_anc_broad.json,registry row 388,Registry inventory entry; exploratory unless promoted by a curated master-table row.
REGISTRY_0389,2026-08-31,R1_exploratory,R1_exploratory,MDLM_anc,169.6M,OpenWebText continuations,OpenWebText,MDLM_anc,A_future,A_future,P0_cheap+H,hg,candidate within state,2,,,,,,,,,within_r2,,0.24336932844449233,,,,,,,positive,no,rescue_audit/results/R1_MDLM_anc_broad.json,registry row 389,Registry inventory entry; exploratory unless promoted by a curated master-table row.
REGISTRY_0390,2026-08-31,R1_exploratory,R1_exploratory,MDLM_anc,169.6M,OpenWebText continuations,OpenWebText,MDLM_anc,A_future,A_future,P2k_kron_d16,hg,candidate within state,2,,,,,,,,,within_r2,,0.22191361365343054,,,,,,,positive,no,rescue_audit/results/R1_MDLM_anc_broad.json,registry row 390,Registry inventory entry; exploratory unless promoted by a curated master-table row.
REGISTRY_0391,2026-08-31,R1_exploratory,R1_exploratory,MDLM_anc,169.6M,OpenWebText continuations,OpenWebText,MDLM_anc,A_future,A_future,P2k_kroneOnly_d16,hg,candidate within state,2,,,,,,,,,within_r2,,0.22792256843135705,,,,,,,positive,no,rescue_audit/results/R1_MDLM_anc_broad.json,registry row 391,Registry inventory entry; exploratory unless promoted by a curated master-table row.
REGISTRY_0392,2026-08-31,R1_exploratory,R1_exploratory,MDLM_anc,169.6M,OpenWebText continuations,OpenWebText,MDLM_anc,A_future,A_future,P2k_additive_d16,hg,candidate within state,2,,,,,,,,,within_r2,,0.24072655196103354,,,,,,,positive,no,rescue_audit/results/R1_MDLM_anc_broad.json,registry row 392,Registry inventory entry; exploratory unless promoted by a curated master-table row.
REGISTRY_0393,2026-08-31,R1_exploratory,R1_exploratory,MDLM_anc,169.6M,OpenWebText continuations,OpenWebText,MDLM_anc,A_future,A_future,P2k_kron_wc_d16,hg,candidate within state,2,,,,,,,,,within_r2,,0.23748695927095465,,,,,,,positive,no,rescue_audit/results/R1_MDLM_anc_broad.json,registry row 393,Registry inventory entry; exploratory unless promoted by a curated master-table row.
REGISTRY_0394,2026-08-31,R1_exploratory,R1_exploratory,MDLM_anc,169.6M,OpenWebText continuations,OpenWebText,MDLM_anc,A_future,A_future,P2k_additive_wc_d16,hg,candidate within state,2,,,,,,,,,within_r2,,0.24294459596463158,,,,,,,positive,no,rescue_audit/results/R1_MDLM_anc_broad.json,registry row 394,Registry inventory entry; exploratory unless promoted by a curated master-table row.
REGISTRY_0395,2026-08-31,R1_exploratory,R1_exploratory,MDLM_anc,169.6M,OpenWebText continuations,OpenWebText,MDLM_anc,A_future,A_future,P2k_kron_d32,hg,candidate within state,2,,,,,,,,,within_r2,,0.21575307470242933,,,,,,,positive,no,rescue_audit/results/R1_MDLM_anc_broad.json,registry row 395,Registry inventory entry; exploratory unless promoted by a curated master-table row.
REGISTRY_0396,2026-08-31,R1_exploratory,R1_exploratory,MDLM_anc,169.6M,OpenWebText continuations,OpenWebText,MDLM_anc,A_future,A_future,P2k_kroneOnly_d32,hg,candidate within state,2,,,,,,,,,within_r2,,0.2112407461603404,,,,,,,positive,no,rescue_audit/results/R1_MDLM_anc_broad.json,registry row 396,Registry inventory entry; exploratory unless promoted by a curated master-table row.
REGISTRY_0397,2026-08-31,R1_exploratory,R1_exploratory,MDLM_anc,169.6M,OpenWebText continuations,OpenWebText,MDLM_anc,A_future,A_future,P2k_additive_d32,hg,candidate within state,2,,,,,,,,,within_r2,,0.21912733674162244,,,,,,,positive,no,rescue_audit/results/R1_MDLM_anc_broad.json,registry row 397,Registry inventory entry; exploratory unless promoted by a curated master-table row.
REGISTRY_0398,2026-08-31,R1_exploratory,R1_exploratory,MDLM_anc,169.6M,OpenWebText continuations,OpenWebText,MDLM_anc,A_future,A_future,P2k_kron_wc_d32,hg,candidate within state,2,,,,,,,,,within_r2,,0.23097643279808167,,,,,,,positive,no,rescue_audit/results/R1_MDLM_anc_broad.json,registry row 398,Registry inventory entry; exploratory unless promoted by a curated master-table row.
REGISTRY_0399,2026-08-31,R1_exploratory,R1_exploratory,MDLM_anc,169.6M,OpenWebText continuations,OpenWebText,MDLM_anc,A_future,A_future,P2k_additive_wc_d32,hg,candidate within state,2,,,,,,,,,within_r2,,0.24518917384069305,,,,,,,positive,no,rescue_audit/results/R1_MDLM_anc_broad.json,registry row 399,Registry inventory entry; exploratory unless promoted by a curated master-table row.
REGISTRY_0400,2026-08-31,R1_exploratory,R1_exploratory,MDLM_anc,169.6M,OpenWebText continuations,OpenWebText,MDLM_anc,A_future,A_future,P13_pls,hg,candidate within state,2,,,,,,,,,within_r2,,0.1339433943495404,,,,,,,positive,no,rescue_audit/results/R1_MDLM_anc_broad.json,registry row 400,Registry inventory entry; exploratory unless promoted by a curated master-table row.
REGISTRY_0401,2026-08-31,R1_exploratory,R1_exploratory,MDLM_anc,169.6M,OpenWebText continuations,OpenWebText,MDLM_anc,A_future,A_future,P0_cheap,hg,candidate within state,9,,,,,,,,,within_r2,,0.20157230833072848,,,,,,,positive,no,rescue_audit/results/R1_MDLM_anc_broad.json,registry row 401,Registry inventory entry; exploratory unless promoted by a curated master-table row.
REGISTRY_0402,2026-08-31,R1_exploratory,R1_exploratory,MDLM_anc,169.6M,OpenWebText continuations,OpenWebText,MDLM_anc,A_future,A_future,P0_hi,hg,candidate within state,9,,,,,,,,,within_r2,,0.16138923307166508,,,,,,,positive,no,rescue_audit/results/R1_MDLM_anc_broad.json,registry row 402,Registry inventory entry; exploratory unless promoted by a curated master-table row.
REGISTRY_0403,2026-08-31,R1_exploratory,R1_exploratory,MDLM_anc,169.6M,OpenWebText continuations,OpenWebText,MDLM_anc,A_future,A_future,P0_hg,hg,candidate within state,9,,,,,,,,,within_r2,,0.0,,,,,,,negative_or_zero,no,rescue_audit/results/R1_MDLM_anc_broad.json,registry row 403,Registry inventory entry; exploratory unless promoted by a curated master-table row.
REGISTRY_0404,2026-08-31,R1_exploratory,R1_exploratory,MDLM_anc,169.6M,OpenWebText continuations,OpenWebText,MDLM_anc,A_future,A_future,P0_hi_hg,hg,candidate within state,9,,,,,,,,,within_r2,,0.17836060124151365,,,,,,,positive,no,rescue_audit/results/R1_MDLM_anc_broad.json,registry row 404,Registry inventory entry; exploratory unless promoted by a curated master-table row.
REGISTRY_0405,2026-08-31,R1_exploratory,R1_exploratory,MDLM_anc,169.6M,OpenWebText continuations,OpenWebText,MDLM_anc,A_future,A_future,P0_cheap+hi,hg,candidate within state,9,,,,,,,,,within_r2,,0.19474299961828412,,,,,,,positive,no,rescue_audit/results/R1_MDLM_anc_broad.json,registry row 405,Registry inventory entry; exploratory unless promoted by a curated master-table row.
REGISTRY_0406,2026-08-31,R1_exploratory,R1_exploratory,MDLM_anc,169.6M,OpenWebText continuations,OpenWebText,MDLM_anc,A_future,A_future,P0_cheap+H,hg,candidate within state,9,,,,,,,,,within_r2,,0.21091657331906244,,,,,,,positive,no,rescue_audit/results/R1_MDLM_anc_broad.json,registry row 406,Registry inventory entry; exploratory unless promoted by a curated master-table row.
REGISTRY_0407,2026-08-31,R1_exploratory,R1_exploratory,MDLM_anc,169.6M,OpenWebText continuations,OpenWebText,MDLM_anc,A_future,A_future,P2k_kron_d16,hg,candidate within state,9,,,,,,,,,within_r2,,0.20702469547981495,,,,,,,positive,no,rescue_audit/results/R1_MDLM_anc_broad.json,registry row 407,Registry inventory entry; exploratory unless promoted by a curated master-table row.
REGISTRY_0408,2026-08-31,R1_exploratory,R1_exploratory,MDLM_anc,169.6M,OpenWebText continuations,OpenWebText,MDLM_anc,A_future,A_future,P2k_kroneOnly_d16,hg,candidate within state,9,,,,,,,,,within_r2,,0.2027137465781147,,,,,,,positive,no,rescue_audit/results/R1_MDLM_anc_broad.json,registry row 408,Registry inventory entry; exploratory unless promoted by a curated master-table row.
REGISTRY_0409,2026-08-31,R1_exploratory,R1_exploratory,MDLM_anc,169.6M,OpenWebText continuations,OpenWebText,MDLM_anc,A_future,A_future,P2k_additive_d16,hg,candidate within state,9,,,,,,,,,within_r2,,0.21211857762911768,,,,,,,positive,no,rescue_audit/results/R1_MDLM_anc_broad.json,registry row 409,Registry inventory entry; exploratory unless promoted by a curated master-table row.
REGISTRY_0410,2026-08-31,R1_exploratory,R1_exploratory,MDLM_anc,169.6M,OpenWebText continuations,OpenWebText,MDLM_anc,A_future,A_future,P2k_kron_wc_d16,hg,candidate within state,9,,,,,,,,,within_r2,,0.2141419401591741,,,,,,,positive,no,rescue_audit/results/R1_MDLM_anc_broad.json,registry row 410,Registry inventory entry; exploratory unless promoted by a curated master-table row.
REGISTRY_0411,2026-08-31,R1_exploratory,R1_exploratory,MDLM_anc,169.6M,OpenWebText continuations,OpenWebText,MDLM_anc,A_future,A_future,P2k_additive_wc_d16,hg,candidate within state,9,,,,,,,,,within_r2,,0.2159684244167952,,,,,,,positive,no,rescue_audit/results/R1_MDLM_anc_broad.json,registry row 411,Registry inventory entry; exploratory unless promoted by a curated master-table row.
REGISTRY_0412,2026-08-31,R1_exploratory,R1_exploratory,MDLM_anc,169.6M,OpenWebText continuations,OpenWebText,MDLM_anc,A_future,A_future,P2k_kron_d32,hg,candidate within state,9,,,,,,,,,within_r2,,0.20282611810977857,,,,,,,positive,no,rescue_audit/results/R1_MDLM_anc_broad.json,registry row 412,Registry inventory entry; exploratory unless promoted by a curated master-table row.
REGISTRY_0413,2026-08-31,R1_exploratory,R1_exploratory,MDLM_anc,169.6M,OpenWebText continuations,OpenWebText,MDLM_anc,A_future,A_future,P2k_kroneOnly_d32,hg,candidate within state,9,,,,,,,,,within_r2,,0.20300961631660475,,,,,,,positive,no,rescue_audit/results/R1_MDLM_anc_broad.json,registry row 413,Registry inventory entry; exploratory unless promoted by a curated master-table row.
REGISTRY_0414,2026-08-31,R1_exploratory,R1_exploratory,MDLM_anc,169.6M,OpenWebText continuations,OpenWebText,MDLM_anc,A_future,A_future,P2k_additive_d32,hg,candidate within state,9,,,,,,,,,within_r2,,0.2123165407128258,,,,,,,positive,no,rescue_audit/results/R1_MDLM_anc_broad.json,registry row 414,Registry inventory entry; exploratory unless promoted by a curated master-table row.
REGISTRY_0415,2026-08-31,R1_exploratory,R1_exploratory,MDLM_anc,169.6M,OpenWebText continuations,OpenWebText,MDLM_anc,A_future,A_future,P2k_kron_wc_d32,hg,candidate within state,9,,,,,,,,,within_r2,,0.2126699573109585,,,,,,,positive,no,rescue_audit/results/R1_MDLM_anc_broad.json,registry row 415,Registry inventory entry; exploratory unless promoted by a curated master-table row.
REGISTRY_0416,2026-08-31,R1_exploratory,R1_exploratory,MDLM_anc,169.6M,OpenWebText continuations,OpenWebText,MDLM_anc,A_future,A_future,P2k_additive_wc_d32,hg,candidate within state,9,,,,,,,,,within_r2,,0.21601729764884292,,,,,,,positive,no,rescue_audit/results/R1_MDLM_anc_broad.json,registry row 416,Registry inventory entry; exploratory unless promoted by a curated master-table row.
REGISTRY_0417,2026-08-31,R1_exploratory,R1_exploratory,MDLM_anc,169.6M,OpenWebText continuations,OpenWebText,MDLM_anc,A_future,A_future,P13_pls,hg,candidate within state,9,,,,,,,,,within_r2,,0.16315528737317297,,,,,,,positive,no,rescue_audit/results/R1_MDLM_anc_broad.json,registry row 417,Registry inventory entry; exploratory unless promoted by a curated master-table row.
REGISTRY_0418,2026-08-31,R1_exploratory,R1_exploratory,MDLM_anc,169.6M,OpenWebText continuations,OpenWebText,MDLM_anc,A_future,A_future,P0_cheap,hg,candidate within state,9,,,,,,,,,within_r2,,0.2014290196414812,,,,,,,positive,no,rescue_audit/results/R1_MDLM_anc_broad.json,registry row 418,Registry inventory entry; exploratory unless promoted by a curated master-table row.
REGISTRY_0419,2026-08-31,R1_exploratory,R1_exploratory,MDLM_anc,169.6M,OpenWebText continuations,OpenWebText,MDLM_anc,A_future,A_future,P0_hi,hg,candidate within state,9,,,,,,,,,within_r2,,0.16138923307166508,,,,,,,positive,no,rescue_audit/results/R1_MDLM_anc_broad.json,registry row 419,Registry inventory entry; exploratory unless promoted by a curated master-table row.
REGISTRY_0420,2026-08-31,R1_exploratory,R1_exploratory,MDLM_anc,169.6M,OpenWebText continuations,OpenWebText,MDLM_anc,A_future,A_future,P0_hg,hg,candidate within state,9,,,,,,,,,within_r2,,0.0,,,,,,,negative_or_zero,no,rescue_audit/results/R1_MDLM_anc_broad.json,registry row 420,Registry inventory entry; exploratory unless promoted by a curated master-table row.
REGISTRY_0421,2026-08-31,R1_exploratory,R1_exploratory,MDLM_anc,169.6M,OpenWebText continuations,OpenWebText,MDLM_anc,A_future,A_future,P0_hi_hg,hg,candidate within state,9,,,,,,,,,within_r2,,0.1788451028237118,,,,,,,positive,no,rescue_audit/results/R1_MDLM_anc_broad.json,registry row 421,Registry inventory entry; exploratory unless promoted by a curated master-table row.
REGISTRY_0422,2026-08-31,R1_exploratory,R1_exploratory,MDLM_anc,169.6M,OpenWebText continuations,OpenWebText,MDLM_anc,A_future,A_future,P0_cheap+hi,hg,candidate within state,9,,,,,,,,,within_r2,,0.2081653385598865,,,,,,,positive,no,rescue_audit/results/R1_MDLM_anc_broad.json,registry row 422,Registry inventory entry; exploratory unless promoted by a curated master-table row.
REGISTRY_0423,2026-08-31,R1_exploratory,R1_exploratory,MDLM_anc,169.6M,OpenWebText continuations,OpenWebText,MDLM_anc,A_future,A_future,P0_cheap+H,hg,candidate within state,9,,,,,,,,,within_r2,,0.2123518448886963,,,,,,,positive,no,rescue_audit/results/R1_MDLM_anc_broad.json,registry row 423,Registry inventory entry; exploratory unless promoted by a curated master-table row.
REGISTRY_0424,2026-08-31,R1_exploratory,R1_exploratory,MDLM_anc,169.6M,OpenWebText continuations,OpenWebText,MDLM_anc,A_future,A_future,P2k_kron_d16,hg,candidate within state,9,,,,,,,,,within_r2,,0.2058675591371566,,,,,,,positive,no,rescue_audit/results/R1_MDLM_anc_broad.json,registry row 424,Registry inventory entry; exploratory unless promoted by a curated master-table row.
REGISTRY_0425,2026-08-31,R1_exploratory,R1_exploratory,MDLM_anc,169.6M,OpenWebText continuations,OpenWebText,MDLM_anc,A_future,A_future,P2k_kroneOnly_d16,hg,candidate within state,9,,,,,,,,,within_r2,,0.202038568971999,,,,,,,positive,no,rescue_audit/results/R1_MDLM_anc_broad.json,registry row 425,Registry inventory entry; exploratory unless promoted by a curated master-table row.
REGISTRY_0426,2026-08-31,R1_exploratory,R1_exploratory,MDLM_anc,169.6M,OpenWebText continuations,OpenWebText,MDLM_anc,A_future,A_future,P2k_additive_d16,hg,candidate within state,9,,,,,,,,,within_r2,,0.21026033120191634,,,,,,,positive,no,rescue_audit/results/R1_MDLM_anc_broad.json,registry row 426,Registry inventory entry; exploratory unless promoted by a curated master-table row.
REGISTRY_0427,2026-08-31,R1_exploratory,R1_exploratory,MDLM_anc,169.6M,OpenWebText continuations,OpenWebText,MDLM_anc,A_future,A_future,P2k_kron_wc_d16,hg,candidate within state,9,,,,,,,,,within_r2,,0.2141419401591741,,,,,,,positive,no,rescue_audit/results/R1_MDLM_anc_broad.json,registry row 427,Registry inventory entry; exploratory unless promoted by a curated master-table row.
REGISTRY_0428,2026-08-31,R1_exploratory,R1_exploratory,MDLM_anc,169.6M,OpenWebText continuations,OpenWebText,MDLM_anc,A_future,A_future,P2k_additive_wc_d16,hg,candidate within state,9,,,,,,,,,within_r2,,0.2159684244167952,,,,,,,positive,no,rescue_audit/results/R1_MDLM_anc_broad.json,registry row 428,Registry inventory entry; exploratory unless promoted by a curated master-table row.
REGISTRY_0429,2026-08-31,R1_exploratory,R1_exploratory,MDLM_anc,169.6M,OpenWebText continuations,OpenWebText,MDLM_anc,A_future,A_future,P2k_kron_d32,hg,candidate within state,9,,,,,,,,,within_r2,,0.20307019785322655,,,,,,,positive,no,rescue_audit/results/R1_MDLM_anc_broad.json,registry row 429,Registry inventory entry; exploratory unless promoted by a curated master-table row.
REGISTRY_0430,2026-08-31,R1_exploratory,R1_exploratory,MDLM_anc,169.6M,OpenWebText continuations,OpenWebText,MDLM_anc,A_future,A_future,P2k_kroneOnly_d32,hg,candidate within state,9,,,,,,,,,within_r2,,0.20053329169349587,,,,,,,positive,no,rescue_audit/results/R1_MDLM_anc_broad.json,registry row 430,Registry inventory entry; exploratory unless promoted by a curated master-table row.
REGISTRY_0431,2026-08-31,R1_exploratory,R1_exploratory,MDLM_anc,169.6M,OpenWebText continuations,OpenWebText,MDLM_anc,A_future,A_future,P2k_additive_d32,hg,candidate within state,9,,,,,,,,,within_r2,,0.21079510755090403,,,,,,,positive,no,rescue_audit/results/R1_MDLM_anc_broad.json,registry row 431,Registry inventory entry; exploratory unless promoted by a curated master-table row.
REGISTRY_0432,2026-08-31,R1_exploratory,R1_exploratory,MDLM_anc,169.6M,OpenWebText continuations,OpenWebText,MDLM_anc,A_future,A_future,P2k_kron_wc_d32,hg,candidate within state,9,,,,,,,,,within_r2,,0.2126699573109585,,,,,,,positive,no,rescue_audit/results/R1_MDLM_anc_broad.json,registry row 432,Registry inventory entry; exploratory unless promoted by a curated master-table row.
REGISTRY_0433,2026-08-31,R1_exploratory,R1_exploratory,MDLM_anc,169.6M,OpenWebText continuations,OpenWebText,MDLM_anc,A_future,A_future,P2k_additive_wc_d32,hg,candidate within state,9,,,,,,,,,within_r2,,0.21601729764884292,,,,,,,positive,no,rescue_audit/results/R1_MDLM_anc_broad.json,registry row 433,Registry inventory entry; exploratory unless promoted by a curated master-table row.
REGISTRY_0434,2026-08-31,R1_exploratory,R1_exploratory,MDLM_anc,169.6M,OpenWebText continuations,OpenWebText,MDLM_anc,A_future,A_future,P13_pls,hg,candidate within state,9,,,,,,,,,within_r2,,0.16092819621187082,,,,,,,positive,no,rescue_audit/results/R1_MDLM_anc_broad.json,registry row 434,Registry inventory entry; exploratory unless promoted by a curated master-table row.
REGISTRY_0435,2026-08-31,R1_exploratory,R1_exploratory,MDLM_anc,169.6M,OpenWebText continuations,OpenWebText,MDLM_anc,A_future,A_future,P0_cheap,hg,candidate within state,6,,,,,,,,,within_r2,,0.19942127153676492,,,,,,,positive,no,rescue_audit/results/R1_MDLM_anc_broad.json,registry row 435,Registry inventory entry; exploratory unless promoted by a curated master-table row.
REGISTRY_0436,2026-08-31,R1_exploratory,R1_exploratory,MDLM_anc,169.6M,OpenWebText continuations,OpenWebText,MDLM_anc,A_future,A_future,P0_hi,hg,candidate within state,6,,,,,,,,,within_r2,,0.14984804878989,,,,,,,positive,no,rescue_audit/results/R1_MDLM_anc_broad.json,registry row 436,Registry inventory entry; exploratory unless promoted by a curated master-table row.
REGISTRY_0437,2026-08-31,R1_exploratory,R1_exploratory,MDLM_anc,169.6M,OpenWebText continuations,OpenWebText,MDLM_anc,A_future,A_future,P0_hg,hg,candidate within state,6,,,,,,,,,within_r2,,0.0,,,,,,,negative_or_zero,no,rescue_audit/results/R1_MDLM_anc_broad.json,registry row 437,Registry inventory entry; exploratory unless promoted by a curated master-table row.
REGISTRY_0438,2026-08-31,R1_exploratory,R1_exploratory,MDLM_anc,169.6M,OpenWebText continuations,OpenWebText,MDLM_anc,A_future,A_future,P0_hi_hg,hg,candidate within state,6,,,,,,,,,within_r2,,0.13433622842775927,,,,,,,positive,no,rescue_audit/results/R1_MDLM_anc_broad.json,registry row 438,Registry inventory entry; exploratory unless promoted by a curated master-table row.
REGISTRY_0439,2026-08-31,R1_exploratory,R1_exploratory,MDLM_anc,169.6M,OpenWebText continuations,OpenWebText,MDLM_anc,A_future,A_future,P0_cheap+hi,hg,candidate within state,6,,,,,,,,,within_r2,,0.20852178912912545,,,,,,,positive,no,rescue_audit/results/R1_MDLM_anc_broad.json,registry row 439,Registry inventory entry; exploratory unless promoted by a curated master-table row.
REGISTRY_0440,2026-08-31,R1_exploratory,R1_exploratory,MDLM_anc,169.6M,OpenWebText continuations,OpenWebText,MDLM_anc,A_future,A_future,P0_cheap+H,hg,candidate within state,6,,,,,,,,,within_r2,,0.21542151902670093,,,,,,,positive,no,rescue_audit/results/R1_MDLM_anc_broad.json,registry row 440,Registry inventory entry; exploratory unless promoted by a curated master-table row.
REGISTRY_0441,2026-08-31,R1_exploratory,R1_exploratory,MDLM_anc,169.6M,OpenWebText continuations,OpenWebText,MDLM_anc,A_future,A_future,P2k_kron_d16,hg,candidate within state,6,,,,,,,,,within_r2,,0.2025030420326962,,,,,,,positive,no,rescue_audit/results/R1_MDLM_anc_broad.json,registry row 441,Registry inventory entry; exploratory unless promoted by a curated master-table row.
REGISTRY_0442,2026-08-31,R1_exploratory,R1_exploratory,MDLM_anc,169.6M,OpenWebText continuations,OpenWebText,MDLM_anc,A_future,A_future,P2k_kroneOnly_d16,hg,candidate within state,6,,,,,,,,,within_r2,,0.20012152813461326,,,,,,,positive,no,rescue_audit/results/R1_MDLM_anc_broad.json,registry row 442,Registry inventory entry; exploratory unless promoted by a curated master-table row.
REGISTRY_0443,2026-08-31,R1_exploratory,R1_exploratory,MDLM_anc,169.6M,OpenWebText continuations,OpenWebText,MDLM_anc,A_future,A_future,P2k_additive_d16,hg,candidate within state,6,,,,,,,,,within_r2,,0.20850534150057642,,,,,,,positive,no,rescue_audit/results/R1_MDLM_anc_broad.json,registry row 443,Registry inventory entry; exploratory unless promoted by a curated master-table row.
REGISTRY_0444,2026-08-31,R1_exploratory,R1_exploratory,MDLM_anc,169.6M,OpenWebText continuations,OpenWebText,MDLM_anc,A_future,A_future,P2k_kron_wc_d16,hg,candidate within state,6,,,,,,,,,within_r2,,0.20985035684425013,,,,,,,positive,no,rescue_audit/results/R1_MDLM_anc_broad.json,registry row 444,Registry inventory entry; exploratory unless promoted by a curated master-table row.
REGISTRY_0445,2026-08-31,R1_exploratory,R1_exploratory,MDLM_anc,169.6M,OpenWebText continuations,OpenWebText,MDLM_anc,A_future,A_future,P2k_additive_wc_d16,hg,candidate within state,6,,,,,,,,,within_r2,,0.21737873711026656,,,,,,,positive,no,rescue_audit/results/R1_MDLM_anc_broad.json,registry row 445,Registry inventory entry; exploratory unless promoted by a curated master-table row.
REGISTRY_0446,2026-08-31,R1_exploratory,R1_exploratory,MDLM_anc,169.6M,OpenWebText continuations,OpenWebText,MDLM_anc,A_future,A_future,P2k_kron_d32,hg,candidate within state,6,,,,,,,,,within_r2,,0.20139243373767146,,,,,,,positive,no,rescue_audit/results/R1_MDLM_anc_broad.json,registry row 446,Registry inventory entry; exploratory unless promoted by a curated master-table row.
REGISTRY_0447,2026-08-31,R1_exploratory,R1_exploratory,MDLM_anc,169.6M,OpenWebText continuations,OpenWebText,MDLM_anc,A_future,A_future,P2k_kroneOnly_d32,hg,candidate within state,6,,,,,,,,,within_r2,,0.19841698621348247,,,,,,,positive,no,rescue_audit/results/R1_MDLM_anc_broad.json,registry row 447,Registry inventory entry; exploratory unless promoted by a curated master-table row.
REGISTRY_0448,2026-08-31,R1_exploratory,R1_exploratory,MDLM_anc,169.6M,OpenWebText continuations,OpenWebText,MDLM_anc,A_future,A_future,P2k_additive_d32,hg,candidate within state,6,,,,,,,,,within_r2,,0.20545560740762092,,,,,,,positive,no,rescue_audit/results/R1_MDLM_anc_broad.json,registry row 448,Registry inventory entry; exploratory unless promoted by a curated master-table row.
REGISTRY_0449,2026-08-31,R1_exploratory,R1_exploratory,MDLM_anc,169.6M,OpenWebText continuations,OpenWebText,MDLM_anc,A_future,A_future,P2k_kron_wc_d32,hg,candidate within state,6,,,,,,,,,within_r2,,0.21223692504123737,,,,,,,positive,no,rescue_audit/results/R1_MDLM_anc_broad.json,registry row 449,Registry inventory entry; exploratory unless promoted by a curated master-table row.
REGISTRY_0450,2026-08-31,R1_exploratory,R1_exploratory,MDLM_anc,169.6M,OpenWebText continuations,OpenWebText,MDLM_anc,A_future,A_future,P2k_additive_wc_d32,hg,candidate within state,6,,,,,,,,,within_r2,,0.21457084651501968,,,,,,,positive,no,rescue_audit/results/R1_MDLM_anc_broad.json,registry row 450,Registry inventory entry; exploratory unless promoted by a curated master-table row.
REGISTRY_0451,2026-08-31,R1_exploratory,R1_exploratory,MDLM_anc,169.6M,OpenWebText continuations,OpenWebText,MDLM_anc,A_future,A_future,P13_pls,hg,candidate within state,6,,,,,,,,,within_r2,,0.16260213551763558,,,,,,,positive,no,rescue_audit/results/R1_MDLM_anc_broad.json,registry row 451,Registry inventory entry; exploratory unless promoted by a curated master-table row.
REGISTRY_0452,2026-08-31,R1_exploratory,R1_exploratory,MDLM_anc,169.6M,OpenWebText continuations,OpenWebText,MDLM_anc,A_future,A_future,P0_cheap,hg,candidate within state,9,,,,,,,,,within_r2,,0.20958621846515968,,,,,,,positive,no,rescue_audit/results/R1_MDLM_anc_broad.json,registry row 452,Registry inventory entry; exploratory unless promoted by a curated master-table row.
REGISTRY_0453,2026-08-31,R1_exploratory,R1_exploratory,MDLM_anc,169.6M,OpenWebText continuations,OpenWebText,MDLM_anc,A_future,A_future,P0_hi,hg,candidate within state,9,,,,,,,,,within_r2,,0.18722090466365804,,,,,,,positive,no,rescue_audit/results/R1_MDLM_anc_broad.json,registry row 453,Registry inventory entry; exploratory unless promoted by a curated master-table row.
REGISTRY_0454,2026-08-31,R1_exploratory,R1_exploratory,MDLM_anc,169.6M,OpenWebText continuations,OpenWebText,MDLM_anc,A_future,A_future,P0_hg,hg,candidate within state,9,,,,,,,,,within_r2,,0.0,,,,,,,negative_or_zero,no,rescue_audit/results/R1_MDLM_anc_broad.json,registry row 454,Registry inventory entry; exploratory unless promoted by a curated master-table row.
REGISTRY_0455,2026-08-31,R1_exploratory,R1_exploratory,MDLM_anc,169.6M,OpenWebText continuations,OpenWebText,MDLM_anc,A_future,A_future,P0_hi_hg,hg,candidate within state,9,,,,,,,,,within_r2,,0.1947629754814686,,,,,,,positive,no,rescue_audit/results/R1_MDLM_anc_broad.json,registry row 455,Registry inventory entry; exploratory unless promoted by a curated master-table row.
REGISTRY_0456,2026-08-31,R1_exploratory,R1_exploratory,MDLM_anc,169.6M,OpenWebText continuations,OpenWebText,MDLM_anc,A_future,A_future,P0_cheap+hi,hg,candidate within state,9,,,,,,,,,within_r2,,0.21661293101841939,,,,,,,positive,no,rescue_audit/results/R1_MDLM_anc_broad.json,registry row 456,Registry inventory entry; exploratory unless promoted by a curated master-table row.
REGISTRY_0457,2026-08-31,R1_exploratory,R1_exploratory,MDLM_anc,169.6M,OpenWebText continuations,OpenWebText,MDLM_anc,A_future,A_future,P0_cheap+H,hg,candidate within state,9,,,,,,,,,within_r2,,0.22675019490810266,,,,,,,positive,no,rescue_audit/results/R1_MDLM_anc_broad.json,registry row 457,Registry inventory entry; exploratory unless promoted by a curated master-table row.
REGISTRY_0458,2026-08-31,R1_exploratory,R1_exploratory,MDLM_anc,169.6M,OpenWebText continuations,OpenWebText,MDLM_anc,A_future,A_future,P2k_kron_d16,hg,candidate within state,9,,,,,,,,,within_r2,,0.2066841095587465,,,,,,,positive,no,rescue_audit/results/R1_MDLM_anc_broad.json,registry row 458,Registry inventory entry; exploratory unless promoted by a curated master-table row.
REGISTRY_0459,2026-08-31,R1_exploratory,R1_exploratory,MDLM_anc,169.6M,OpenWebText continuations,OpenWebText,MDLM_anc,A_future,A_future,P2k_kroneOnly_d16,hg,candidate within state,9,,,,,,,,,within_r2,,0.1971672329273496,,,,,,,positive,no,rescue_audit/results/R1_MDLM_anc_broad.json,registry row 459,Registry inventory entry; exploratory unless promoted by a curated master-table row.
REGISTRY_0460,2026-08-31,R1_exploratory,R1_exploratory,MDLM_anc,169.6M,OpenWebText continuations,OpenWebText,MDLM_anc,A_future,A_future,P2k_additive_d16,hg,candidate within state,9,,,,,,,,,within_r2,,0.22891695616038532,,,,,,,positive,no,rescue_audit/results/R1_MDLM_anc_broad.json,registry row 460,Registry inventory entry; exploratory unless promoted by a curated master-table row.
REGISTRY_0461,2026-08-31,R1_exploratory,R1_exploratory,MDLM_anc,169.6M,OpenWebText continuations,OpenWebText,MDLM_anc,A_future,A_future,P2k_kron_wc_d16,hg,candidate within state,9,,,,,,,,,within_r2,,0.22693626010802204,,,,,,,positive,no,rescue_audit/results/R1_MDLM_anc_broad.json,registry row 461,Registry inventory entry; exploratory unless promoted by a curated master-table row.
REGISTRY_0462,2026-08-31,R1_exploratory,R1_exploratory,MDLM_anc,169.6M,OpenWebText continuations,OpenWebText,MDLM_anc,A_future,A_future,P2k_additive_wc_d16,hg,candidate within state,9,,,,,,,,,within_r2,,0.2371810527030237,,,,,,,positive,no,rescue_audit/results/R1_MDLM_anc_broad.json,registry row 462,Registry inventory entry; exploratory unless promoted by a curated master-table row.
REGISTRY_0463,2026-08-31,R1_exploratory,R1_exploratory,MDLM_anc,169.6M,OpenWebText continuations,OpenWebText,MDLM_anc,A_future,A_future,P2k_kron_d32,hg,candidate within state,9,,,,,,,,,within_r2,,0.22044866129829133,,,,,,,positive,no,rescue_audit/results/R1_MDLM_anc_broad.json,registry row 463,Registry inventory entry; exploratory unless promoted by a curated master-table row.
REGISTRY_0464,2026-08-31,R1_exploratory,R1_exploratory,MDLM_anc,169.6M,OpenWebText continuations,OpenWebText,MDLM_anc,A_future,A_future,P2k_kroneOnly_d32,hg,candidate within state,9,,,,,,,,,within_r2,,0.21236414266803527,,,,,,,positive,no,rescue_audit/results/R1_MDLM_anc_broad.json,registry row 464,Registry inventory entry; exploratory unless promoted by a curated master-table row.
REGISTRY_0465,2026-08-31,R1_exploratory,R1_exploratory,MDLM_anc,169.6M,OpenWebText continuations,OpenWebText,MDLM_anc,A_future,A_future,P2k_additive_d32,hg,candidate within state,9,,,,,,,,,within_r2,,0.22962194499706523,,,,,,,positive,no,rescue_audit/results/R1_MDLM_anc_broad.json,registry row 465,Registry inventory entry; exploratory unless promoted by a curated master-table row.
REGISTRY_0466,2026-08-31,R1_exploratory,R1_exploratory,MDLM_anc,169.6M,OpenWebText continuations,OpenWebText,MDLM_anc,A_future,A_future,P2k_kron_wc_d32,hg,candidate within state,9,,,,,,,,,within_r2,,0.23197080520360414,,,,,,,positive,no,rescue_audit/results/R1_MDLM_anc_broad.json,registry row 466,Registry inventory entry; exploratory unless promoted by a curated master-table row.
REGISTRY_0467,2026-08-31,R1_exploratory,R1_exploratory,MDLM_anc,169.6M,OpenWebText continuations,OpenWebText,MDLM_anc,A_future,A_future,P2k_additive_wc_d32,hg,candidate within state,9,,,,,,,,,within_r2,,0.2381517358886689,,,,,,,positive,no,rescue_audit/results/R1_MDLM_anc_broad.json,registry row 467,Registry inventory entry; exploratory unless promoted by a curated master-table row.
REGISTRY_0468,2026-08-31,R1_exploratory,R1_exploratory,MDLM_anc,169.6M,OpenWebText continuations,OpenWebText,MDLM_anc,A_future,A_future,P13_pls,hg,candidate within state,9,,,,,,,,,within_r2,,0.18957987144213062,,,,,,,positive,no,rescue_audit/results/R1_MDLM_anc_broad.json,registry row 468,Registry inventory entry; exploratory unless promoted by a curated master-table row.
REGISTRY_0469,2026-08-31,R1_exploratory,R1_exploratory,MDLM_anc,169.6M,OpenWebText continuations,OpenWebText,MDLM_anc,A_future,A_future,P0_cheap,hg,candidate within state,10,,,,,,,,,within_r2,,0.2162864777085779,,,,,,,positive,no,rescue_audit/results/R1_MDLM_anc_broad.json,registry row 469,Registry inventory entry; exploratory unless promoted by a curated master-table row.
REGISTRY_0470,2026-08-31,R1_exploratory,R1_exploratory,MDLM_anc,169.6M,OpenWebText continuations,OpenWebText,MDLM_anc,A_future,A_future,P0_hi,hg,candidate within state,10,,,,,,,,,within_r2,,0.18428630430041515,,,,,,,positive,no,rescue_audit/results/R1_MDLM_anc_broad.json,registry row 470,Registry inventory entry; exploratory unless promoted by a curated master-table row.
REGISTRY_0471,2026-08-31,R1_exploratory,R1_exploratory,MDLM_anc,169.6M,OpenWebText continuations,OpenWebText,MDLM_anc,A_future,A_future,P0_hg,hg,candidate within state,10,,,,,,,,,within_r2,,0.0,,,,,,,negative_or_zero,no,rescue_audit/results/R1_MDLM_anc_broad.json,registry row 471,Registry inventory entry; exploratory unless promoted by a curated master-table row.
REGISTRY_0472,2026-08-31,R1_exploratory,R1_exploratory,MDLM_anc,169.6M,OpenWebText continuations,OpenWebText,MDLM_anc,A_future,A_future,P0_hi_hg,hg,candidate within state,10,,,,,,,,,within_r2,,0.2029878304949474,,,,,,,positive,no,rescue_audit/results/R1_MDLM_anc_broad.json,registry row 472,Registry inventory entry; exploratory unless promoted by a curated master-table row.
REGISTRY_0473,2026-08-31,R1_exploratory,R1_exploratory,MDLM_anc,169.6M,OpenWebText continuations,OpenWebText,MDLM_anc,A_future,A_future,P0_cheap+hi,hg,candidate within state,10,,,,,,,,,within_r2,,0.22016220902955286,,,,,,,positive,no,rescue_audit/results/R1_MDLM_anc_broad.json,registry row 473,Registry inventory entry; exploratory unless promoted by a curated master-table row.
REGISTRY_0474,2026-08-31,R1_exploratory,R1_exploratory,MDLM_anc,169.6M,OpenWebText continuations,OpenWebText,MDLM_anc,A_future,A_future,P0_cheap+H,hg,candidate within state,10,,,,,,,,,within_r2,,0.2320474158252701,,,,,,,positive,no,rescue_audit/results/R1_MDLM_anc_broad.json,registry row 474,Registry inventory entry; exploratory unless promoted by a curated master-table row.
REGISTRY_0475,2026-08-31,R1_exploratory,R1_exploratory,MDLM_anc,169.6M,OpenWebText continuations,OpenWebText,MDLM_anc,A_future,A_future,P2k_kron_d16,hg,candidate within state,10,,,,,,,,,within_r2,,0.22061129397343704,,,,,,,positive,no,rescue_audit/results/R1_MDLM_anc_broad.json,registry row 475,Registry inventory entry; exploratory unless promoted by a curated master-table row.
REGISTRY_0476,2026-08-31,R1_exploratory,R1_exploratory,MDLM_anc,169.6M,OpenWebText continuations,OpenWebText,MDLM_anc,A_future,A_future,P2k_kroneOnly_d16,hg,candidate within state,10,,,,,,,,,within_r2,,0.21726531787811587,,,,,,,positive,no,rescue_audit/results/R1_MDLM_anc_broad.json,registry row 476,Registry inventory entry; exploratory unless promoted by a curated master-table row.
REGISTRY_0477,2026-08-31,R1_exploratory,R1_exploratory,MDLM_anc,169.6M,OpenWebText continuations,OpenWebText,MDLM_anc,A_future,A_future,P2k_additive_d16,hg,candidate within state,10,,,,,,,,,within_r2,,0.235901112943947,,,,,,,positive,no,rescue_audit/results/R1_MDLM_anc_broad.json,registry row 477,Registry inventory entry; exploratory unless promoted by a curated master-table row.
REGISTRY_0478,2026-08-31,R1_exploratory,R1_exploratory,MDLM_anc,169.6M,OpenWebText continuations,OpenWebText,MDLM_anc,A_future,A_future,P2k_kron_wc_d16,hg,candidate within state,10,,,,,,,,,within_r2,,0.22674346516093646,,,,,,,positive,no,rescue_audit/results/R1_MDLM_anc_broad.json,registry row 478,Registry inventory entry; exploratory unless promoted by a curated master-table row.
REGISTRY_0479,2026-08-31,R1_exploratory,R1_exploratory,MDLM_anc,169.6M,OpenWebText continuations,OpenWebText,MDLM_anc,A_future,A_future,P2k_additive_wc_d16,hg,candidate within state,10,,,,,,,,,within_r2,,0.23525778388902252,,,,,,,positive,no,rescue_audit/results/R1_MDLM_anc_broad.json,registry row 479,Registry inventory entry; exploratory unless promoted by a curated master-table row.
REGISTRY_0480,2026-08-31,R1_exploratory,R1_exploratory,MDLM_anc,169.6M,OpenWebText continuations,OpenWebText,MDLM_anc,A_future,A_future,P2k_kron_d32,hg,candidate within state,10,,,,,,,,,within_r2,,0.2203874847592865,,,,,,,positive,no,rescue_audit/results/R1_MDLM_anc_broad.json,registry row 480,Registry inventory entry; exploratory unless promoted by a curated master-table row.
REGISTRY_0481,2026-08-31,R1_exploratory,R1_exploratory,MDLM_anc,169.6M,OpenWebText continuations,OpenWebText,MDLM_anc,A_future,A_future,P2k_kroneOnly_d32,hg,candidate within state,10,,,,,,,,,within_r2,,0.21681469162158973,,,,,,,positive,no,rescue_audit/results/R1_MDLM_anc_broad.json,registry row 481,Registry inventory entry; exploratory unless promoted by a curated master-table row.
REGISTRY_0482,2026-08-31,R1_exploratory,R1_exploratory,MDLM_anc,169.6M,OpenWebText continuations,OpenWebText,MDLM_anc,A_future,A_future,P2k_additive_d32,hg,candidate within state,10,,,,,,,,,within_r2,,0.23389705312565212,,,,,,,positive,no,rescue_audit/results/R1_MDLM_anc_broad.json,registry row 482,Registry inventory entry; exploratory unless promoted by a curated master-table row.
REGISTRY_0483,2026-08-31,R1_exploratory,R1_exploratory,MDLM_anc,169.6M,OpenWebText continuations,OpenWebText,MDLM_anc,A_future,A_future,P2k_kron_wc_d32,hg,candidate within state,10,,,,,,,,,within_r2,,0.23107590537123834,,,,,,,positive,no,rescue_audit/results/R1_MDLM_anc_broad.json,registry row 483,Registry inventory entry; exploratory unless promoted by a curated master-table row.
REGISTRY_0484,2026-08-31,R1_exploratory,R1_exploratory,MDLM_anc,169.6M,OpenWebText continuations,OpenWebText,MDLM_anc,A_future,A_future,P2k_additive_wc_d32,hg,candidate within state,10,,,,,,,,,within_r2,,0.235257067687912,,,,,,,positive,no,rescue_audit/results/R1_MDLM_anc_broad.json,registry row 484,Registry inventory entry; exploratory unless promoted by a curated master-table row.
REGISTRY_0485,2026-08-31,R1_exploratory,R1_exploratory,MDLM_anc,169.6M,OpenWebText continuations,OpenWebText,MDLM_anc,A_future,A_future,P13_pls,hg,candidate within state,10,,,,,,,,,within_r2,,0.18704884049898574,,,,,,,positive,no,rescue_audit/results/R1_MDLM_anc_broad.json,registry row 485,Registry inventory entry; exploratory unless promoted by a curated master-table row.
REGISTRY_0486,2026-08-31,R1_exploratory,R1_exploratory,MDLM_anc,169.6M,OpenWebText continuations,OpenWebText,MDLM_anc,A_future,A_future,P0_cheap,hg,candidate within state,10,,,,,,,,,within_r2,,0.19004020278369527,,,,,,,positive,no,rescue_audit/results/R1_MDLM_anc_broad.json,registry row 486,Registry inventory entry; exploratory unless promoted by a curated master-table row.
REGISTRY_0487,2026-08-31,R1_exploratory,R1_exploratory,MDLM_anc,169.6M,OpenWebText continuations,OpenWebText,MDLM_anc,A_future,A_future,P0_hi,hg,candidate within state,10,,,,,,,,,within_r2,,0.15564148865478067,,,,,,,positive,no,rescue_audit/results/R1_MDLM_anc_broad.json,registry row 487,Registry inventory entry; exploratory unless promoted by a curated master-table row.
REGISTRY_0488,2026-08-31,R1_exploratory,R1_exploratory,MDLM_anc,169.6M,OpenWebText continuations,OpenWebText,MDLM_anc,A_future,A_future,P0_hg,hg,candidate within state,10,,,,,,,,,within_r2,,0.0,,,,,,,negative_or_zero,no,rescue_audit/results/R1_MDLM_anc_broad.json,registry row 488,Registry inventory entry; exploratory unless promoted by a curated master-table row.
REGISTRY_0489,2026-08-31,R1_exploratory,R1_exploratory,MDLM_anc,169.6M,OpenWebText continuations,OpenWebText,MDLM_anc,A_future,A_future,P0_hi_hg,hg,candidate within state,10,,,,,,,,,within_r2,,0.2029878304949474,,,,,,,positive,no,rescue_audit/results/R1_MDLM_anc_broad.json,registry row 489,Registry inventory entry; exploratory unless promoted by a curated master-table row.
REGISTRY_0490,2026-08-31,R1_exploratory,R1_exploratory,MDLM_anc,169.6M,OpenWebText continuations,OpenWebText,MDLM_anc,A_future,A_future,P0_cheap+hi,hg,candidate within state,10,,,,,,,,,within_r2,,0.19728201611069096,,,,,,,positive,no,rescue_audit/results/R1_MDLM_anc_broad.json,registry row 490,Registry inventory entry; exploratory unless promoted by a curated master-table row.
REGISTRY_0491,2026-08-31,R1_exploratory,R1_exploratory,MDLM_anc,169.6M,OpenWebText continuations,OpenWebText,MDLM_anc,A_future,A_future,P0_cheap+H,hg,candidate within state,10,,,,,,,,,within_r2,,0.23599538518913576,,,,,,,positive,no,rescue_audit/results/R1_MDLM_anc_broad.json,registry row 491,Registry inventory entry; exploratory unless promoted by a curated master-table row.
REGISTRY_0492,2026-08-31,R1_exploratory,R1_exploratory,MDLM_anc,169.6M,OpenWebText continuations,OpenWebText,MDLM_anc,A_future,A_future,P2k_kron_d16,hg,candidate within state,10,,,,,,,,,within_r2,,0.07615265990774533,,,,,,,positive,no,rescue_audit/results/R1_MDLM_anc_broad.json,registry row 492,Registry inventory entry; exploratory unless promoted by a curated master-table row.
REGISTRY_0493,2026-08-31,R1_exploratory,R1_exploratory,MDLM_anc,169.6M,OpenWebText continuations,OpenWebText,MDLM_anc,A_future,A_future,P2k_kroneOnly_d16,hg,candidate within state,10,,,,,,,,,within_r2,,0.19004001278088944,,,,,,,positive,no,rescue_audit/results/R1_MDLM_anc_broad.json,registry row 493,Registry inventory entry; exploratory unless promoted by a curated master-table row.
REGISTRY_0494,2026-08-31,R1_exploratory,R1_exploratory,MDLM_anc,169.6M,OpenWebText continuations,OpenWebText,MDLM_anc,A_future,A_future,P2k_additive_d16,hg,candidate within state,10,,,,,,,,,within_r2,,0.21259491909188477,,,,,,,positive,no,rescue_audit/results/R1_MDLM_anc_broad.json,registry row 494,Registry inventory entry; exploratory unless promoted by a curated master-table row.
REGISTRY_0495,2026-08-31,R1_exploratory,R1_exploratory,MDLM_anc,169.6M,OpenWebText continuations,OpenWebText,MDLM_anc,A_future,A_future,P2k_kron_wc_d16,hg,candidate within state,10,,,,,,,,,within_r2,,0.22674346516093646,,,,,,,positive,no,rescue_audit/results/R1_MDLM_anc_broad.json,registry row 495,Registry inventory entry; exploratory unless promoted by a curated master-table row.
REGISTRY_0496,2026-08-31,R1_exploratory,R1_exploratory,MDLM_anc,169.6M,OpenWebText continuations,OpenWebText,MDLM_anc,A_future,A_future,P2k_additive_wc_d16,hg,candidate within state,10,,,,,,,,,within_r2,,0.23525778388902252,,,,,,,positive,no,rescue_audit/results/R1_MDLM_anc_broad.json,registry row 496,Registry inventory entry; exploratory unless promoted by a curated master-table row.
REGISTRY_0497,2026-08-31,R1_exploratory,R1_exploratory,MDLM_anc,169.6M,OpenWebText continuations,OpenWebText,MDLM_anc,A_future,A_future,P2k_kron_d32,hg,candidate within state,10,,,,,,,,,within_r2,,0.07884583572954551,,,,,,,positive,no,rescue_audit/results/R1_MDLM_anc_broad.json,registry row 497,Registry inventory entry; exploratory unless promoted by a curated master-table row.
REGISTRY_0498,2026-08-31,R1_exploratory,R1_exploratory,MDLM_anc,169.6M,OpenWebText continuations,OpenWebText,MDLM_anc,A_future,A_future,P2k_kroneOnly_d32,hg,candidate within state,10,,,,,,,,,within_r2,,0.0004650142642093069,,,,,,,positive,no,rescue_audit/results/R1_MDLM_anc_broad.json,registry row 498,Registry inventory entry; exploratory unless promoted by a curated master-table row.
REGISTRY_0499,2026-08-31,R1_exploratory,R1_exploratory,MDLM_anc,169.6M,OpenWebText continuations,OpenWebText,MDLM_anc,A_future,A_future,P2k_additive_d32,hg,candidate within state,10,,,,,,,,,within_r2,,0.19980259295154024,,,,,,,positive,no,rescue_audit/results/R1_MDLM_anc_broad.json,registry row 499,Registry inventory entry; exploratory unless promoted by a curated master-table row.
REGISTRY_0500,2026-08-31,R1_exploratory,R1_exploratory,MDLM_anc,169.6M,OpenWebText continuations,OpenWebText,MDLM_anc,A_future,A_future,P2k_kron_wc_d32,hg,candidate within state,10,,,,,,,,,within_r2,,0.23107590537123834,,,,,,,positive,no,rescue_audit/results/R1_MDLM_anc_broad.json,registry row 500,Registry inventory entry; exploratory unless promoted by a curated master-table row.
REGISTRY_0501,2026-08-31,R1_exploratory,R1_exploratory,MDLM_anc,169.6M,OpenWebText continuations,OpenWebText,MDLM_anc,A_future,A_future,P2k_additive_wc_d32,hg,candidate within state,10,,,,,,,,,within_r2,,0.235257067687912,,,,,,,positive,no,rescue_audit/results/R1_MDLM_anc_broad.json,registry row 501,Registry inventory entry; exploratory unless promoted by a curated master-table row.
REGISTRY_0502,2026-08-31,R1_exploratory,R1_exploratory,MDLM_anc,169.6M,OpenWebText continuations,OpenWebText,MDLM_anc,A_future,A_future,P13_pls,hg,candidate within state,10,,,,,,,,,within_r2,,0.1869933608826847,,,,,,,positive,no,rescue_audit/results/R1_MDLM_anc_broad.json,registry row 502,Registry inventory entry; exploratory unless promoted by a curated master-table row.
REGISTRY_0503,2026-08-31,R1_exploratory,R1_exploratory,SEDD_anc,169.6M,OpenWebText continuations,OpenWebText,SEDD_anc,A_pertok,A_pertok,P0_cheap,hg,candidate within state,3,,,,,,,,,within_r2,,0.6455679403505508,,,,,,,positive,no,rescue_audit/results/R1deep_SEDD_anc_A_pertok_L3.json,registry row 503,Registry inventory entry; exploratory unless promoted by a curated master-table row.
REGISTRY_0504,2026-08-31,R1_exploratory,R1_exploratory,SEDD_anc,169.6M,OpenWebText continuations,OpenWebText,SEDD_anc,A_pertok,A_pertok,P0_hi,hg,candidate within state,3,,,,,,,,,within_r2,,0.11049672126601118,,,,,,,positive,no,rescue_audit/results/R1deep_SEDD_anc_A_pertok_L3.json,registry row 504,Registry inventory entry; exploratory unless promoted by a curated master-table row.
REGISTRY_0505,2026-08-31,R1_exploratory,R1_exploratory,SEDD_anc,169.6M,OpenWebText continuations,OpenWebText,SEDD_anc,A_pertok,A_pertok,P0_hg,hg,candidate within state,3,,,,,,,,,within_r2,,0.0,,,,,,,negative_or_zero,no,rescue_audit/results/R1deep_SEDD_anc_A_pertok_L3.json,registry row 505,Registry inventory entry; exploratory unless promoted by a curated master-table row.
REGISTRY_0506,2026-08-31,R1_exploratory,R1_exploratory,SEDD_anc,169.6M,OpenWebText continuations,OpenWebText,SEDD_anc,A_pertok,A_pertok,P0_hi_hg,hg,candidate within state,3,,,,,,,,,within_r2,,0.18863847244563936,,,,,,,positive,no,rescue_audit/results/R1deep_SEDD_anc_A_pertok_L3.json,registry row 506,Registry inventory entry; exploratory unless promoted by a curated master-table row.
REGISTRY_0507,2026-08-31,R1_exploratory,R1_exploratory,SEDD_anc,169.6M,OpenWebText continuations,OpenWebText,SEDD_anc,A_pertok,A_pertok,P0_cheap+hi,hg,candidate within state,3,,,,,,,,,within_r2,,0.6487438066116489,,,,,,,positive,no,rescue_audit/results/R1deep_SEDD_anc_A_pertok_L3.json,registry row 507,Registry inventory entry; exploratory unless promoted by a curated master-table row.
REGISTRY_0508,2026-08-31,R1_exploratory,R1_exploratory,SEDD_anc,169.6M,OpenWebText continuations,OpenWebText,SEDD_anc,A_pertok,A_pertok,P0_cheap+H,hg,candidate within state,3,,,,,,,,,within_r2,,0.6575421471889389,,,,,,,positive,no,rescue_audit/results/R1deep_SEDD_anc_A_pertok_L3.json,registry row 508,Registry inventory entry; exploratory unless promoted by a curated master-table row.
REGISTRY_0509,2026-08-31,R1_exploratory,R1_exploratory,SEDD_anc,169.6M,OpenWebText continuations,OpenWebText,SEDD_anc,A_pertok,A_pertok,P2_bilinear_r2,hg,candidate within state,3,,,,,,,,,within_r2,,0.5625280398379764,,,,,,,positive,no,rescue_audit/results/R1deep_SEDD_anc_A_pertok_L3.json,registry row 509,Registry inventory entry; exploratory unless promoted by a curated master-table row.
REGISTRY_0510,2026-08-31,R1_exploratory,R1_exploratory,SEDD_anc,169.6M,OpenWebText continuations,OpenWebText,SEDD_anc,A_pertok,A_pertok,P2_bilinear_r4,hg,candidate within state,3,,,,,,,,,within_r2,,0.518725148509847,,,,,,,positive,no,rescue_audit/results/R1deep_SEDD_anc_A_pertok_L3.json,registry row 510,Registry inventory entry; exploratory unless promoted by a curated master-table row.
REGISTRY_0511,2026-08-31,R1_exploratory,R1_exploratory,SEDD_anc,169.6M,OpenWebText continuations,OpenWebText,SEDD_anc,A_pertok,A_pertok,P2_bilinear_r8,hg,candidate within state,3,,,,,,,,,within_r2,,0.3596888598506419,,,,,,,positive,no,rescue_audit/results/R1deep_SEDD_anc_A_pertok_L3.json,registry row 511,Registry inventory entry; exploratory unless promoted by a curated master-table row.
REGISTRY_0512,2026-08-31,R1_exploratory,R1_exploratory,SEDD_anc,169.6M,OpenWebText continuations,OpenWebText,SEDD_anc,A_pertok,A_pertok,P2_bilinear_r16,hg,candidate within state,3,,,,,,,,,within_r2,,0.0917366020327881,,,,,,,positive,no,rescue_audit/results/R1deep_SEDD_anc_A_pertok_L3.json,registry row 512,Registry inventory entry; exploratory unless promoted by a curated master-table row.
REGISTRY_0513,2026-08-31,R1_exploratory,R1_exploratory,SEDD_anc,169.6M,OpenWebText continuations,OpenWebText,SEDD_anc,A_pertok,A_pertok,P2_bilinear_r32,hg,candidate within state,3,,,,,,,,,within_r2,,-1.5286851836301443,,,,,,,negative_or_zero,no,rescue_audit/results/R1deep_SEDD_anc_A_pertok_L3.json,registry row 513,Registry inventory entry; exploratory unless promoted by a curated master-table row.
REGISTRY_0514,2026-08-31,R1_exploratory,R1_exploratory,SEDD_anc,169.6M,OpenWebText continuations,OpenWebText,SEDD_anc,A_pertok,A_pertok,P2_bilinear_r64,hg,candidate within state,3,,,,,,,,,within_r2,,-10.054336434311262,,,,,,,negative_or_zero,no,rescue_audit/results/R1deep_SEDD_anc_A_pertok_L3.json,registry row 514,Registry inventory entry; exploratory unless promoted by a curated master-table row.
REGISTRY_0515,2026-08-31,R1_exploratory,R1_exploratory,SEDD_anc,169.6M,OpenWebText continuations,OpenWebText,SEDD_anc,A_pertok,A_pertok,P2_bilinear_best,hg,candidate within state,3,,,,,,,,,within_r2,,0.5625280398379764,,,,,,,positive,no,rescue_audit/results/R1deep_SEDD_anc_A_pertok_L3.json,registry row 515,Registry inventory entry; exploratory unless promoted by a curated master-table row.
REGISTRY_0516,2026-08-31,R1_exploratory,R1_exploratory,SEDD_anc,169.6M,OpenWebText continuations,OpenWebText,SEDD_anc,A_pertok,A_pertok,P2_bilinear_r1,hg,candidate within state,3,,,,,,,,,within_r2,,0.5951266224219651,,,,,,,positive,no,rescue_audit/results/R1deep_SEDD_anc_A_pertok_L3.json,registry row 516,Registry inventory entry; exploratory unless promoted by a curated master-table row.
REGISTRY_0517,2026-08-31,R1_exploratory,R1_exploratory,SEDD_anc,169.6M,OpenWebText continuations,OpenWebText,SEDD_anc,A_pertok,A_pertok,P2k_kron_d16,hg,candidate within state,3,,,,,,,,,within_r2,,0.6485754282249339,,,,,,,positive,no,rescue_audit/results/R1deep_SEDD_anc_A_pertok_L3.json,registry row 517,Registry inventory entry; exploratory unless promoted by a curated master-table row.
REGISTRY_0518,2026-08-31,R1_exploratory,R1_exploratory,SEDD_anc,169.6M,OpenWebText continuations,OpenWebText,SEDD_anc,A_pertok,A_pertok,P2k_kroneOnly_d16,hg,candidate within state,3,,,,,,,,,within_r2,,0.6467938469768706,,,,,,,positive,no,rescue_audit/results/R1deep_SEDD_anc_A_pertok_L3.json,registry row 518,Registry inventory entry; exploratory unless promoted by a curated master-table row.
REGISTRY_0519,2026-08-31,R1_exploratory,R1_exploratory,SEDD_anc,169.6M,OpenWebText continuations,OpenWebText,SEDD_anc,A_pertok,A_pertok,P2k_additive_d16,hg,candidate within state,3,,,,,,,,,within_r2,,0.6568238713752319,,,,,,,positive,no,rescue_audit/results/R1deep_SEDD_anc_A_pertok_L3.json,registry row 519,Registry inventory entry; exploratory unless promoted by a curated master-table row.
REGISTRY_0520,2026-08-31,R1_exploratory,R1_exploratory,SEDD_anc,169.6M,OpenWebText continuations,OpenWebText,SEDD_anc,A_pertok,A_pertok,P2k_kron_wc_d16,hg,candidate within state,3,,,,,,,,,within_r2,,0.6289350938317896,,,,,,,positive,no,rescue_audit/results/R1deep_SEDD_anc_A_pertok_L3.json,registry row 520,Registry inventory entry; exploratory unless promoted by a curated master-table row.
REGISTRY_0521,2026-08-31,R1_exploratory,R1_exploratory,SEDD_anc,169.6M,OpenWebText continuations,OpenWebText,SEDD_anc,A_pertok,A_pertok,P2k_additive_wc_d16,hg,candidate within state,3,,,,,,,,,within_r2,,0.6336834306552555,,,,,,,positive,no,rescue_audit/results/R1deep_SEDD_anc_A_pertok_L3.json,registry row 521,Registry inventory entry; exploratory unless promoted by a curated master-table row.
REGISTRY_0522,2026-08-31,R1_exploratory,R1_exploratory,SEDD_anc,169.6M,OpenWebText continuations,OpenWebText,SEDD_anc,A_pertok,A_pertok,P2k_kron_d32,hg,candidate within state,3,,,,,,,,,within_r2,,0.6468228974679184,,,,,,,positive,no,rescue_audit/results/R1deep_SEDD_anc_A_pertok_L3.json,registry row 522,Registry inventory entry; exploratory unless promoted by a curated master-table row.
REGISTRY_0523,2026-08-31,R1_exploratory,R1_exploratory,SEDD_anc,169.6M,OpenWebText continuations,OpenWebText,SEDD_anc,A_pertok,A_pertok,P2k_kroneOnly_d32,hg,candidate within state,3,,,,,,,,,within_r2,,0.6469987125872129,,,,,,,positive,no,rescue_audit/results/R1deep_SEDD_anc_A_pertok_L3.json,registry row 523,Registry inventory entry; exploratory unless promoted by a curated master-table row.
REGISTRY_0524,2026-08-31,R1_exploratory,R1_exploratory,SEDD_anc,169.6M,OpenWebText continuations,OpenWebText,SEDD_anc,A_pertok,A_pertok,P2k_additive_d32,hg,candidate within state,3,,,,,,,,,within_r2,,0.6567944069914842,,,,,,,positive,no,rescue_audit/results/R1deep_SEDD_anc_A_pertok_L3.json,registry row 524,Registry inventory entry; exploratory unless promoted by a curated master-table row.
REGISTRY_0525,2026-08-31,R1_exploratory,R1_exploratory,SEDD_anc,169.6M,OpenWebText continuations,OpenWebText,SEDD_anc,A_pertok,A_pertok,P2k_kron_wc_d32,hg,candidate within state,3,,,,,,,,,within_r2,,0.6279569396852078,,,,,,,positive,no,rescue_audit/results/R1deep_SEDD_anc_A_pertok_L3.json,registry row 525,Registry inventory entry; exploratory unless promoted by a curated master-table row.
REGISTRY_0526,2026-08-31,R1_exploratory,R1_exploratory,SEDD_anc,169.6M,OpenWebText continuations,OpenWebText,SEDD_anc,A_pertok,A_pertok,P2k_additive_wc_d32,hg,candidate within state,3,,,,,,,,,within_r2,,0.635170938331937,,,,,,,positive,no,rescue_audit/results/R1deep_SEDD_anc_A_pertok_L3.json,registry row 526,Registry inventory entry; exploratory unless promoted by a curated master-table row.
REGISTRY_0527,2026-08-31,R1_exploratory,R1_exploratory,SEDD_anc,169.6M,OpenWebText continuations,OpenWebText,SEDD_anc,A_pertok,A_pertok,P3_film,hg,candidate within state,3,,,,,,,,,within_r2,,0.5663610279281377,,,,,,,positive,no,rescue_audit/results/R1deep_SEDD_anc_A_pertok_L3.json,registry row 527,Registry inventory entry; exploratory unless promoted by a curated master-table row.
REGISTRY_0528,2026-08-31,R1_exploratory,R1_exploratory,SEDD_anc,169.6M,OpenWebText continuations,OpenWebText,SEDD_anc,A_pertok,A_pertok,P4_relmlp_w128,hg,candidate within state,3,,,,,,,,,within_r2,,0.5365259469039563,,,,,,,positive,no,rescue_audit/results/R1deep_SEDD_anc_A_pertok_L3.json,registry row 528,Registry inventory entry; exploratory unless promoted by a curated master-table row.
REGISTRY_0529,2026-08-31,R1_exploratory,R1_exploratory,SEDD_anc,169.6M,OpenWebText continuations,OpenWebText,SEDD_anc,A_pertok,A_pertok,P4_relmlp_w512,hg,candidate within state,3,,,,,,,,,within_r2,,0.5676607932899848,,,,,,,positive,no,rescue_audit/results/R1deep_SEDD_anc_A_pertok_L3.json,registry row 529,Registry inventory entry; exploratory unless promoted by a curated master-table row.
REGISTRY_0530,2026-08-31,R1_exploratory,R1_exploratory,SEDD_anc,169.6M,OpenWebText continuations,OpenWebText,SEDD_anc,A_pertok,A_pertok,P4_cheaponly_mlp,hg,candidate within state,3,,,,,,,,,within_r2,,0.6512807265227789,,,,,,,positive,no,rescue_audit/results/R1deep_SEDD_anc_A_pertok_L3.json,registry row 530,Registry inventory entry; exploratory unless promoted by a curated master-table row.
REGISTRY_0531,2026-08-31,R1_exploratory,R1_exploratory,SEDD_anc,169.6M,OpenWebText continuations,OpenWebText,SEDD_anc,A_pertok,A_pertok,P5_rff_g0.1,hg,candidate within state,3,,,,,,,,,within_r2,,0.6252240842170398,,,,,,,positive,no,rescue_audit/results/R1deep_SEDD_anc_A_pertok_L3.json,registry row 531,Registry inventory entry; exploratory unless promoted by a curated master-table row.
REGISTRY_0532,2026-08-31,R1_exploratory,R1_exploratory,SEDD_anc,169.6M,OpenWebText continuations,OpenWebText,SEDD_anc,A_pertok,A_pertok,P5_rff_cheaponly_g0.1,hg,candidate within state,3,,,,,,,,,within_r2,,0.6492851277158993,,,,,,,positive,no,rescue_audit/results/R1deep_SEDD_anc_A_pertok_L3.json,registry row 532,Registry inventory entry; exploratory unless promoted by a curated master-table row.
REGISTRY_0533,2026-08-31,R1_exploratory,R1_exploratory,SEDD_anc,169.6M,OpenWebText continuations,OpenWebText,SEDD_anc,A_pertok,A_pertok,P5_rff_g1,hg,candidate within state,3,,,,,,,,,within_r2,,0.5567618346631968,,,,,,,positive,no,rescue_audit/results/R1deep_SEDD_anc_A_pertok_L3.json,registry row 533,Registry inventory entry; exploratory unless promoted by a curated master-table row.
REGISTRY_0534,2026-08-31,R1_exploratory,R1_exploratory,SEDD_anc,169.6M,OpenWebText continuations,OpenWebText,SEDD_anc,A_pertok,A_pertok,P5_rff_cheaponly_g1,hg,candidate within state,3,,,,,,,,,within_r2,,0.6464774379983027,,,,,,,positive,no,rescue_audit/results/R1deep_SEDD_anc_A_pertok_L3.json,registry row 534,Registry inventory entry; exploratory unless promoted by a curated master-table row.
REGISTRY_0535,2026-08-31,R1_exploratory,R1_exploratory,SEDD_anc,169.6M,OpenWebText continuations,OpenWebText,SEDD_anc,A_pertok,A_pertok,P5_rff_g10,hg,candidate within state,3,,,,,,,,,within_r2,,0.0035041652341596397,,,,,,,positive,no,rescue_audit/results/R1deep_SEDD_anc_A_pertok_L3.json,registry row 535,Registry inventory entry; exploratory unless promoted by a curated master-table row.
REGISTRY_0536,2026-08-31,R1_exploratory,R1_exploratory,SEDD_anc,169.6M,OpenWebText continuations,OpenWebText,SEDD_anc,A_pertok,A_pertok,P5_rff_cheaponly_g10,hg,candidate within state,3,,,,,,,,,within_r2,,0.5854472662659163,,,,,,,positive,no,rescue_audit/results/R1deep_SEDD_anc_A_pertok_L3.json,registry row 536,Registry inventory entry; exploratory unless promoted by a curated master-table row.
REGISTRY_0537,2026-08-31,R1_exploratory,R1_exploratory,SEDD_anc,169.6M,OpenWebText continuations,OpenWebText,SEDD_anc,A_pertok,A_pertok,P5_poly2,hg,candidate within state,3,,,,,,,,,within_r2,,0.6266120358275784,,,,,,,positive,no,rescue_audit/results/R1deep_SEDD_anc_A_pertok_L3.json,registry row 537,Registry inventory entry; exploratory unless promoted by a curated master-table row.
REGISTRY_0538,2026-08-31,R1_exploratory,R1_exploratory,SEDD_anc,169.6M,OpenWebText continuations,OpenWebText,SEDD_anc,A_pertok,A_pertok,P5_poly2_cheaponly,hg,candidate within state,3,,,,,,,,,within_r2,,0.644147981977663,,,,,,,positive,no,rescue_audit/results/R1deep_SEDD_anc_A_pertok_L3.json,registry row 538,Registry inventory entry; exploratory unless promoted by a curated master-table row.
REGISTRY_0539,2026-08-31,R1_exploratory,R1_exploratory,SEDD_anc,169.6M,OpenWebText continuations,OpenWebText,SEDD_anc,A_pertok,A_pertok,P6_boost,hg,candidate within state,3,,,,,,,,,within_r2,,0.6548378314072196,,,,,,,positive,no,rescue_audit/results/R1deep_SEDD_anc_A_pertok_L3.json,registry row 539,Registry inventory entry; exploratory unless promoted by a curated master-table row.
REGISTRY_0540,2026-08-31,R1_exploratory,R1_exploratory,SEDD_anc,169.6M,OpenWebText continuations,OpenWebText,SEDD_anc,A_pertok,A_pertok,P6_boost_cheaponly,hg,candidate within state,3,,,,,,,,,within_r2,,0.6434488146729129,,,,,,,positive,no,rescue_audit/results/R1deep_SEDD_anc_A_pertok_L3.json,registry row 540,Registry inventory entry; exploratory unless promoted by a curated master-table row.
REGISTRY_0541,2026-08-31,R1_exploratory,R1_exploratory,SEDD_anc,169.6M,OpenWebText continuations,OpenWebText,SEDD_anc,A_pertok,A_pertok,P7k_pair_kron_d32,hg,candidate within state,3,,,,,,,,,within_r2,,0.0776446029719936,,,,,,,positive,no,rescue_audit/results/R1deep_SEDD_anc_A_pertok_L3.json,registry row 541,Registry inventory entry; exploratory unless promoted by a curated master-table row.
REGISTRY_0542,2026-08-31,R1_exploratory,R1_exploratory,SEDD_anc,169.6M,OpenWebText continuations,OpenWebText,SEDD_anc,A_pertok,A_pertok,P7k_pair_hi_d32,hg,candidate within state,3,,,,,,,,,within_r2,,0.14338283984566924,,,,,,,positive,no,rescue_audit/results/R1deep_SEDD_anc_A_pertok_L3.json,registry row 542,Registry inventory entry; exploratory unless promoted by a curated master-table row.
REGISTRY_0543,2026-08-31,R1_exploratory,R1_exploratory,SEDD_anc,169.6M,OpenWebText continuations,OpenWebText,SEDD_anc,A_pertok,A_pertok,P7_pair_hi,hg,candidate within state,3,,,,,,,,,within_r2,,0.1487167154475001,,,,,,,positive,no,rescue_audit/results/R1deep_SEDD_anc_A_pertok_L3.json,registry row 543,Registry inventory entry; exploratory unless promoted by a curated master-table row.
REGISTRY_0544,2026-08-31,R1_exploratory,R1_exploratory,SEDD_anc,169.6M,OpenWebText continuations,OpenWebText,SEDD_anc,A_pertok,A_pertok,P7_pair_hi_x_hg,hg,candidate within state,3,,,,,,,,,within_r2,,0.12521143159146808,,,,,,,positive,no,rescue_audit/results/R1deep_SEDD_anc_A_pertok_L3.json,registry row 544,Registry inventory entry; exploratory unless promoted by a curated master-table row.
REGISTRY_0545,2026-08-31,R1_exploratory,R1_exploratory,SEDD_anc,169.6M,OpenWebText continuations,OpenWebText,SEDD_anc,A_pertok,A_pertok,P8_ranknet_cand,hg,candidate within state,3,,,,,,,,,within_r2,,0.15373526975079088,,,,,,,positive,no,rescue_audit/results/R1deep_SEDD_anc_A_pertok_L3.json,registry row 545,Registry inventory entry; exploratory unless promoted by a curated master-table row.
REGISTRY_0546,2026-08-31,R1_exploratory,R1_exploratory,SEDD_anc,169.6M,OpenWebText continuations,OpenWebText,SEDD_anc,A_pertok,A_pertok,P8_ranknet_cand_state,hg,candidate within state,3,,,,,,,,,within_r2,,0.14023296703562138,,,,,,,positive,no,rescue_audit/results/R1deep_SEDD_anc_A_pertok_L3.json,registry row 546,Registry inventory entry; exploratory unless promoted by a curated master-table row.
REGISTRY_0547,2026-08-31,R1_exploratory,R1_exploratory,SEDD_anc,169.6M,OpenWebText continuations,OpenWebText,SEDD_anc,A_pertok,A_pertok,P8_ranknet_cheap,hg,candidate within state,3,,,,,,,,,within_r2,,0.6034014696641373,,,,,,,positive,no,rescue_audit/results/R1deep_SEDD_anc_A_pertok_L3.json,registry row 547,Registry inventory entry; exploratory unless promoted by a curated master-table row.
REGISTRY_0548,2026-08-31,R1_exploratory,R1_exploratory,SEDD_anc,169.6M,OpenWebText continuations,OpenWebText,SEDD_anc,A_pertok,A_pertok,P8_ranknet_cheap_hidden,hg,candidate within state,3,,,,,,,,,within_r2,,0.5141341161747396,,,,,,,positive,no,rescue_audit/results/R1deep_SEDD_anc_A_pertok_L3.json,registry row 548,Registry inventory entry; exploratory unless promoted by a curated master-table row.
REGISTRY_0549,2026-08-31,R1_exploratory,R1_exploratory,SEDD_anc,169.6M,OpenWebText continuations,OpenWebText,SEDD_anc,A_pertok,A_pertok,P9_list_hidden,hg,candidate within state,3,,,,,,,,,within_r2,,0.5264456735189276,,,,,,,positive,no,rescue_audit/results/R1deep_SEDD_anc_A_pertok_L3.json,registry row 549,Registry inventory entry; exploratory unless promoted by a curated master-table row.
REGISTRY_0550,2026-08-31,R1_exploratory,R1_exploratory,SEDD_anc,169.6M,OpenWebText continuations,OpenWebText,SEDD_anc,A_pertok,A_pertok,P9_list_cheap,hg,candidate within state,3,,,,,,,,,within_r2,,0.6478494400835899,,,,,,,positive,no,rescue_audit/results/R1deep_SEDD_anc_A_pertok_L3.json,registry row 550,Registry inventory entry; exploratory unless promoted by a curated master-table row.
REGISTRY_0551,2026-08-31,R1_exploratory,R1_exploratory,SEDD_anc,169.6M,OpenWebText continuations,OpenWebText,SEDD_anc,A_pertok,A_pertok,P13_pls,hg,candidate within state,3,,,,,,,,,within_r2,,0.19226836359208133,,,,,,,positive,no,rescue_audit/results/R1deep_SEDD_anc_A_pertok_L3.json,registry row 551,Registry inventory entry; exploratory unless promoted by a curated master-table row.
REGISTRY_0552,2026-08-31,R1_exploratory,R1_exploratory,SEDD_anc,169.6M,OpenWebText continuations,OpenWebText,SEDD_anc,A_pertok,A_pertok,P0_cheap,hg,candidate within state,6,,,,,,,,,within_r2,,0.6455679403505508,,,,,,,positive,no,rescue_audit/results/R1deep_SEDD_anc_A_pertok_L6.json,registry row 552,Registry inventory entry; exploratory unless promoted by a curated master-table row.
REGISTRY_0553,2026-08-31,R1_exploratory,R1_exploratory,SEDD_anc,169.6M,OpenWebText continuations,OpenWebText,SEDD_anc,A_pertok,A_pertok,P0_hi,hg,candidate within state,6,,,,,,,,,within_r2,,0.17274018825315085,,,,,,,positive,no,rescue_audit/results/R1deep_SEDD_anc_A_pertok_L6.json,registry row 553,Registry inventory entry; exploratory unless promoted by a curated master-table row.
REGISTRY_0554,2026-08-31,R1_exploratory,R1_exploratory,SEDD_anc,169.6M,OpenWebText continuations,OpenWebText,SEDD_anc,A_pertok,A_pertok,P0_hg,hg,candidate within state,6,,,,,,,,,within_r2,,0.0,,,,,,,negative_or_zero,no,rescue_audit/results/R1deep_SEDD_anc_A_pertok_L6.json,registry row 554,Registry inventory entry; exploratory unless promoted by a curated master-table row.
REGISTRY_0555,2026-08-31,R1_exploratory,R1_exploratory,SEDD_anc,169.6M,OpenWebText continuations,OpenWebText,SEDD_anc,A_pertok,A_pertok,P0_hi_hg,hg,candidate within state,6,,,,,,,,,within_r2,,0.26253294534998806,,,,,,,positive,no,rescue_audit/results/R1deep_SEDD_anc_A_pertok_L6.json,registry row 555,Registry inventory entry; exploratory unless promoted by a curated master-table row.
REGISTRY_0556,2026-08-31,R1_exploratory,R1_exploratory,SEDD_anc,169.6M,OpenWebText continuations,OpenWebText,SEDD_anc,A_pertok,A_pertok,P0_cheap+hi,hg,candidate within state,6,,,,,,,,,within_r2,,0.6476042501660942,,,,,,,positive,no,rescue_audit/results/R1deep_SEDD_anc_A_pertok_L6.json,registry row 556,Registry inventory entry; exploratory unless promoted by a curated master-table row.
REGISTRY_0557,2026-08-31,R1_exploratory,R1_exploratory,SEDD_anc,169.6M,OpenWebText continuations,OpenWebText,SEDD_anc,A_pertok,A_pertok,P0_cheap+H,hg,candidate within state,6,,,,,,,,,within_r2,,0.6595399026762638,,,,,,,positive,no,rescue_audit/results/R1deep_SEDD_anc_A_pertok_L6.json,registry row 557,Registry inventory entry; exploratory unless promoted by a curated master-table row.
REGISTRY_0558,2026-08-31,R1_exploratory,R1_exploratory,SEDD_anc,169.6M,OpenWebText continuations,OpenWebText,SEDD_anc,A_pertok,A_pertok,P2_bilinear_r2,hg,candidate within state,6,,,,,,,,,within_r2,,0.5807012164603071,,,,,,,positive,no,rescue_audit/results/R1deep_SEDD_anc_A_pertok_L6.json,registry row 558,Registry inventory entry; exploratory unless promoted by a curated master-table row.
REGISTRY_0559,2026-08-31,R1_exploratory,R1_exploratory,SEDD_anc,169.6M,OpenWebText continuations,OpenWebText,SEDD_anc,A_pertok,A_pertok,P2_bilinear_r4,hg,candidate within state,6,,,,,,,,,within_r2,,0.5376000407015801,,,,,,,positive,no,rescue_audit/results/R1deep_SEDD_anc_A_pertok_L6.json,registry row 559,Registry inventory entry; exploratory unless promoted by a curated master-table row.
REGISTRY_0560,2026-08-31,R1_exploratory,R1_exploratory,SEDD_anc,169.6M,OpenWebText continuations,OpenWebText,SEDD_anc,A_pertok,A_pertok,P2_bilinear_r8,hg,candidate within state,6,,,,,,,,,within_r2,,0.46357638162298986,,,,,,,positive,no,rescue_audit/results/R1deep_SEDD_anc_A_pertok_L6.json,registry row 560,Registry inventory entry; exploratory unless promoted by a curated master-table row.
REGISTRY_0561,2026-08-31,R1_exploratory,R1_exploratory,SEDD_anc,169.6M,OpenWebText continuations,OpenWebText,SEDD_anc,A_pertok,A_pertok,P2_bilinear_r16,hg,candidate within state,6,,,,,,,,,within_r2,,0.09420031673660778,,,,,,,positive,no,rescue_audit/results/R1deep_SEDD_anc_A_pertok_L6.json,registry row 561,Registry inventory entry; exploratory unless promoted by a curated master-table row.
REGISTRY_0562,2026-08-31,R1_exploratory,R1_exploratory,SEDD_anc,169.6M,OpenWebText continuations,OpenWebText,SEDD_anc,A_pertok,A_pertok,P2_bilinear_r32,hg,candidate within state,6,,,,,,,,,within_r2,,-1.0987128846958525,,,,,,,negative_or_zero,no,rescue_audit/results/R1deep_SEDD_anc_A_pertok_L6.json,registry row 562,Registry inventory entry; exploratory unless promoted by a curated master-table row.
REGISTRY_0563,2026-08-31,R1_exploratory,R1_exploratory,SEDD_anc,169.6M,OpenWebText continuations,OpenWebText,SEDD_anc,A_pertok,A_pertok,P2_bilinear_r64,hg,candidate within state,6,,,,,,,,,within_r2,,-8.086476244204016,,,,,,,negative_or_zero,no,rescue_audit/results/R1deep_SEDD_anc_A_pertok_L6.json,registry row 563,Registry inventory entry; exploratory unless promoted by a curated master-table row.
REGISTRY_0564,2026-08-31,R1_exploratory,R1_exploratory,SEDD_anc,169.6M,OpenWebText continuations,OpenWebText,SEDD_anc,A_pertok,A_pertok,P2_bilinear_best,hg,candidate within state,6,,,,,,,,,within_r2,,0.5807012164603071,,,,,,,positive,no,rescue_audit/results/R1deep_SEDD_anc_A_pertok_L6.json,registry row 564,Registry inventory entry; exploratory unless promoted by a curated master-table row.
REGISTRY_0565,2026-08-31,R1_exploratory,R1_exploratory,SEDD_anc,169.6M,OpenWebText continuations,OpenWebText,SEDD_anc,A_pertok,A_pertok,P2_bilinear_r1,hg,candidate within state,6,,,,,,,,,within_r2,,0.6016009189461936,,,,,,,positive,no,rescue_audit/results/R1deep_SEDD_anc_A_pertok_L6.json,registry row 565,Registry inventory entry; exploratory unless promoted by a curated master-table row.
REGISTRY_0566,2026-08-31,R1_exploratory,R1_exploratory,SEDD_anc,169.6M,OpenWebText continuations,OpenWebText,SEDD_anc,A_pertok,A_pertok,P2k_kron_d16,hg,candidate within state,6,,,,,,,,,within_r2,,0.6451761046965532,,,,,,,positive,no,rescue_audit/results/R1deep_SEDD_anc_A_pertok_L6.json,registry row 566,Registry inventory entry; exploratory unless promoted by a curated master-table row.
REGISTRY_0567,2026-08-31,R1_exploratory,R1_exploratory,SEDD_anc,169.6M,OpenWebText continuations,OpenWebText,SEDD_anc,A_pertok,A_pertok,P2k_kroneOnly_d16,hg,candidate within state,6,,,,,,,,,within_r2,,0.6455044809167891,,,,,,,positive,no,rescue_audit/results/R1deep_SEDD_anc_A_pertok_L6.json,registry row 567,Registry inventory entry; exploratory unless promoted by a curated master-table row.
REGISTRY_0568,2026-08-31,R1_exploratory,R1_exploratory,SEDD_anc,169.6M,OpenWebText continuations,OpenWebText,SEDD_anc,A_pertok,A_pertok,P2k_additive_d16,hg,candidate within state,6,,,,,,,,,within_r2,,0.6585834912974311,,,,,,,positive,no,rescue_audit/results/R1deep_SEDD_anc_A_pertok_L6.json,registry row 568,Registry inventory entry; exploratory unless promoted by a curated master-table row.
REGISTRY_0569,2026-08-31,R1_exploratory,R1_exploratory,SEDD_anc,169.6M,OpenWebText continuations,OpenWebText,SEDD_anc,A_pertok,A_pertok,P2k_kron_wc_d16,hg,candidate within state,6,,,,,,,,,within_r2,,0.625241664134619,,,,,,,positive,no,rescue_audit/results/R1deep_SEDD_anc_A_pertok_L6.json,registry row 569,Registry inventory entry; exploratory unless promoted by a curated master-table row.
REGISTRY_0570,2026-08-31,R1_exploratory,R1_exploratory,SEDD_anc,169.6M,OpenWebText continuations,OpenWebText,SEDD_anc,A_pertok,A_pertok,P2k_additive_wc_d16,hg,candidate within state,6,,,,,,,,,within_r2,,0.6357594783231701,,,,,,,positive,no,rescue_audit/results/R1deep_SEDD_anc_A_pertok_L6.json,registry row 570,Registry inventory entry; exploratory unless promoted by a curated master-table row.
REGISTRY_0571,2026-08-31,R1_exploratory,R1_exploratory,SEDD_anc,169.6M,OpenWebText continuations,OpenWebText,SEDD_anc,A_pertok,A_pertok,P2k_kron_d32,hg,candidate within state,6,,,,,,,,,within_r2,,0.645940511645155,,,,,,,positive,no,rescue_audit/results/R1deep_SEDD_anc_A_pertok_L6.json,registry row 571,Registry inventory entry; exploratory unless promoted by a curated master-table row.
REGISTRY_0572,2026-08-31,R1_exploratory,R1_exploratory,SEDD_anc,169.6M,OpenWebText continuations,OpenWebText,SEDD_anc,A_pertok,A_pertok,P2k_kroneOnly_d32,hg,candidate within state,6,,,,,,,,,within_r2,,0.6451492569920343,,,,,,,positive,no,rescue_audit/results/R1deep_SEDD_anc_A_pertok_L6.json,registry row 572,Registry inventory entry; exploratory unless promoted by a curated master-table row.
REGISTRY_0573,2026-08-31,R1_exploratory,R1_exploratory,SEDD_anc,169.6M,OpenWebText continuations,OpenWebText,SEDD_anc,A_pertok,A_pertok,P2k_additive_d32,hg,candidate within state,6,,,,,,,,,within_r2,,0.6587126090417315,,,,,,,positive,no,rescue_audit/results/R1deep_SEDD_anc_A_pertok_L6.json,registry row 573,Registry inventory entry; exploratory unless promoted by a curated master-table row.
REGISTRY_0574,2026-08-31,R1_exploratory,R1_exploratory,SEDD_anc,169.6M,OpenWebText continuations,OpenWebText,SEDD_anc,A_pertok,A_pertok,P2k_kron_wc_d32,hg,candidate within state,6,,,,,,,,,within_r2,,0.6269298433072857,,,,,,,positive,no,rescue_audit/results/R1deep_SEDD_anc_A_pertok_L6.json,registry row 574,Registry inventory entry; exploratory unless promoted by a curated master-table row.
REGISTRY_0575,2026-08-31,R1_exploratory,R1_exploratory,SEDD_anc,169.6M,OpenWebText continuations,OpenWebText,SEDD_anc,A_pertok,A_pertok,P2k_additive_wc_d32,hg,candidate within state,6,,,,,,,,,within_r2,,0.6366728418830325,,,,,,,positive,no,rescue_audit/results/R1deep_SEDD_anc_A_pertok_L6.json,registry row 575,Registry inventory entry; exploratory unless promoted by a curated master-table row.
REGISTRY_0576,2026-08-31,R1_exploratory,R1_exploratory,SEDD_anc,169.6M,OpenWebText continuations,OpenWebText,SEDD_anc,A_pertok,A_pertok,P3_film,hg,candidate within state,6,,,,,,,,,within_r2,,0.5562663953220102,,,,,,,positive,no,rescue_audit/results/R1deep_SEDD_anc_A_pertok_L6.json,registry row 576,Registry inventory entry; exploratory unless promoted by a curated master-table row.
REGISTRY_0577,2026-08-31,R1_exploratory,R1_exploratory,SEDD_anc,169.6M,OpenWebText continuations,OpenWebText,SEDD_anc,A_pertok,A_pertok,P4_relmlp_w128,hg,candidate within state,6,,,,,,,,,within_r2,,0.5500035903074261,,,,,,,positive,no,rescue_audit/results/R1deep_SEDD_anc_A_pertok_L6.json,registry row 577,Registry inventory entry; exploratory unless promoted by a curated master-table row.
REGISTRY_0578,2026-08-31,R1_exploratory,R1_exploratory,SEDD_anc,169.6M,OpenWebText continuations,OpenWebText,SEDD_anc,A_pertok,A_pertok,P4_relmlp_w512,hg,candidate within state,6,,,,,,,,,within_r2,,0.5749287466454445,,,,,,,positive,no,rescue_audit/results/R1deep_SEDD_anc_A_pertok_L6.json,registry row 578,Registry inventory entry; exploratory unless promoted by a curated master-table row.
REGISTRY_0579,2026-08-31,R1_exploratory,R1_exploratory,SEDD_anc,169.6M,OpenWebText continuations,OpenWebText,SEDD_anc,A_pertok,A_pertok,P4_cheaponly_mlp,hg,candidate within state,6,,,,,,,,,within_r2,,0.6512807265227789,,,,,,,positive,no,rescue_audit/results/R1deep_SEDD_anc_A_pertok_L6.json,registry row 579,Registry inventory entry; exploratory unless promoted by a curated master-table row.
REGISTRY_0580,2026-08-31,R1_exploratory,R1_exploratory,SEDD_anc,169.6M,OpenWebText continuations,OpenWebText,SEDD_anc,A_pertok,A_pertok,P5_rff_g0.1,hg,candidate within state,6,,,,,,,,,within_r2,,0.6310815841310264,,,,,,,positive,no,rescue_audit/results/R1deep_SEDD_anc_A_pertok_L6.json,registry row 580,Registry inventory entry; exploratory unless promoted by a curated master-table row.
REGISTRY_0581,2026-08-31,R1_exploratory,R1_exploratory,SEDD_anc,169.6M,OpenWebText continuations,OpenWebText,SEDD_anc,A_pertok,A_pertok,P5_rff_cheaponly_g0.1,hg,candidate within state,6,,,,,,,,,within_r2,,0.6492851277158993,,,,,,,positive,no,rescue_audit/results/R1deep_SEDD_anc_A_pertok_L6.json,registry row 581,Registry inventory entry; exploratory unless promoted by a curated master-table row.
REGISTRY_0582,2026-08-31,R1_exploratory,R1_exploratory,SEDD_anc,169.6M,OpenWebText continuations,OpenWebText,SEDD_anc,A_pertok,A_pertok,P5_rff_g1,hg,candidate within state,6,,,,,,,,,within_r2,,0.5737619019328477,,,,,,,positive,no,rescue_audit/results/R1deep_SEDD_anc_A_pertok_L6.json,registry row 582,Registry inventory entry; exploratory unless promoted by a curated master-table row.
REGISTRY_0583,2026-08-31,R1_exploratory,R1_exploratory,SEDD_anc,169.6M,OpenWebText continuations,OpenWebText,SEDD_anc,A_pertok,A_pertok,P5_rff_cheaponly_g1,hg,candidate within state,6,,,,,,,,,within_r2,,0.6464774379983027,,,,,,,positive,no,rescue_audit/results/R1deep_SEDD_anc_A_pertok_L6.json,registry row 583,Registry inventory entry; exploratory unless promoted by a curated master-table row.
REGISTRY_0584,2026-08-31,R1_exploratory,R1_exploratory,SEDD_anc,169.6M,OpenWebText continuations,OpenWebText,SEDD_anc,A_pertok,A_pertok,P5_rff_g10,hg,candidate within state,6,,,,,,,,,within_r2,,0.0007423540249364979,,,,,,,positive,no,rescue_audit/results/R1deep_SEDD_anc_A_pertok_L6.json,registry row 584,Registry inventory entry; exploratory unless promoted by a curated master-table row.
REGISTRY_0585,2026-08-31,R1_exploratory,R1_exploratory,SEDD_anc,169.6M,OpenWebText continuations,OpenWebText,SEDD_anc,A_pertok,A_pertok,P5_rff_cheaponly_g10,hg,candidate within state,6,,,,,,,,,within_r2,,0.5854472662659163,,,,,,,positive,no,rescue_audit/results/R1deep_SEDD_anc_A_pertok_L6.json,registry row 585,Registry inventory entry; exploratory unless promoted by a curated master-table row.
REGISTRY_0586,2026-08-31,R1_exploratory,R1_exploratory,SEDD_anc,169.6M,OpenWebText continuations,OpenWebText,SEDD_anc,A_pertok,A_pertok,P5_poly2,hg,candidate within state,6,,,,,,,,,within_r2,,0.6236379851889836,,,,,,,positive,no,rescue_audit/results/R1deep_SEDD_anc_A_pertok_L6.json,registry row 586,Registry inventory entry; exploratory unless promoted by a curated master-table row.
REGISTRY_0587,2026-08-31,R1_exploratory,R1_exploratory,SEDD_anc,169.6M,OpenWebText continuations,OpenWebText,SEDD_anc,A_pertok,A_pertok,P5_poly2_cheaponly,hg,candidate within state,6,,,,,,,,,within_r2,,0.644147981977663,,,,,,,positive,no,rescue_audit/results/R1deep_SEDD_anc_A_pertok_L6.json,registry row 587,Registry inventory entry; exploratory unless promoted by a curated master-table row.
REGISTRY_0588,2026-08-31,R1_exploratory,R1_exploratory,SEDD_anc,169.6M,OpenWebText continuations,OpenWebText,SEDD_anc,A_pertok,A_pertok,P6_boost,hg,candidate within state,6,,,,,,,,,within_r2,,0.6601283028756093,,,,,,,positive,no,rescue_audit/results/R1deep_SEDD_anc_A_pertok_L6.json,registry row 588,Registry inventory entry; exploratory unless promoted by a curated master-table row.
REGISTRY_0589,2026-08-31,R1_exploratory,R1_exploratory,SEDD_anc,169.6M,OpenWebText continuations,OpenWebText,SEDD_anc,A_pertok,A_pertok,P6_boost_cheaponly,hg,candidate within state,6,,,,,,,,,within_r2,,0.6434488146729129,,,,,,,positive,no,rescue_audit/results/R1deep_SEDD_anc_A_pertok_L6.json,registry row 589,Registry inventory entry; exploratory unless promoted by a curated master-table row.
REGISTRY_0590,2026-08-31,R1_exploratory,R1_exploratory,SEDD_anc,169.6M,OpenWebText continuations,OpenWebText,SEDD_anc,A_pertok,A_pertok,P7k_pair_kron_d32,hg,candidate within state,6,,,,,,,,,within_r2,,0.13508818920704524,,,,,,,positive,no,rescue_audit/results/R1deep_SEDD_anc_A_pertok_L6.json,registry row 590,Registry inventory entry; exploratory unless promoted by a curated master-table row.
REGISTRY_0591,2026-08-31,R1_exploratory,R1_exploratory,SEDD_anc,169.6M,OpenWebText continuations,OpenWebText,SEDD_anc,A_pertok,A_pertok,P7k_pair_hi_d32,hg,candidate within state,6,,,,,,,,,within_r2,,0.17160080319155324,,,,,,,positive,no,rescue_audit/results/R1deep_SEDD_anc_A_pertok_L6.json,registry row 591,Registry inventory entry; exploratory unless promoted by a curated master-table row.
REGISTRY_0592,2026-08-31,R1_exploratory,R1_exploratory,SEDD_anc,169.6M,OpenWebText continuations,OpenWebText,SEDD_anc,A_pertok,A_pertok,P7_pair_hi,hg,candidate within state,6,,,,,,,,,within_r2,,0.19373203939967243,,,,,,,positive,no,rescue_audit/results/R1deep_SEDD_anc_A_pertok_L6.json,registry row 592,Registry inventory entry; exploratory unless promoted by a curated master-table row.
REGISTRY_0593,2026-08-31,R1_exploratory,R1_exploratory,SEDD_anc,169.6M,OpenWebText continuations,OpenWebText,SEDD_anc,A_pertok,A_pertok,P7_pair_hi_x_hg,hg,candidate within state,6,,,,,,,,,within_r2,,0.19699872357734605,,,,,,,positive,no,rescue_audit/results/R1deep_SEDD_anc_A_pertok_L6.json,registry row 593,Registry inventory entry; exploratory unless promoted by a curated master-table row.
REGISTRY_0594,2026-08-31,R1_exploratory,R1_exploratory,SEDD_anc,169.6M,OpenWebText continuations,OpenWebText,SEDD_anc,A_pertok,A_pertok,P8_ranknet_cand,hg,candidate within state,6,,,,,,,,,within_r2,,0.20159644468951243,,,,,,,positive,no,rescue_audit/results/R1deep_SEDD_anc_A_pertok_L6.json,registry row 594,Registry inventory entry; exploratory unless promoted by a curated master-table row.
REGISTRY_0595,2026-08-31,R1_exploratory,R1_exploratory,SEDD_anc,169.6M,OpenWebText continuations,OpenWebText,SEDD_anc,A_pertok,A_pertok,P8_ranknet_cand_state,hg,candidate within state,6,,,,,,,,,within_r2,,0.1863000096066908,,,,,,,positive,no,rescue_audit/results/R1deep_SEDD_anc_A_pertok_L6.json,registry row 595,Registry inventory entry; exploratory unless promoted by a curated master-table row.
REGISTRY_0596,2026-08-31,R1_exploratory,R1_exploratory,SEDD_anc,169.6M,OpenWebText continuations,OpenWebText,SEDD_anc,A_pertok,A_pertok,P8_ranknet_cheap,hg,candidate within state,6,,,,,,,,,within_r2,,0.6034014696641373,,,,,,,positive,no,rescue_audit/results/R1deep_SEDD_anc_A_pertok_L6.json,registry row 596,Registry inventory entry; exploratory unless promoted by a curated master-table row.
REGISTRY_0597,2026-08-31,R1_exploratory,R1_exploratory,SEDD_anc,169.6M,OpenWebText continuations,OpenWebText,SEDD_anc,A_pertok,A_pertok,P8_ranknet_cheap_hidden,hg,candidate within state,6,,,,,,,,,within_r2,,0.5313495546227144,,,,,,,positive,no,rescue_audit/results/R1deep_SEDD_anc_A_pertok_L6.json,registry row 597,Registry inventory entry; exploratory unless promoted by a curated master-table row.
REGISTRY_0598,2026-08-31,R1_exploratory,R1_exploratory,SEDD_anc,169.6M,OpenWebText continuations,OpenWebText,SEDD_anc,A_pertok,A_pertok,P9_list_hidden,hg,candidate within state,6,,,,,,,,,within_r2,,0.5092433862428669,,,,,,,positive,no,rescue_audit/results/R1deep_SEDD_anc_A_pertok_L6.json,registry row 598,Registry inventory entry; exploratory unless promoted by a curated master-table row.
REGISTRY_0599,2026-08-31,R1_exploratory,R1_exploratory,SEDD_anc,169.6M,OpenWebText continuations,OpenWebText,SEDD_anc,A_pertok,A_pertok,P9_list_cheap,hg,candidate within state,6,,,,,,,,,within_r2,,0.6478494400835899,,,,,,,positive,no,rescue_audit/results/R1deep_SEDD_anc_A_pertok_L6.json,registry row 599,Registry inventory entry; exploratory unless promoted by a curated master-table row.
REGISTRY_0600,2026-08-31,R1_exploratory,R1_exploratory,SEDD_anc,169.6M,OpenWebText continuations,OpenWebText,SEDD_anc,A_pertok,A_pertok,P13_pls,hg,candidate within state,6,,,,,,,,,within_r2,,0.240574214656463,,,,,,,positive,no,rescue_audit/results/R1deep_SEDD_anc_A_pertok_L6.json,registry row 600,Registry inventory entry; exploratory unless promoted by a curated master-table row.
REGISTRY_0601,2026-08-31,R1_exploratory,R1_exploratory,SEDD_anc,169.6M,OpenWebText continuations,OpenWebText,SEDD_anc,A_pertok,A_pertok,P0_cheap,hg,candidate within state,9,,,,,,,,,within_r2,,0.6455679403505508,,,,,,,positive,no,rescue_audit/results/R1deep_SEDD_anc_A_pertok_L9.json,registry row 601,Registry inventory entry; exploratory unless promoted by a curated master-table row.
REGISTRY_0602,2026-08-31,R1_exploratory,R1_exploratory,SEDD_anc,169.6M,OpenWebText continuations,OpenWebText,SEDD_anc,A_pertok,A_pertok,P0_hi,hg,candidate within state,9,,,,,,,,,within_r2,,0.2586021064518159,,,,,,,positive,no,rescue_audit/results/R1deep_SEDD_anc_A_pertok_L9.json,registry row 602,Registry inventory entry; exploratory unless promoted by a curated master-table row.
REGISTRY_0603,2026-08-31,R1_exploratory,R1_exploratory,SEDD_anc,169.6M,OpenWebText continuations,OpenWebText,SEDD_anc,A_pertok,A_pertok,P0_hg,hg,candidate within state,9,,,,,,,,,within_r2,,0.0,,,,,,,negative_or_zero,no,rescue_audit/results/R1deep_SEDD_anc_A_pertok_L9.json,registry row 603,Registry inventory entry; exploratory unless promoted by a curated master-table row.
REGISTRY_0604,2026-08-31,R1_exploratory,R1_exploratory,SEDD_anc,169.6M,OpenWebText continuations,OpenWebText,SEDD_anc,A_pertok,A_pertok,P0_hi_hg,hg,candidate within state,9,,,,,,,,,within_r2,,0.34403751445285224,,,,,,,positive,no,rescue_audit/results/R1deep_SEDD_anc_A_pertok_L9.json,registry row 604,Registry inventory entry; exploratory unless promoted by a curated master-table row.
REGISTRY_0605,2026-08-31,R1_exploratory,R1_exploratory,SEDD_anc,169.6M,OpenWebText continuations,OpenWebText,SEDD_anc,A_pertok,A_pertok,P0_cheap+hi,hg,candidate within state,9,,,,,,,,,within_r2,,0.6509884541861192,,,,,,,positive,no,rescue_audit/results/R1deep_SEDD_anc_A_pertok_L9.json,registry row 605,Registry inventory entry; exploratory unless promoted by a curated master-table row.
REGISTRY_0606,2026-08-31,R1_exploratory,R1_exploratory,SEDD_anc,169.6M,OpenWebText continuations,OpenWebText,SEDD_anc,A_pertok,A_pertok,P0_cheap+H,hg,candidate within state,9,,,,,,,,,within_r2,,0.6613145500064563,,,,,,,positive,no,rescue_audit/results/R1deep_SEDD_anc_A_pertok_L9.json,registry row 606,Registry inventory entry; exploratory unless promoted by a curated master-table row.
REGISTRY_0607,2026-08-31,R1_exploratory,R1_exploratory,SEDD_anc,169.6M,OpenWebText continuations,OpenWebText,SEDD_anc,A_pertok,A_pertok,P2_bilinear_r2,hg,candidate within state,9,,,,,,,,,within_r2,,0.5846899510073298,,,,,,,positive,no,rescue_audit/results/R1deep_SEDD_anc_A_pertok_L9.json,registry row 607,Registry inventory entry; exploratory unless promoted by a curated master-table row.
REGISTRY_0608,2026-08-31,R1_exploratory,R1_exploratory,SEDD_anc,169.6M,OpenWebText continuations,OpenWebText,SEDD_anc,A_pertok,A_pertok,P2_bilinear_r4,hg,candidate within state,9,,,,,,,,,within_r2,,0.5606866977171836,,,,,,,positive,no,rescue_audit/results/R1deep_SEDD_anc_A_pertok_L9.json,registry row 608,Registry inventory entry; exploratory unless promoted by a curated master-table row.
REGISTRY_0609,2026-08-31,R1_exploratory,R1_exploratory,SEDD_anc,169.6M,OpenWebText continuations,OpenWebText,SEDD_anc,A_pertok,A_pertok,P2_bilinear_r8,hg,candidate within state,9,,,,,,,,,within_r2,,0.44581065526468644,,,,,,,positive,no,rescue_audit/results/R1deep_SEDD_anc_A_pertok_L9.json,registry row 609,Registry inventory entry; exploratory unless promoted by a curated master-table row.
REGISTRY_0610,2026-08-31,R1_exploratory,R1_exploratory,SEDD_anc,169.6M,OpenWebText continuations,OpenWebText,SEDD_anc,A_pertok,A_pertok,P2_bilinear_r16,hg,candidate within state,9,,,,,,,,,within_r2,,0.21111308099399861,,,,,,,positive,no,rescue_audit/results/R1deep_SEDD_anc_A_pertok_L9.json,registry row 610,Registry inventory entry; exploratory unless promoted by a curated master-table row.
REGISTRY_0611,2026-08-31,R1_exploratory,R1_exploratory,SEDD_anc,169.6M,OpenWebText continuations,OpenWebText,SEDD_anc,A_pertok,A_pertok,P2_bilinear_r32,hg,candidate within state,9,,,,,,,,,within_r2,,-0.839115356549708,,,,,,,negative_or_zero,no,rescue_audit/results/R1deep_SEDD_anc_A_pertok_L9.json,registry row 611,Registry inventory entry; exploratory unless promoted by a curated master-table row.
REGISTRY_0612,2026-08-31,R1_exploratory,R1_exploratory,SEDD_anc,169.6M,OpenWebText continuations,OpenWebText,SEDD_anc,A_pertok,A_pertok,P2_bilinear_r64,hg,candidate within state,9,,,,,,,,,within_r2,,-5.370302880266248,,,,,,,negative_or_zero,no,rescue_audit/results/R1deep_SEDD_anc_A_pertok_L9.json,registry row 612,Registry inventory entry; exploratory unless promoted by a curated master-table row.
REGISTRY_0613,2026-08-31,R1_exploratory,R1_exploratory,SEDD_anc,169.6M,OpenWebText continuations,OpenWebText,SEDD_anc,A_pertok,A_pertok,P2_bilinear_best,hg,candidate within state,9,,,,,,,,,within_r2,,0.5846899510073298,,,,,,,positive,no,rescue_audit/results/R1deep_SEDD_anc_A_pertok_L9.json,registry row 613,Registry inventory entry; exploratory unless promoted by a curated master-table row.
REGISTRY_0614,2026-08-31,R1_exploratory,R1_exploratory,SEDD_anc,169.6M,OpenWebText continuations,OpenWebText,SEDD_anc,A_pertok,A_pertok,P2_bilinear_r1,hg,candidate within state,9,,,,,,,,,within_r2,,0.6307481006464377,,,,,,,positive,no,rescue_audit/results/R1deep_SEDD_anc_A_pertok_L9.json,registry row 614,Registry inventory entry; exploratory unless promoted by a curated master-table row.
REGISTRY_0615,2026-08-31,R1_exploratory,R1_exploratory,SEDD_anc,169.6M,OpenWebText continuations,OpenWebText,SEDD_anc,A_pertok,A_pertok,P2k_kron_d16,hg,candidate within state,9,,,,,,,,,within_r2,,0.650915365014394,,,,,,,positive,no,rescue_audit/results/R1deep_SEDD_anc_A_pertok_L9.json,registry row 615,Registry inventory entry; exploratory unless promoted by a curated master-table row.
REGISTRY_0616,2026-08-31,R1_exploratory,R1_exploratory,SEDD_anc,169.6M,OpenWebText continuations,OpenWebText,SEDD_anc,A_pertok,A_pertok,P2k_kroneOnly_d16,hg,candidate within state,9,,,,,,,,,within_r2,,0.6461086094792116,,,,,,,positive,no,rescue_audit/results/R1deep_SEDD_anc_A_pertok_L9.json,registry row 616,Registry inventory entry; exploratory unless promoted by a curated master-table row.
REGISTRY_0617,2026-08-31,R1_exploratory,R1_exploratory,SEDD_anc,169.6M,OpenWebText continuations,OpenWebText,SEDD_anc,A_pertok,A_pertok,P2k_additive_d16,hg,candidate within state,9,,,,,,,,,within_r2,,0.6590035496145531,,,,,,,positive,no,rescue_audit/results/R1deep_SEDD_anc_A_pertok_L9.json,registry row 617,Registry inventory entry; exploratory unless promoted by a curated master-table row.
REGISTRY_0618,2026-08-31,R1_exploratory,R1_exploratory,SEDD_anc,169.6M,OpenWebText continuations,OpenWebText,SEDD_anc,A_pertok,A_pertok,P2k_kron_wc_d16,hg,candidate within state,9,,,,,,,,,within_r2,,0.6323140335395505,,,,,,,positive,no,rescue_audit/results/R1deep_SEDD_anc_A_pertok_L9.json,registry row 618,Registry inventory entry; exploratory unless promoted by a curated master-table row.
REGISTRY_0619,2026-08-31,R1_exploratory,R1_exploratory,SEDD_anc,169.6M,OpenWebText continuations,OpenWebText,SEDD_anc,A_pertok,A_pertok,P2k_additive_wc_d16,hg,candidate within state,9,,,,,,,,,within_r2,,0.637342540586351,,,,,,,positive,no,rescue_audit/results/R1deep_SEDD_anc_A_pertok_L9.json,registry row 619,Registry inventory entry; exploratory unless promoted by a curated master-table row.
REGISTRY_0620,2026-08-31,R1_exploratory,R1_exploratory,SEDD_anc,169.6M,OpenWebText continuations,OpenWebText,SEDD_anc,A_pertok,A_pertok,P2k_kron_d32,hg,candidate within state,9,,,,,,,,,within_r2,,0.6468787110026893,,,,,,,positive,no,rescue_audit/results/R1deep_SEDD_anc_A_pertok_L9.json,registry row 620,Registry inventory entry; exploratory unless promoted by a curated master-table row.
REGISTRY_0621,2026-08-31,R1_exploratory,R1_exploratory,SEDD_anc,169.6M,OpenWebText continuations,OpenWebText,SEDD_anc,A_pertok,A_pertok,P2k_kroneOnly_d32,hg,candidate within state,9,,,,,,,,,within_r2,,0.6460008566097262,,,,,,,positive,no,rescue_audit/results/R1deep_SEDD_anc_A_pertok_L9.json,registry row 621,Registry inventory entry; exploratory unless promoted by a curated master-table row.
REGISTRY_0622,2026-08-31,R1_exploratory,R1_exploratory,SEDD_anc,169.6M,OpenWebText continuations,OpenWebText,SEDD_anc,A_pertok,A_pertok,P2k_additive_d32,hg,candidate within state,9,,,,,,,,,within_r2,,0.6592032543445703,,,,,,,positive,no,rescue_audit/results/R1deep_SEDD_anc_A_pertok_L9.json,registry row 622,Registry inventory entry; exploratory unless promoted by a curated master-table row.
REGISTRY_0623,2026-08-31,R1_exploratory,R1_exploratory,SEDD_anc,169.6M,OpenWebText continuations,OpenWebText,SEDD_anc,A_pertok,A_pertok,P2k_kron_wc_d32,hg,candidate within state,9,,,,,,,,,within_r2,,0.6291467424749976,,,,,,,positive,no,rescue_audit/results/R1deep_SEDD_anc_A_pertok_L9.json,registry row 623,Registry inventory entry; exploratory unless promoted by a curated master-table row.
REGISTRY_0624,2026-08-31,R1_exploratory,R1_exploratory,SEDD_anc,169.6M,OpenWebText continuations,OpenWebText,SEDD_anc,A_pertok,A_pertok,P2k_additive_wc_d32,hg,candidate within state,9,,,,,,,,,within_r2,,0.6381714421291407,,,,,,,positive,no,rescue_audit/results/R1deep_SEDD_anc_A_pertok_L9.json,registry row 624,Registry inventory entry; exploratory unless promoted by a curated master-table row.
REGISTRY_0625,2026-08-31,R1_exploratory,R1_exploratory,SEDD_anc,169.6M,OpenWebText continuations,OpenWebText,SEDD_anc,A_pertok,A_pertok,P3_film,hg,candidate within state,9,,,,,,,,,within_r2,,0.5766234160929461,,,,,,,positive,no,rescue_audit/results/R1deep_SEDD_anc_A_pertok_L9.json,registry row 625,Registry inventory entry; exploratory unless promoted by a curated master-table row.
REGISTRY_0626,2026-08-31,R1_exploratory,R1_exploratory,SEDD_anc,169.6M,OpenWebText continuations,OpenWebText,SEDD_anc,A_pertok,A_pertok,P4_relmlp_w128,hg,candidate within state,9,,,,,,,,,within_r2,,0.5615102925321437,,,,,,,positive,no,rescue_audit/results/R1deep_SEDD_anc_A_pertok_L9.json,registry row 626,Registry inventory entry; exploratory unless promoted by a curated master-table row.
REGISTRY_0627,2026-08-31,R1_exploratory,R1_exploratory,SEDD_anc,169.6M,OpenWebText continuations,OpenWebText,SEDD_anc,A_pertok,A_pertok,P4_relmlp_w512,hg,candidate within state,9,,,,,,,,,within_r2,,0.5758785303559903,,,,,,,positive,no,rescue_audit/results/R1deep_SEDD_anc_A_pertok_L9.json,registry row 627,Registry inventory entry; exploratory unless promoted by a curated master-table row.
REGISTRY_0628,2026-08-31,R1_exploratory,R1_exploratory,SEDD_anc,169.6M,OpenWebText continuations,OpenWebText,SEDD_anc,A_pertok,A_pertok,P4_cheaponly_mlp,hg,candidate within state,9,,,,,,,,,within_r2,,0.6512807265227789,,,,,,,positive,no,rescue_audit/results/R1deep_SEDD_anc_A_pertok_L9.json,registry row 628,Registry inventory entry; exploratory unless promoted by a curated master-table row.
REGISTRY_0629,2026-08-31,R1_exploratory,R1_exploratory,SEDD_anc,169.6M,OpenWebText continuations,OpenWebText,SEDD_anc,A_pertok,A_pertok,P5_rff_g0.1,hg,candidate within state,9,,,,,,,,,within_r2,,0.6330064988785782,,,,,,,positive,no,rescue_audit/results/R1deep_SEDD_anc_A_pertok_L9.json,registry row 629,Registry inventory entry; exploratory unless promoted by a curated master-table row.
REGISTRY_0630,2026-08-31,R1_exploratory,R1_exploratory,SEDD_anc,169.6M,OpenWebText continuations,OpenWebText,SEDD_anc,A_pertok,A_pertok,P5_rff_cheaponly_g0.1,hg,candidate within state,9,,,,,,,,,within_r2,,0.6492851277158993,,,,,,,positive,no,rescue_audit/results/R1deep_SEDD_anc_A_pertok_L9.json,registry row 630,Registry inventory entry; exploratory unless promoted by a curated master-table row.
REGISTRY_0631,2026-08-31,R1_exploratory,R1_exploratory,SEDD_anc,169.6M,OpenWebText continuations,OpenWebText,SEDD_anc,A_pertok,A_pertok,P5_rff_g1,hg,candidate within state,9,,,,,,,,,within_r2,,0.5666469304000863,,,,,,,positive,no,rescue_audit/results/R1deep_SEDD_anc_A_pertok_L9.json,registry row 631,Registry inventory entry; exploratory unless promoted by a curated master-table row.
REGISTRY_0632,2026-08-31,R1_exploratory,R1_exploratory,SEDD_anc,169.6M,OpenWebText continuations,OpenWebText,SEDD_anc,A_pertok,A_pertok,P5_rff_cheaponly_g1,hg,candidate within state,9,,,,,,,,,within_r2,,0.6464774379983027,,,,,,,positive,no,rescue_audit/results/R1deep_SEDD_anc_A_pertok_L9.json,registry row 632,Registry inventory entry; exploratory unless promoted by a curated master-table row.
REGISTRY_0633,2026-08-31,R1_exploratory,R1_exploratory,SEDD_anc,169.6M,OpenWebText continuations,OpenWebText,SEDD_anc,A_pertok,A_pertok,P5_rff_g10,hg,candidate within state,9,,,,,,,,,within_r2,,0.0027308452823977536,,,,,,,positive,no,rescue_audit/results/R1deep_SEDD_anc_A_pertok_L9.json,registry row 633,Registry inventory entry; exploratory unless promoted by a curated master-table row.
REGISTRY_0634,2026-08-31,R1_exploratory,R1_exploratory,SEDD_anc,169.6M,OpenWebText continuations,OpenWebText,SEDD_anc,A_pertok,A_pertok,P5_rff_cheaponly_g10,hg,candidate within state,9,,,,,,,,,within_r2,,0.5854472662659163,,,,,,,positive,no,rescue_audit/results/R1deep_SEDD_anc_A_pertok_L9.json,registry row 634,Registry inventory entry; exploratory unless promoted by a curated master-table row.
REGISTRY_0635,2026-08-31,R1_exploratory,R1_exploratory,SEDD_anc,169.6M,OpenWebText continuations,OpenWebText,SEDD_anc,A_pertok,A_pertok,P5_poly2,hg,candidate within state,9,,,,,,,,,within_r2,,0.622714026266187,,,,,,,positive,no,rescue_audit/results/R1deep_SEDD_anc_A_pertok_L9.json,registry row 635,Registry inventory entry; exploratory unless promoted by a curated master-table row.
REGISTRY_0636,2026-08-31,R1_exploratory,R1_exploratory,SEDD_anc,169.6M,OpenWebText continuations,OpenWebText,SEDD_anc,A_pertok,A_pertok,P5_poly2_cheaponly,hg,candidate within state,9,,,,,,,,,within_r2,,0.644147981977663,,,,,,,positive,no,rescue_audit/results/R1deep_SEDD_anc_A_pertok_L9.json,registry row 636,Registry inventory entry; exploratory unless promoted by a curated master-table row.
REGISTRY_0637,2026-08-31,R1_exploratory,R1_exploratory,SEDD_anc,169.6M,OpenWebText continuations,OpenWebText,SEDD_anc,A_pertok,A_pertok,P6_boost,hg,candidate within state,9,,,,,,,,,within_r2,,0.660125242995236,,,,,,,positive,no,rescue_audit/results/R1deep_SEDD_anc_A_pertok_L9.json,registry row 637,Registry inventory entry; exploratory unless promoted by a curated master-table row.
REGISTRY_0638,2026-08-31,R1_exploratory,R1_exploratory,SEDD_anc,169.6M,OpenWebText continuations,OpenWebText,SEDD_anc,A_pertok,A_pertok,P6_boost_cheaponly,hg,candidate within state,9,,,,,,,,,within_r2,,0.6434488146729129,,,,,,,positive,no,rescue_audit/results/R1deep_SEDD_anc_A_pertok_L9.json,registry row 638,Registry inventory entry; exploratory unless promoted by a curated master-table row.
REGISTRY_0639,2026-08-31,R1_exploratory,R1_exploratory,SEDD_anc,169.6M,OpenWebText continuations,OpenWebText,SEDD_anc,A_pertok,A_pertok,P7k_pair_kron_d32,hg,candidate within state,9,,,,,,,,,within_r2,,0.17172662821818174,,,,,,,positive,no,rescue_audit/results/R1deep_SEDD_anc_A_pertok_L9.json,registry row 639,Registry inventory entry; exploratory unless promoted by a curated master-table row.
REGISTRY_0640,2026-08-31,R1_exploratory,R1_exploratory,SEDD_anc,169.6M,OpenWebText continuations,OpenWebText,SEDD_anc,A_pertok,A_pertok,P7k_pair_hi_d32,hg,candidate within state,9,,,,,,,,,within_r2,,0.2229758885800759,,,,,,,positive,no,rescue_audit/results/R1deep_SEDD_anc_A_pertok_L9.json,registry row 640,Registry inventory entry; exploratory unless promoted by a curated master-table row.
REGISTRY_0641,2026-08-31,R1_exploratory,R1_exploratory,SEDD_anc,169.6M,OpenWebText continuations,OpenWebText,SEDD_anc,A_pertok,A_pertok,P7_pair_hi,hg,candidate within state,9,,,,,,,,,within_r2,,0.2669575783044743,,,,,,,positive,no,rescue_audit/results/R1deep_SEDD_anc_A_pertok_L9.json,registry row 641,Registry inventory entry; exploratory unless promoted by a curated master-table row.
REGISTRY_0642,2026-08-31,R1_exploratory,R1_exploratory,SEDD_anc,169.6M,OpenWebText continuations,OpenWebText,SEDD_anc,A_pertok,A_pertok,P7_pair_hi_x_hg,hg,candidate within state,9,,,,,,,,,within_r2,,0.2537362514980528,,,,,,,positive,no,rescue_audit/results/R1deep_SEDD_anc_A_pertok_L9.json,registry row 642,Registry inventory entry; exploratory unless promoted by a curated master-table row.
REGISTRY_0643,2026-08-31,R1_exploratory,R1_exploratory,SEDD_anc,169.6M,OpenWebText continuations,OpenWebText,SEDD_anc,A_pertok,A_pertok,P8_ranknet_cand,hg,candidate within state,9,,,,,,,,,within_r2,,0.2862631320955229,,,,,,,positive,no,rescue_audit/results/R1deep_SEDD_anc_A_pertok_L9.json,registry row 643,Registry inventory entry; exploratory unless promoted by a curated master-table row.
REGISTRY_0644,2026-08-31,R1_exploratory,R1_exploratory,SEDD_anc,169.6M,OpenWebText continuations,OpenWebText,SEDD_anc,A_pertok,A_pertok,P8_ranknet_cand_state,hg,candidate within state,9,,,,,,,,,within_r2,,0.2698856790448033,,,,,,,positive,no,rescue_audit/results/R1deep_SEDD_anc_A_pertok_L9.json,registry row 644,Registry inventory entry; exploratory unless promoted by a curated master-table row.
REGISTRY_0645,2026-08-31,R1_exploratory,R1_exploratory,SEDD_anc,169.6M,OpenWebText continuations,OpenWebText,SEDD_anc,A_pertok,A_pertok,P8_ranknet_cheap,hg,candidate within state,9,,,,,,,,,within_r2,,0.6034014696641373,,,,,,,positive,no,rescue_audit/results/R1deep_SEDD_anc_A_pertok_L9.json,registry row 645,Registry inventory entry; exploratory unless promoted by a curated master-table row.
REGISTRY_0646,2026-08-31,R1_exploratory,R1_exploratory,SEDD_anc,169.6M,OpenWebText continuations,OpenWebText,SEDD_anc,A_pertok,A_pertok,P8_ranknet_cheap_hidden,hg,candidate within state,9,,,,,,,,,within_r2,,0.5265570134784605,,,,,,,positive,no,rescue_audit/results/R1deep_SEDD_anc_A_pertok_L9.json,registry row 646,Registry inventory entry; exploratory unless promoted by a curated master-table row.
REGISTRY_0647,2026-08-31,R1_exploratory,R1_exploratory,SEDD_anc,169.6M,OpenWebText continuations,OpenWebText,SEDD_anc,A_pertok,A_pertok,P9_list_hidden,hg,candidate within state,9,,,,,,,,,within_r2,,0.5179396617916802,,,,,,,positive,no,rescue_audit/results/R1deep_SEDD_anc_A_pertok_L9.json,registry row 647,Registry inventory entry; exploratory unless promoted by a curated master-table row.
REGISTRY_0648,2026-08-31,R1_exploratory,R1_exploratory,SEDD_anc,169.6M,OpenWebText continuations,OpenWebText,SEDD_anc,A_pertok,A_pertok,P9_list_cheap,hg,candidate within state,9,,,,,,,,,within_r2,,0.6478494400835899,,,,,,,positive,no,rescue_audit/results/R1deep_SEDD_anc_A_pertok_L9.json,registry row 648,Registry inventory entry; exploratory unless promoted by a curated master-table row.
REGISTRY_0649,2026-08-31,R1_exploratory,R1_exploratory,SEDD_anc,169.6M,OpenWebText continuations,OpenWebText,SEDD_anc,A_pertok,A_pertok,P13_pls,hg,candidate within state,9,,,,,,,,,within_r2,,0.3222740849986986,,,,,,,positive,no,rescue_audit/results/R1deep_SEDD_anc_A_pertok_L9.json,registry row 649,Registry inventory entry; exploratory unless promoted by a curated master-table row.
REGISTRY_0650,2026-08-31,R1_exploratory,R1_exploratory,SEDD_anc,169.6M,OpenWebText continuations,OpenWebText,SEDD_anc,A_pertok,A_pertok,P0_cheap,hg,candidate within state,11,,,,,,,,,within_r2,,0.6455679403505508,,,,,,,positive,no,rescue_audit/results/R1deep_SEDD_anc_A_pertok_L11.json,registry row 650,Registry inventory entry; exploratory unless promoted by a curated master-table row.
REGISTRY_0651,2026-08-31,R1_exploratory,R1_exploratory,SEDD_anc,169.6M,OpenWebText continuations,OpenWebText,SEDD_anc,A_pertok,A_pertok,P0_hi,hg,candidate within state,11,,,,,,,,,within_r2,,0.2666114301038529,,,,,,,positive,no,rescue_audit/results/R1deep_SEDD_anc_A_pertok_L11.json,registry row 651,Registry inventory entry; exploratory unless promoted by a curated master-table row.
REGISTRY_0652,2026-08-31,R1_exploratory,R1_exploratory,SEDD_anc,169.6M,OpenWebText continuations,OpenWebText,SEDD_anc,A_pertok,A_pertok,P0_hg,hg,candidate within state,11,,,,,,,,,within_r2,,0.0,,,,,,,negative_or_zero,no,rescue_audit/results/R1deep_SEDD_anc_A_pertok_L11.json,registry row 652,Registry inventory entry; exploratory unless promoted by a curated master-table row.
REGISTRY_0653,2026-08-31,R1_exploratory,R1_exploratory,SEDD_anc,169.6M,OpenWebText continuations,OpenWebText,SEDD_anc,A_pertok,A_pertok,P0_hi_hg,hg,candidate within state,11,,,,,,,,,within_r2,,0.3681539081912334,,,,,,,positive,no,rescue_audit/results/R1deep_SEDD_anc_A_pertok_L11.json,registry row 653,Registry inventory entry; exploratory unless promoted by a curated master-table row.
REGISTRY_0654,2026-08-31,R1_exploratory,R1_exploratory,SEDD_anc,169.6M,OpenWebText continuations,OpenWebText,SEDD_anc,A_pertok,A_pertok,P0_cheap+hi,hg,candidate within state,11,,,,,,,,,within_r2,,0.6483955328734368,,,,,,,positive,no,rescue_audit/results/R1deep_SEDD_anc_A_pertok_L11.json,registry row 654,Registry inventory entry; exploratory unless promoted by a curated master-table row.
REGISTRY_0655,2026-08-31,R1_exploratory,R1_exploratory,SEDD_anc,169.6M,OpenWebText continuations,OpenWebText,SEDD_anc,A_pertok,A_pertok,P0_cheap+H,hg,candidate within state,11,,,,,,,,,within_r2,,0.6576036632336455,,,,,,,positive,no,rescue_audit/results/R1deep_SEDD_anc_A_pertok_L11.json,registry row 655,Registry inventory entry; exploratory unless promoted by a curated master-table row.
REGISTRY_0656,2026-08-31,R1_exploratory,R1_exploratory,SEDD_anc,169.6M,OpenWebText continuations,OpenWebText,SEDD_anc,A_pertok,A_pertok,P2_bilinear_r2,hg,candidate within state,11,,,,,,,,,within_r2,,0.5969759505919907,,,,,,,positive,no,rescue_audit/results/R1deep_SEDD_anc_A_pertok_L11.json,registry row 656,Registry inventory entry; exploratory unless promoted by a curated master-table row.
REGISTRY_0657,2026-08-31,R1_exploratory,R1_exploratory,SEDD_anc,169.6M,OpenWebText continuations,OpenWebText,SEDD_anc,A_pertok,A_pertok,P2_bilinear_r4,hg,candidate within state,11,,,,,,,,,within_r2,,0.5792977987395593,,,,,,,positive,no,rescue_audit/results/R1deep_SEDD_anc_A_pertok_L11.json,registry row 657,Registry inventory entry; exploratory unless promoted by a curated master-table row.
REGISTRY_0658,2026-08-31,R1_exploratory,R1_exploratory,SEDD_anc,169.6M,OpenWebText continuations,OpenWebText,SEDD_anc,A_pertok,A_pertok,P2_bilinear_r8,hg,candidate within state,11,,,,,,,,,within_r2,,0.4984837327578583,,,,,,,positive,no,rescue_audit/results/R1deep_SEDD_anc_A_pertok_L11.json,registry row 658,Registry inventory entry; exploratory unless promoted by a curated master-table row.
REGISTRY_0659,2026-08-31,R1_exploratory,R1_exploratory,SEDD_anc,169.6M,OpenWebText continuations,OpenWebText,SEDD_anc,A_pertok,A_pertok,P2_bilinear_r16,hg,candidate within state,11,,,,,,,,,within_r2,,0.3026969157206739,,,,,,,positive,no,rescue_audit/results/R1deep_SEDD_anc_A_pertok_L11.json,registry row 659,Registry inventory entry; exploratory unless promoted by a curated master-table row.
REGISTRY_0660,2026-08-31,R1_exploratory,R1_exploratory,SEDD_anc,169.6M,OpenWebText continuations,OpenWebText,SEDD_anc,A_pertok,A_pertok,P2_bilinear_r32,hg,candidate within state,11,,,,,,,,,within_r2,,-0.24293465478023002,,,,,,,negative_or_zero,no,rescue_audit/results/R1deep_SEDD_anc_A_pertok_L11.json,registry row 660,Registry inventory entry; exploratory unless promoted by a curated master-table row.
REGISTRY_0661,2026-08-31,R1_exploratory,R1_exploratory,SEDD_anc,169.6M,OpenWebText continuations,OpenWebText,SEDD_anc,A_pertok,A_pertok,P2_bilinear_r64,hg,candidate within state,11,,,,,,,,,within_r2,,-3.845967486769596,,,,,,,negative_or_zero,no,rescue_audit/results/R1deep_SEDD_anc_A_pertok_L11.json,registry row 661,Registry inventory entry; exploratory unless promoted by a curated master-table row.
REGISTRY_0662,2026-08-31,R1_exploratory,R1_exploratory,SEDD_anc,169.6M,OpenWebText continuations,OpenWebText,SEDD_anc,A_pertok,A_pertok,P2_bilinear_best,hg,candidate within state,11,,,,,,,,,within_r2,,0.5969759505919907,,,,,,,positive,no,rescue_audit/results/R1deep_SEDD_anc_A_pertok_L11.json,registry row 662,Registry inventory entry; exploratory unless promoted by a curated master-table row.
REGISTRY_0663,2026-08-31,R1_exploratory,R1_exploratory,SEDD_anc,169.6M,OpenWebText continuations,OpenWebText,SEDD_anc,A_pertok,A_pertok,P2_bilinear_r1,hg,candidate within state,11,,,,,,,,,within_r2,,0.6185963599738311,,,,,,,positive,no,rescue_audit/results/R1deep_SEDD_anc_A_pertok_L11.json,registry row 663,Registry inventory entry; exploratory unless promoted by a curated master-table row.
REGISTRY_0664,2026-08-31,R1_exploratory,R1_exploratory,SEDD_anc,169.6M,OpenWebText continuations,OpenWebText,SEDD_anc,A_pertok,A_pertok,P2k_kron_d16,hg,candidate within state,11,,,,,,,,,within_r2,,0.6546146827192294,,,,,,,positive,no,rescue_audit/results/R1deep_SEDD_anc_A_pertok_L11.json,registry row 664,Registry inventory entry; exploratory unless promoted by a curated master-table row.
REGISTRY_0665,2026-08-31,R1_exploratory,R1_exploratory,SEDD_anc,169.6M,OpenWebText continuations,OpenWebText,SEDD_anc,A_pertok,A_pertok,P2k_kroneOnly_d16,hg,candidate within state,11,,,,,,,,,within_r2,,0.6477658849170558,,,,,,,positive,no,rescue_audit/results/R1deep_SEDD_anc_A_pertok_L11.json,registry row 665,Registry inventory entry; exploratory unless promoted by a curated master-table row.
REGISTRY_0666,2026-08-31,R1_exploratory,R1_exploratory,SEDD_anc,169.6M,OpenWebText continuations,OpenWebText,SEDD_anc,A_pertok,A_pertok,P2k_additive_d16,hg,candidate within state,11,,,,,,,,,within_r2,,0.657152970341472,,,,,,,positive,no,rescue_audit/results/R1deep_SEDD_anc_A_pertok_L11.json,registry row 666,Registry inventory entry; exploratory unless promoted by a curated master-table row.
REGISTRY_0667,2026-08-31,R1_exploratory,R1_exploratory,SEDD_anc,169.6M,OpenWebText continuations,OpenWebText,SEDD_anc,A_pertok,A_pertok,P2k_kron_wc_d16,hg,candidate within state,11,,,,,,,,,within_r2,,0.6360506056654756,,,,,,,positive,no,rescue_audit/results/R1deep_SEDD_anc_A_pertok_L11.json,registry row 667,Registry inventory entry; exploratory unless promoted by a curated master-table row.
REGISTRY_0668,2026-08-31,R1_exploratory,R1_exploratory,SEDD_anc,169.6M,OpenWebText continuations,OpenWebText,SEDD_anc,A_pertok,A_pertok,P2k_additive_wc_d16,hg,candidate within state,11,,,,,,,,,within_r2,,0.6356143720032147,,,,,,,positive,no,rescue_audit/results/R1deep_SEDD_anc_A_pertok_L11.json,registry row 668,Registry inventory entry; exploratory unless promoted by a curated master-table row.
REGISTRY_0669,2026-08-31,R1_exploratory,R1_exploratory,SEDD_anc,169.6M,OpenWebText continuations,OpenWebText,SEDD_anc,A_pertok,A_pertok,P2k_kron_d32,hg,candidate within state,11,,,,,,,,,within_r2,,0.6504926370393818,,,,,,,positive,no,rescue_audit/results/R1deep_SEDD_anc_A_pertok_L11.json,registry row 669,Registry inventory entry; exploratory unless promoted by a curated master-table row.
REGISTRY_0670,2026-08-31,R1_exploratory,R1_exploratory,SEDD_anc,169.6M,OpenWebText continuations,OpenWebText,SEDD_anc,A_pertok,A_pertok,P2k_kroneOnly_d32,hg,candidate within state,11,,,,,,,,,within_r2,,0.6482059383699357,,,,,,,positive,no,rescue_audit/results/R1deep_SEDD_anc_A_pertok_L11.json,registry row 670,Registry inventory entry; exploratory unless promoted by a curated master-table row.
REGISTRY_0671,2026-08-31,R1_exploratory,R1_exploratory,SEDD_anc,169.6M,OpenWebText continuations,OpenWebText,SEDD_anc,A_pertok,A_pertok,P2k_additive_d32,hg,candidate within state,11,,,,,,,,,within_r2,,0.6589148728239491,,,,,,,positive,no,rescue_audit/results/R1deep_SEDD_anc_A_pertok_L11.json,registry row 671,Registry inventory entry; exploratory unless promoted by a curated master-table row.
REGISTRY_0672,2026-08-31,R1_exploratory,R1_exploratory,SEDD_anc,169.6M,OpenWebText continuations,OpenWebText,SEDD_anc,A_pertok,A_pertok,P2k_kron_wc_d32,hg,candidate within state,11,,,,,,,,,within_r2,,0.6347139073185778,,,,,,,positive,no,rescue_audit/results/R1deep_SEDD_anc_A_pertok_L11.json,registry row 672,Registry inventory entry; exploratory unless promoted by a curated master-table row.
REGISTRY_0673,2026-08-31,R1_exploratory,R1_exploratory,SEDD_anc,169.6M,OpenWebText continuations,OpenWebText,SEDD_anc,A_pertok,A_pertok,P2k_additive_wc_d32,hg,candidate within state,11,,,,,,,,,within_r2,,0.6373865010004628,,,,,,,positive,no,rescue_audit/results/R1deep_SEDD_anc_A_pertok_L11.json,registry row 673,Registry inventory entry; exploratory unless promoted by a curated master-table row.
REGISTRY_0674,2026-08-31,R1_exploratory,R1_exploratory,SEDD_anc,169.6M,OpenWebText continuations,OpenWebText,SEDD_anc,A_pertok,A_pertok,P3_film,hg,candidate within state,11,,,,,,,,,within_r2,,0.5787239547958658,,,,,,,positive,no,rescue_audit/results/R1deep_SEDD_anc_A_pertok_L11.json,registry row 674,Registry inventory entry; exploratory unless promoted by a curated master-table row.
REGISTRY_0675,2026-08-31,R1_exploratory,R1_exploratory,SEDD_anc,169.6M,OpenWebText continuations,OpenWebText,SEDD_anc,A_pertok,A_pertok,P4_relmlp_w128,hg,candidate within state,11,,,,,,,,,within_r2,,0.5874055779065277,,,,,,,positive,no,rescue_audit/results/R1deep_SEDD_anc_A_pertok_L11.json,registry row 675,Registry inventory entry; exploratory unless promoted by a curated master-table row.
REGISTRY_0676,2026-08-31,R1_exploratory,R1_exploratory,SEDD_anc,169.6M,OpenWebText continuations,OpenWebText,SEDD_anc,A_pertok,A_pertok,P4_relmlp_w512,hg,candidate within state,11,,,,,,,,,within_r2,,0.5957111795703199,,,,,,,positive,no,rescue_audit/results/R1deep_SEDD_anc_A_pertok_L11.json,registry row 676,Registry inventory entry; exploratory unless promoted by a curated master-table row.
REGISTRY_0677,2026-08-31,R1_exploratory,R1_exploratory,SEDD_anc,169.6M,OpenWebText continuations,OpenWebText,SEDD_anc,A_pertok,A_pertok,P4_cheaponly_mlp,hg,candidate within state,11,,,,,,,,,within_r2,,0.6512807265227789,,,,,,,positive,no,rescue_audit/results/R1deep_SEDD_anc_A_pertok_L11.json,registry row 677,Registry inventory entry; exploratory unless promoted by a curated master-table row.
REGISTRY_0678,2026-08-31,R1_exploratory,R1_exploratory,SEDD_anc,169.6M,OpenWebText continuations,OpenWebText,SEDD_anc,A_pertok,A_pertok,P5_rff_g0.1,hg,candidate within state,11,,,,,,,,,within_r2,,0.6356695653243274,,,,,,,positive,no,rescue_audit/results/R1deep_SEDD_anc_A_pertok_L11.json,registry row 678,Registry inventory entry; exploratory unless promoted by a curated master-table row.
REGISTRY_0679,2026-08-31,R1_exploratory,R1_exploratory,SEDD_anc,169.6M,OpenWebText continuations,OpenWebText,SEDD_anc,A_pertok,A_pertok,P5_rff_cheaponly_g0.1,hg,candidate within state,11,,,,,,,,,within_r2,,0.6492851277158993,,,,,,,positive,no,rescue_audit/results/R1deep_SEDD_anc_A_pertok_L11.json,registry row 679,Registry inventory entry; exploratory unless promoted by a curated master-table row.
REGISTRY_0680,2026-08-31,R1_exploratory,R1_exploratory,SEDD_anc,169.6M,OpenWebText continuations,OpenWebText,SEDD_anc,A_pertok,A_pertok,P5_rff_g1,hg,candidate within state,11,,,,,,,,,within_r2,,0.5981520928180071,,,,,,,positive,no,rescue_audit/results/R1deep_SEDD_anc_A_pertok_L11.json,registry row 680,Registry inventory entry; exploratory unless promoted by a curated master-table row.
REGISTRY_0681,2026-08-31,R1_exploratory,R1_exploratory,SEDD_anc,169.6M,OpenWebText continuations,OpenWebText,SEDD_anc,A_pertok,A_pertok,P5_rff_cheaponly_g1,hg,candidate within state,11,,,,,,,,,within_r2,,0.6464774379983027,,,,,,,positive,no,rescue_audit/results/R1deep_SEDD_anc_A_pertok_L11.json,registry row 681,Registry inventory entry; exploratory unless promoted by a curated master-table row.
REGISTRY_0682,2026-08-31,R1_exploratory,R1_exploratory,SEDD_anc,169.6M,OpenWebText continuations,OpenWebText,SEDD_anc,A_pertok,A_pertok,P5_rff_g10,hg,candidate within state,11,,,,,,,,,within_r2,,0.0018103695702554878,,,,,,,positive,no,rescue_audit/results/R1deep_SEDD_anc_A_pertok_L11.json,registry row 682,Registry inventory entry; exploratory unless promoted by a curated master-table row.
REGISTRY_0683,2026-08-31,R1_exploratory,R1_exploratory,SEDD_anc,169.6M,OpenWebText continuations,OpenWebText,SEDD_anc,A_pertok,A_pertok,P5_rff_cheaponly_g10,hg,candidate within state,11,,,,,,,,,within_r2,,0.5854472662659163,,,,,,,positive,no,rescue_audit/results/R1deep_SEDD_anc_A_pertok_L11.json,registry row 683,Registry inventory entry; exploratory unless promoted by a curated master-table row.
REGISTRY_0684,2026-08-31,R1_exploratory,R1_exploratory,SEDD_anc,169.6M,OpenWebText continuations,OpenWebText,SEDD_anc,A_pertok,A_pertok,P5_poly2,hg,candidate within state,11,,,,,,,,,within_r2,,0.630811544092571,,,,,,,positive,no,rescue_audit/results/R1deep_SEDD_anc_A_pertok_L11.json,registry row 684,Registry inventory entry; exploratory unless promoted by a curated master-table row.
REGISTRY_0685,2026-08-31,R1_exploratory,R1_exploratory,SEDD_anc,169.6M,OpenWebText continuations,OpenWebText,SEDD_anc,A_pertok,A_pertok,P5_poly2_cheaponly,hg,candidate within state,11,,,,,,,,,within_r2,,0.644147981977663,,,,,,,positive,no,rescue_audit/results/R1deep_SEDD_anc_A_pertok_L11.json,registry row 685,Registry inventory entry; exploratory unless promoted by a curated master-table row.
REGISTRY_0686,2026-08-31,R1_exploratory,R1_exploratory,SEDD_anc,169.6M,OpenWebText continuations,OpenWebText,SEDD_anc,A_pertok,A_pertok,P6_boost,hg,candidate within state,11,,,,,,,,,within_r2,,0.6621840656263153,,,,,,,positive,no,rescue_audit/results/R1deep_SEDD_anc_A_pertok_L11.json,registry row 686,Registry inventory entry; exploratory unless promoted by a curated master-table row.
REGISTRY_0687,2026-08-31,R1_exploratory,R1_exploratory,SEDD_anc,169.6M,OpenWebText continuations,OpenWebText,SEDD_anc,A_pertok,A_pertok,P6_boost_cheaponly,hg,candidate within state,11,,,,,,,,,within_r2,,0.6434488146729129,,,,,,,positive,no,rescue_audit/results/R1deep_SEDD_anc_A_pertok_L11.json,registry row 687,Registry inventory entry; exploratory unless promoted by a curated master-table row.
REGISTRY_0688,2026-08-31,R1_exploratory,R1_exploratory,SEDD_anc,169.6M,OpenWebText continuations,OpenWebText,SEDD_anc,A_pertok,A_pertok,P7k_pair_kron_d32,hg,candidate within state,11,,,,,,,,,within_r2,,0.16891298857486203,,,,,,,positive,no,rescue_audit/results/R1deep_SEDD_anc_A_pertok_L11.json,registry row 688,Registry inventory entry; exploratory unless promoted by a curated master-table row.
REGISTRY_0689,2026-08-31,R1_exploratory,R1_exploratory,SEDD_anc,169.6M,OpenWebText continuations,OpenWebText,SEDD_anc,A_pertok,A_pertok,P7k_pair_hi_d32,hg,candidate within state,11,,,,,,,,,within_r2,,0.23961839142423602,,,,,,,positive,no,rescue_audit/results/R1deep_SEDD_anc_A_pertok_L11.json,registry row 689,Registry inventory entry; exploratory unless promoted by a curated master-table row.
REGISTRY_0690,2026-08-31,R1_exploratory,R1_exploratory,SEDD_anc,169.6M,OpenWebText continuations,OpenWebText,SEDD_anc,A_pertok,A_pertok,P7_pair_hi,hg,candidate within state,11,,,,,,,,,within_r2,,0.2711676343588383,,,,,,,positive,no,rescue_audit/results/R1deep_SEDD_anc_A_pertok_L11.json,registry row 690,Registry inventory entry; exploratory unless promoted by a curated master-table row.
REGISTRY_0691,2026-08-31,R1_exploratory,R1_exploratory,SEDD_anc,169.6M,OpenWebText continuations,OpenWebText,SEDD_anc,A_pertok,A_pertok,P7_pair_hi_x_hg,hg,candidate within state,11,,,,,,,,,within_r2,,0.26352414844135996,,,,,,,positive,no,rescue_audit/results/R1deep_SEDD_anc_A_pertok_L11.json,registry row 691,Registry inventory entry; exploratory unless promoted by a curated master-table row.
REGISTRY_0692,2026-08-31,R1_exploratory,R1_exploratory,SEDD_anc,169.6M,OpenWebText continuations,OpenWebText,SEDD_anc,A_pertok,A_pertok,P8_ranknet_cand,hg,candidate within state,11,,,,,,,,,within_r2,,0.2973334168633366,,,,,,,positive,no,rescue_audit/results/R1deep_SEDD_anc_A_pertok_L11.json,registry row 692,Registry inventory entry; exploratory unless promoted by a curated master-table row.
REGISTRY_0693,2026-08-31,R1_exploratory,R1_exploratory,SEDD_anc,169.6M,OpenWebText continuations,OpenWebText,SEDD_anc,A_pertok,A_pertok,P8_ranknet_cand_state,hg,candidate within state,11,,,,,,,,,within_r2,,0.28106545454815623,,,,,,,positive,no,rescue_audit/results/R1deep_SEDD_anc_A_pertok_L11.json,registry row 693,Registry inventory entry; exploratory unless promoted by a curated master-table row.
REGISTRY_0694,2026-08-31,R1_exploratory,R1_exploratory,SEDD_anc,169.6M,OpenWebText continuations,OpenWebText,SEDD_anc,A_pertok,A_pertok,P8_ranknet_cheap,hg,candidate within state,11,,,,,,,,,within_r2,,0.6034014696641373,,,,,,,positive,no,rescue_audit/results/R1deep_SEDD_anc_A_pertok_L11.json,registry row 694,Registry inventory entry; exploratory unless promoted by a curated master-table row.
REGISTRY_0695,2026-08-31,R1_exploratory,R1_exploratory,SEDD_anc,169.6M,OpenWebText continuations,OpenWebText,SEDD_anc,A_pertok,A_pertok,P8_ranknet_cheap_hidden,hg,candidate within state,11,,,,,,,,,within_r2,,0.5344494306534158,,,,,,,positive,no,rescue_audit/results/R1deep_SEDD_anc_A_pertok_L11.json,registry row 695,Registry inventory entry; exploratory unless promoted by a curated master-table row.
REGISTRY_0696,2026-08-31,R1_exploratory,R1_exploratory,SEDD_anc,169.6M,OpenWebText continuations,OpenWebText,SEDD_anc,A_pertok,A_pertok,P9_list_hidden,hg,candidate within state,11,,,,,,,,,within_r2,,0.5270978813980582,,,,,,,positive,no,rescue_audit/results/R1deep_SEDD_anc_A_pertok_L11.json,registry row 696,Registry inventory entry; exploratory unless promoted by a curated master-table row.
REGISTRY_0697,2026-08-31,R1_exploratory,R1_exploratory,SEDD_anc,169.6M,OpenWebText continuations,OpenWebText,SEDD_anc,A_pertok,A_pertok,P9_list_cheap,hg,candidate within state,11,,,,,,,,,within_r2,,0.6478494400835899,,,,,,,positive,no,rescue_audit/results/R1deep_SEDD_anc_A_pertok_L11.json,registry row 697,Registry inventory entry; exploratory unless promoted by a curated master-table row.
REGISTRY_0698,2026-08-31,R1_exploratory,R1_exploratory,SEDD_anc,169.6M,OpenWebText continuations,OpenWebText,SEDD_anc,A_pertok,A_pertok,P13_pls,hg,candidate within state,11,,,,,,,,,within_r2,,0.3468347402821118,,,,,,,positive,no,rescue_audit/results/R1deep_SEDD_anc_A_pertok_L11.json,registry row 698,Registry inventory entry; exploratory unless promoted by a curated master-table row.
REGISTRY_0699,2026-08-31,confirmatory,confirmatory,FRESH_MDLM_anc,169.6M,OpenWebText continuations,OpenWebText,FRESH_MDLM_anc,A_pertok,A_pertok,D1_frozen_transfer:cheap,hg,candidate within state,6,,,,,,,,,within_r2,,0.5166664630030042,,,,,,,positive,no,rescue_audit/results/,registry row 699,Registry inventory entry; exploratory unless promoted by a curated master-table row.
REGISTRY_0700,2026-08-31,confirmatory,confirmatory,FRESH_MDLM_anc,169.6M,OpenWebText continuations,OpenWebText,FRESH_MDLM_anc,A_pertok,A_pertok,D1_frozen_transfer:additive_pca,hg,candidate within state,6,,,,,,,,,within_r2,,0.5398530555373857,,,,,,,positive,no,rescue_audit/results/,registry row 700,Registry inventory entry; exploratory unless promoted by a curated master-table row.
REGISTRY_0701,2026-08-31,confirmatory,confirmatory,FRESH_MDLM_anc,169.6M,OpenWebText continuations,OpenWebText,FRESH_MDLM_anc,A_pertok,A_pertok,D1_frozen_transfer:kron_pca,hg,candidate within state,6,,,,,,,,,within_r2,,0.5265129126660841,,,,,,,positive,no,rescue_audit/results/,registry row 701,Registry inventory entry; exploratory unless promoted by a curated master-table row.
REGISTRY_0702,2026-08-31,confirmatory,confirmatory,FRESH_MDLM_anc,169.6M,OpenWebText continuations,OpenWebText,FRESH_MDLM_anc,A_pertok,A_pertok,D1_frozen_transfer:cheap+H,hg,candidate within state,6,,,,,,,,,within_r2,,0.5403668376558988,,,,,,,positive,no,rescue_audit/results/,registry row 702,Registry inventory entry; exploratory unless promoted by a curated master-table row.
REGISTRY_0703,2026-08-31,confirmatory,confirmatory,FRESH_MDLM_anc,169.6M,OpenWebText continuations,OpenWebText,FRESH_MDLM_anc,A_pertok,A_pertok,D1_frozen_transfer:rank_cheap,hg,candidate within state,6,,,,,,,,,within_r2,,0.496970624544003,,,,,,,positive,no,rescue_audit/results/,registry row 703,Registry inventory entry; exploratory unless promoted by a curated master-table row.
REGISTRY_0704,2026-08-31,confirmatory,confirmatory,FRESH_MDLM_anc,169.6M,OpenWebText continuations,OpenWebText,FRESH_MDLM_anc,A_pertok,A_pertok,D1_frozen_transfer:bilinear,hg,candidate within state,6,,,,,,,,,within_r2,,0.5247873472152329,,,,,,,positive,no,rescue_audit/results/,registry row 704,Registry inventory entry; exploratory unless promoted by a curated master-table row.
REGISTRY_0705,2026-08-31,confirmatory,confirmatory,FRESH_MDLM_anc,169.6M,OpenWebText continuations,OpenWebText,FRESH_MDLM_anc,A_pertok,A_pertok,D2_refit:cheap,hg,candidate within state,6,,,,,,,,,within_r2,,0.45021089982627904,,,,,,,positive,no,rescue_audit/results/,registry row 705,Registry inventory entry; exploratory unless promoted by a curated master-table row.
REGISTRY_0706,2026-08-31,confirmatory,confirmatory,FRESH_MDLM_anc,169.6M,OpenWebText continuations,OpenWebText,FRESH_MDLM_anc,A_pertok,A_pertok,D2_refit:additive_pca,hg,candidate within state,6,,,,,,,,,within_r2,,0.4740389693889172,,,,,,,positive,no,rescue_audit/results/,registry row 706,Registry inventory entry; exploratory unless promoted by a curated master-table row.
REGISTRY_0707,2026-08-31,confirmatory,confirmatory,FRESH_MDLM_anc,169.6M,OpenWebText continuations,OpenWebText,FRESH_MDLM_anc,A_pertok,A_pertok,D2_refit:kron_pca,hg,candidate within state,6,,,,,,,,,within_r2,,0.4578189028141033,,,,,,,positive,no,rescue_audit/results/,registry row 707,Registry inventory entry; exploratory unless promoted by a curated master-table row.
REGISTRY_0708,2026-08-31,confirmatory,confirmatory,FRESH_MDLM_anc,169.6M,OpenWebText continuations,OpenWebText,FRESH_MDLM_anc,A_pertok,A_pertok,D2_refit:cheap+H,hg,candidate within state,6,,,,,,,,,within_r2,,0.4729973175702784,,,,,,,positive,no,rescue_audit/results/,registry row 708,Registry inventory entry; exploratory unless promoted by a curated master-table row.
REGISTRY_0709,2026-08-31,confirmatory,confirmatory,FRESH_MDLM_anc,169.6M,OpenWebText continuations,OpenWebText,FRESH_MDLM_anc,A_pertok,A_pertok,D2_refit:rank_cheap,hg,candidate within state,6,,,,,,,,,within_r2,,0.4351816032122273,,,,,,,positive,no,rescue_audit/results/,registry row 709,Registry inventory entry; exploratory unless promoted by a curated master-table row.
REGISTRY_0710,2026-08-31,confirmatory,confirmatory,FRESH_MDLM_anc,169.6M,OpenWebText continuations,OpenWebText,FRESH_MDLM_anc,A_pertok,A_pertok,D2_refit:bilinear,hg,candidate within state,6,,,,,,,,,within_r2,,0.46059082084587444,,,,,,,positive,no,rescue_audit/results/,registry row 710,Registry inventory entry; exploratory unless promoted by a curated master-table row.
REGISTRY_0711,2026-08-31,confirmatory,confirmatory,FRESH_MDLM_anc,169.6M,OpenWebText continuations,OpenWebText,FRESH_MDLM_anc,A_pertok,A_pertok,CONTROL:shuffle_hg,hg,candidate within state,6,,,,,,,,,r2,,,,,,,,,unknown,no,rescue_audit/results/,registry row 711,Registry inventory entry; exploratory unless promoted by a curated master-table row.
REGISTRY_0712,2026-08-31,confirmatory,confirmatory,FRESH_MDLM_anc,169.6M,OpenWebText continuations,OpenWebText,FRESH_MDLM_anc,A_pertok,A_pertok,CONTROL:gauss_hg,hg,candidate within state,6,,,,,,,,,r2,,,,,,,,,unknown,no,rescue_audit/results/,registry row 712,Registry inventory entry; exploratory unless promoted by a curated master-table row.
REGISTRY_0713,2026-08-31,confirmatory,confirmatory,FRESH_MDLM_anc,169.6M,OpenWebText continuations,OpenWebText,FRESH_MDLM_anc,A_pertok,A_pertok,CONTROL:gauss_hi,hg,candidate within state,6,,,,,,,,,r2,,,,,,,,,unknown,no,rescue_audit/results/,registry row 713,Registry inventory entry; exploratory unless promoted by a curated master-table row.
REGISTRY_0714,2026-08-31,confirmatory,confirmatory,FRESH_MDLM_anc,169.6M,OpenWebText continuations,OpenWebText,FRESH_MDLM_anc,A_pertok,A_pertok,CONTROL:label_perm_within,hg,candidate within state,6,,,,,,,,,r2,,,,,,,,,unknown,no,rescue_audit/results/,registry row 714,Registry inventory entry; exploratory unless promoted by a curated master-table row.
REGISTRY_0715,2026-08-31,exploratory,exploratory,HZ_H8,169.6M,OpenWebText continuations,OpenWebText,HZ_H8,A_pertok,A_pertok,horizon_pooled:cheap,hg,candidate within state,7,,,,,,,,,within_r2,,0.7933744103877876,,,,,,,positive,no,rescue_audit/results/,registry row 715,Registry inventory entry; exploratory unless promoted by a curated master-table row.
REGISTRY_0716,2026-08-31,exploratory,exploratory,HZ_H8,169.6M,OpenWebText continuations,OpenWebText,HZ_H8,A_pertok,A_pertok,horizon_pooled:additive,hg,candidate within state,7,,,,,,,,,within_r2,,0.8237484376976044,,,,,,,positive,no,rescue_audit/results/,registry row 716,Registry inventory entry; exploratory unless promoted by a curated master-table row.
REGISTRY_0717,2026-08-31,exploratory,exploratory,HZ_H8,169.6M,OpenWebText continuations,OpenWebText,HZ_H8,A_pertok,A_pertok,horizon_pooled:kron,hg,candidate within state,7,,,,,,,,,within_r2,,0.8037523451177263,,,,,,,positive,no,rescue_audit/results/,registry row 717,Registry inventory entry; exploratory unless promoted by a curated master-table row.
REGISTRY_0718,2026-08-31,exploratory,exploratory,HZ_H16,169.6M,OpenWebText continuations,OpenWebText,HZ_H16,A_pertok,A_pertok,horizon_pooled:cheap,hg,candidate within state,6,,,,,,,,,within_r2,,0.5594392852814021,,,,,,,positive,no,rescue_audit/results/,registry row 718,Registry inventory entry; exploratory unless promoted by a curated master-table row.
REGISTRY_0719,2026-08-31,exploratory,exploratory,HZ_H16,169.6M,OpenWebText continuations,OpenWebText,HZ_H16,A_pertok,A_pertok,horizon_pooled:additive,hg,candidate within state,6,,,,,,,,,within_r2,,0.5827075746751663,,,,,,,positive,no,rescue_audit/results/,registry row 719,Registry inventory entry; exploratory unless promoted by a curated master-table row.
REGISTRY_0720,2026-08-31,exploratory,exploratory,HZ_H16,169.6M,OpenWebText continuations,OpenWebText,HZ_H16,A_pertok,A_pertok,horizon_pooled:kron,hg,candidate within state,6,,,,,,,,,within_r2,,0.5660917835983681,,,,,,,positive,no,rescue_audit/results/,registry row 720,Registry inventory entry; exploratory unless promoted by a curated master-table row.
REGISTRY_0721,2026-08-31,exploratory,exploratory,HZ_H32,169.6M,OpenWebText continuations,OpenWebText,HZ_H32,A_pertok,A_pertok,horizon_pooled:cheap,hg,candidate within state,7,,,,,,,,,within_r2,,0.2018392798242714,,,,,,,positive,no,rescue_audit/results/,registry row 721,Registry inventory entry; exploratory unless promoted by a curated master-table row.
REGISTRY_0722,2026-08-31,exploratory,exploratory,HZ_H32,169.6M,OpenWebText continuations,OpenWebText,HZ_H32,A_pertok,A_pertok,horizon_pooled:additive,hg,candidate within state,7,,,,,,,,,within_r2,,0.22059959744034474,,,,,,,positive,no,rescue_audit/results/,registry row 722,Registry inventory entry; exploratory unless promoted by a curated master-table row.
REGISTRY_0723,2026-08-31,exploratory,exploratory,HZ_H32,169.6M,OpenWebText continuations,OpenWebText,HZ_H32,A_pertok,A_pertok,horizon_pooled:kron,hg,candidate within state,7,,,,,,,,,within_r2,,0.20838373933371013,,,,,,,positive,no,rescue_audit/results/,registry row 723,Registry inventory entry; exploratory unless promoted by a curated master-table row.
REGISTRY_0724,2026-08-31,exploratory,exploratory,Nemotron_taskAB,169.6M,OpenWebText continuations,OpenWebText,Nemotron_taskAB,A_task,A_task,P0_cheap,hg,candidate within state,2,,,,,,,,,within_r2,,-1.5357021965201056e-07,,,,,,,negative_or_zero,no,rescue_audit/results/,registry row 724,Registry inventory entry; exploratory unless promoted by a curated master-table row.
REGISTRY_0725,2026-08-31,exploratory,exploratory,Nemotron_taskAB,169.6M,OpenWebText continuations,OpenWebText,Nemotron_taskAB,A_task,A_task,P0_hi,hg,candidate within state,2,,,,,,,,,within_r2,,1.3674549113051881e-06,,,,,,,positive,no,rescue_audit/results/,registry row 725,Registry inventory entry; exploratory unless promoted by a curated master-table row.
REGISTRY_0726,2026-08-31,exploratory,exploratory,Nemotron_taskAB,169.6M,OpenWebText continuations,OpenWebText,Nemotron_taskAB,A_task,A_task,P0_hg,hg,candidate within state,2,,,,,,,,,within_r2,,0.0,,,,,,,negative_or_zero,no,rescue_audit/results/,registry row 726,Registry inventory entry; exploratory unless promoted by a curated master-table row.
REGISTRY_0727,2026-08-31,exploratory,exploratory,Nemotron_taskAB,169.6M,OpenWebText continuations,OpenWebText,Nemotron_taskAB,A_task,A_task,P0_hi_hg,hg,candidate within state,2,,,,,,,,,within_r2,,1.3670916554353596e-06,,,,,,,positive,no,rescue_audit/results/,registry row 727,Registry inventory entry; exploratory unless promoted by a curated master-table row.
REGISTRY_0728,2026-08-31,exploratory,exploratory,Nemotron_taskAB,169.6M,OpenWebText continuations,OpenWebText,Nemotron_taskAB,A_task,A_task,P0_cheap+hi,hg,candidate within state,2,,,,,,,,,within_r2,,-1.5357021965201056e-07,,,,,,,negative_or_zero,no,rescue_audit/results/,registry row 728,Registry inventory entry; exploratory unless promoted by a curated master-table row.
REGISTRY_0729,2026-08-31,exploratory,exploratory,Nemotron_taskAB,169.6M,OpenWebText continuations,OpenWebText,Nemotron_taskAB,A_task,A_task,P0_cheap+H,hg,candidate within state,2,,,,,,,,,within_r2,,-1.5365932504174395e-07,,,,,,,negative_or_zero,no,rescue_audit/results/,registry row 729,Registry inventory entry; exploratory unless promoted by a curated master-table row.
REGISTRY_0730,2026-08-31,exploratory,exploratory,Nemotron_taskAB,169.6M,OpenWebText continuations,OpenWebText,Nemotron_taskAB,A_task,A_task,P2k_kron_d16,hg,candidate within state,2,,,,,,,,,within_r2,,-1.5357707394692e-07,,,,,,,negative_or_zero,no,rescue_audit/results/,registry row 730,Registry inventory entry; exploratory unless promoted by a curated master-table row.
REGISTRY_0731,2026-08-31,exploratory,exploratory,Nemotron_taskAB,169.6M,OpenWebText continuations,OpenWebText,Nemotron_taskAB,A_task,A_task,P2k_kroneOnly_d16,hg,candidate within state,2,,,,,,,,,within_r2,,-1.5357707394692e-07,,,,,,,negative_or_zero,no,rescue_audit/results/,registry row 731,Registry inventory entry; exploratory unless promoted by a curated master-table row.
REGISTRY_0732,2026-08-31,exploratory,exploratory,Nemotron_taskAB,169.6M,OpenWebText continuations,OpenWebText,Nemotron_taskAB,A_task,A_task,P2k_additive_d16,hg,candidate within state,2,,,,,,,,,within_r2,,-1.5357021965201056e-07,,,,,,,negative_or_zero,no,rescue_audit/results/,registry row 732,Registry inventory entry; exploratory unless promoted by a curated master-table row.
REGISTRY_0733,2026-08-31,exploratory,exploratory,Nemotron_taskAB,169.6M,OpenWebText continuations,OpenWebText,Nemotron_taskAB,A_task,A_task,P2k_kron_wc_d16,hg,candidate within state,2,,,,,,,,,within_r2,,-0.039906417542579176,,,,,,,negative_or_zero,no,rescue_audit/results/,registry row 733,Registry inventory entry; exploratory unless promoted by a curated master-table row.
REGISTRY_0734,2026-08-31,exploratory,exploratory,Nemotron_taskAB,169.6M,OpenWebText continuations,OpenWebText,Nemotron_taskAB,A_task,A_task,P2k_additive_wc_d16,hg,candidate within state,2,,,,,,,,,within_r2,,-0.01783223317705107,,,,,,,negative_or_zero,no,rescue_audit/results/,registry row 734,Registry inventory entry; exploratory unless promoted by a curated master-table row.
REGISTRY_0735,2026-08-31,exploratory,exploratory,Nemotron_taskAB,169.6M,OpenWebText continuations,OpenWebText,Nemotron_taskAB,A_task,A_task,P2k_kron_d32,hg,candidate within state,2,,,,,,,,,within_r2,,-1.5357021965201056e-07,,,,,,,negative_or_zero,no,rescue_audit/results/,registry row 735,Registry inventory entry; exploratory unless promoted by a curated master-table row.
REGISTRY_0736,2026-08-31,exploratory,exploratory,Nemotron_taskAB,169.6M,OpenWebText continuations,OpenWebText,Nemotron_taskAB,A_task,A_task,P2k_kroneOnly_d32,hg,candidate within state,2,,,,,,,,,within_r2,,-1.5357021965201056e-07,,,,,,,negative_or_zero,no,rescue_audit/results/,registry row 736,Registry inventory entry; exploratory unless promoted by a curated master-table row.
REGISTRY_0737,2026-08-31,exploratory,exploratory,Nemotron_taskAB,169.6M,OpenWebText continuations,OpenWebText,Nemotron_taskAB,A_task,A_task,P2k_additive_d32,hg,candidate within state,2,,,,,,,,,within_r2,,-1.5357021965201056e-07,,,,,,,negative_or_zero,no,rescue_audit/results/,registry row 737,Registry inventory entry; exploratory unless promoted by a curated master-table row.
REGISTRY_0738,2026-08-31,exploratory,exploratory,Nemotron_taskAB,169.6M,OpenWebText continuations,OpenWebText,Nemotron_taskAB,A_task,A_task,P2k_kron_wc_d32,hg,candidate within state,2,,,,,,,,,within_r2,,-0.015303284477488743,,,,,,,negative_or_zero,no,rescue_audit/results/,registry row 738,Registry inventory entry; exploratory unless promoted by a curated master-table row.
REGISTRY_0739,2026-08-31,exploratory,exploratory,Nemotron_taskAB,169.6M,OpenWebText continuations,OpenWebText,Nemotron_taskAB,A_task,A_task,P2k_additive_wc_d32,hg,candidate within state,2,,,,,,,,,within_r2,,-0.013562622821089665,,,,,,,negative_or_zero,no,rescue_audit/results/,registry row 739,Registry inventory entry; exploratory unless promoted by a curated master-table row.
REGISTRY_0740,2026-08-31,exploratory,exploratory,Nemotron_taskAB,169.6M,OpenWebText continuations,OpenWebText,Nemotron_taskAB,A_task,A_task,P7k_pair_kron_d32,hg,candidate within state,2,,,,,,,,,within_r2,,-0.03206379705765605,,,,,,,negative_or_zero,no,rescue_audit/results/,registry row 740,Registry inventory entry; exploratory unless promoted by a curated master-table row.
REGISTRY_0741,2026-08-31,exploratory,exploratory,Nemotron_taskAB,169.6M,OpenWebText continuations,OpenWebText,Nemotron_taskAB,A_task,A_task,P7k_pair_hi_d32,hg,candidate within state,2,,,,,,,,,within_r2,,-0.004233889716579009,,,,,,,negative_or_zero,no,rescue_audit/results/,registry row 741,Registry inventory entry; exploratory unless promoted by a curated master-table row.
REGISTRY_0742,2026-08-31,exploratory,exploratory,Nemotron_taskAB,169.6M,OpenWebText continuations,OpenWebText,Nemotron_taskAB,A_task,A_task,P13_pls,hg,candidate within state,2,,,,,,,,,within_r2,,-0.014447262007228456,,,,,,,negative_or_zero,no,rescue_audit/results/,registry row 742,Registry inventory entry; exploratory unless promoted by a curated master-table row.
REGISTRY_0743,2026-08-31,exploratory,exploratory,Nemotron_taskAB,169.6M,OpenWebText continuations,OpenWebText,Nemotron_taskAB,A_task,A_task,P0_cheap,hg,candidate within state,12,,,,,,,,,within_r2,,-0.012223244722806115,,,,,,,negative_or_zero,no,rescue_audit/results/,registry row 743,Registry inventory entry; exploratory unless promoted by a curated master-table row.
REGISTRY_0744,2026-08-31,exploratory,exploratory,Nemotron_taskAB,169.6M,OpenWebText continuations,OpenWebText,Nemotron_taskAB,A_task,A_task,P0_hi,hg,candidate within state,12,,,,,,,,,within_r2,,0.003955506160270517,,,,,,,positive,no,rescue_audit/results/,registry row 744,Registry inventory entry; exploratory unless promoted by a curated master-table row.
REGISTRY_0745,2026-08-31,exploratory,exploratory,Nemotron_taskAB,169.6M,OpenWebText continuations,OpenWebText,Nemotron_taskAB,A_task,A_task,P0_hg,hg,candidate within state,12,,,,,,,,,within_r2,,0.0,,,,,,,negative_or_zero,no,rescue_audit/results/,registry row 745,Registry inventory entry; exploratory unless promoted by a curated master-table row.
REGISTRY_0746,2026-08-31,exploratory,exploratory,Nemotron_taskAB,169.6M,OpenWebText continuations,OpenWebText,Nemotron_taskAB,A_task,A_task,P0_hi_hg,hg,candidate within state,12,,,,,,,,,within_r2,,0.005002348975589488,,,,,,,positive,no,rescue_audit/results/,registry row 746,Registry inventory entry; exploratory unless promoted by a curated master-table row.
REGISTRY_0747,2026-08-31,exploratory,exploratory,Nemotron_taskAB,169.6M,OpenWebText continuations,OpenWebText,Nemotron_taskAB,A_task,A_task,P0_cheap+hi,hg,candidate within state,12,,,,,,,,,within_r2,,-0.002626213863676563,,,,,,,negative_or_zero,no,rescue_audit/results/,registry row 747,Registry inventory entry; exploratory unless promoted by a curated master-table row.
REGISTRY_0748,2026-08-31,exploratory,exploratory,Nemotron_taskAB,169.6M,OpenWebText continuations,OpenWebText,Nemotron_taskAB,A_task,A_task,P0_cheap+H,hg,candidate within state,12,,,,,,,,,within_r2,,-0.0014048872156131598,,,,,,,negative_or_zero,no,rescue_audit/results/,registry row 748,Registry inventory entry; exploratory unless promoted by a curated master-table row.
REGISTRY_0749,2026-08-31,exploratory,exploratory,Nemotron_taskAB,169.6M,OpenWebText continuations,OpenWebText,Nemotron_taskAB,A_task,A_task,P2k_kron_d16,hg,candidate within state,12,,,,,,,,,within_r2,,-0.012223245857803766,,,,,,,negative_or_zero,no,rescue_audit/results/,registry row 749,Registry inventory entry; exploratory unless promoted by a curated master-table row.
REGISTRY_0750,2026-08-31,exploratory,exploratory,Nemotron_taskAB,169.6M,OpenWebText continuations,OpenWebText,Nemotron_taskAB,A_task,A_task,P2k_kroneOnly_d16,hg,candidate within state,12,,,,,,,,,within_r2,,-0.012223245857803766,,,,,,,negative_or_zero,no,rescue_audit/results/,registry row 750,Registry inventory entry; exploratory unless promoted by a curated master-table row.
REGISTRY_0751,2026-08-31,exploratory,exploratory,Nemotron_taskAB,169.6M,OpenWebText continuations,OpenWebText,Nemotron_taskAB,A_task,A_task,P2k_additive_d16,hg,candidate within state,12,,,,,,,,,within_r2,,-0.009977269349183304,,,,,,,negative_or_zero,no,rescue_audit/results/,registry row 751,Registry inventory entry; exploratory unless promoted by a curated master-table row.
REGISTRY_0752,2026-08-31,exploratory,exploratory,Nemotron_taskAB,169.6M,OpenWebText continuations,OpenWebText,Nemotron_taskAB,A_task,A_task,P2k_kron_wc_d16,hg,candidate within state,12,,,,,,,,,within_r2,,-0.013501013918850946,,,,,,,negative_or_zero,no,rescue_audit/results/,registry row 752,Registry inventory entry; exploratory unless promoted by a curated master-table row.
REGISTRY_0753,2026-08-31,exploratory,exploratory,Nemotron_taskAB,169.6M,OpenWebText continuations,OpenWebText,Nemotron_taskAB,A_task,A_task,P2k_additive_wc_d16,hg,candidate within state,12,,,,,,,,,within_r2,,-0.013500149234214387,,,,,,,negative_or_zero,no,rescue_audit/results/,registry row 753,Registry inventory entry; exploratory unless promoted by a curated master-table row.
REGISTRY_0754,2026-08-31,exploratory,exploratory,Nemotron_taskAB,169.6M,OpenWebText continuations,OpenWebText,Nemotron_taskAB,A_task,A_task,P2k_kron_d32,hg,candidate within state,12,,,,,,,,,within_r2,,-0.012223245857803766,,,,,,,negative_or_zero,no,rescue_audit/results/,registry row 754,Registry inventory entry; exploratory unless promoted by a curated master-table row.
REGISTRY_0755,2026-08-31,exploratory,exploratory,Nemotron_taskAB,169.6M,OpenWebText continuations,OpenWebText,Nemotron_taskAB,A_task,A_task,P2k_kroneOnly_d32,hg,candidate within state,12,,,,,,,,,within_r2,,-0.012223245857803766,,,,,,,negative_or_zero,no,rescue_audit/results/,registry row 755,Registry inventory entry; exploratory unless promoted by a curated master-table row.
REGISTRY_0756,2026-08-31,exploratory,exploratory,Nemotron_taskAB,169.6M,OpenWebText continuations,OpenWebText,Nemotron_taskAB,A_task,A_task,P2k_additive_d32,hg,candidate within state,12,,,,,,,,,within_r2,,-0.010101480291441423,,,,,,,negative_or_zero,no,rescue_audit/results/,registry row 756,Registry inventory entry; exploratory unless promoted by a curated master-table row.
REGISTRY_0757,2026-08-31,exploratory,exploratory,Nemotron_taskAB,169.6M,OpenWebText continuations,OpenWebText,Nemotron_taskAB,A_task,A_task,P2k_kron_wc_d32,hg,candidate within state,12,,,,,,,,,within_r2,,-0.013501013918850946,,,,,,,negative_or_zero,no,rescue_audit/results/,registry row 757,Registry inventory entry; exploratory unless promoted by a curated master-table row.
REGISTRY_0758,2026-08-31,exploratory,exploratory,Nemotron_taskAB,169.6M,OpenWebText continuations,OpenWebText,Nemotron_taskAB,A_task,A_task,P2k_additive_wc_d32,hg,candidate within state,12,,,,,,,,,within_r2,,-0.0061105842754443085,,,,,,,negative_or_zero,no,rescue_audit/results/,registry row 758,Registry inventory entry; exploratory unless promoted by a curated master-table row.
REGISTRY_0759,2026-08-31,exploratory,exploratory,Nemotron_taskAB,169.6M,OpenWebText continuations,OpenWebText,Nemotron_taskAB,A_task,A_task,P7k_pair_kron_d32,hg,candidate within state,12,,,,,,,,,within_r2,,-0.0028725075120947796,,,,,,,negative_or_zero,no,rescue_audit/results/,registry row 759,Registry inventory entry; exploratory unless promoted by a curated master-table row.
REGISTRY_0760,2026-08-31,exploratory,exploratory,Nemotron_taskAB,169.6M,OpenWebText continuations,OpenWebText,Nemotron_taskAB,A_task,A_task,P7k_pair_hi_d32,hg,candidate within state,12,,,,,,,,,within_r2,,0.006405606231817962,,,,,,,positive,no,rescue_audit/results/,registry row 760,Registry inventory entry; exploratory unless promoted by a curated master-table row.
REGISTRY_0761,2026-08-31,exploratory,exploratory,Nemotron_taskAB,169.6M,OpenWebText continuations,OpenWebText,Nemotron_taskAB,A_task,A_task,P13_pls,hg,candidate within state,12,,,,,,,,,within_r2,,-0.006958283459438386,,,,,,,negative_or_zero,no,rescue_audit/results/,registry row 761,Registry inventory entry; exploratory unless promoted by a curated master-table row.
REGISTRY_0762,2026-08-31,exploratory,exploratory,Nemotron_taskAB,169.6M,OpenWebText continuations,OpenWebText,Nemotron_taskAB,A_pertok,A_pertok,P0_cheap,hg,candidate within state,12,,,,,,,,,within_r2,,0.18609196488042445,,,,,,,positive,no,rescue_audit/results/,registry row 762,Registry inventory entry; exploratory unless promoted by a curated master-table row.
REGISTRY_0763,2026-08-31,exploratory,exploratory,Nemotron_taskAB,169.6M,OpenWebText continuations,OpenWebText,Nemotron_taskAB,A_pertok,A_pertok,P0_hi,hg,candidate within state,12,,,,,,,,,within_r2,,0.15193197732410668,,,,,,,positive,no,rescue_audit/results/,registry row 763,Registry inventory entry; exploratory unless promoted by a curated master-table row.
REGISTRY_0764,2026-08-31,exploratory,exploratory,Nemotron_taskAB,169.6M,OpenWebText continuations,OpenWebText,Nemotron_taskAB,A_pertok,A_pertok,P0_hg,hg,candidate within state,12,,,,,,,,,within_r2,,0.0,,,,,,,negative_or_zero,no,rescue_audit/results/,registry row 764,Registry inventory entry; exploratory unless promoted by a curated master-table row.
REGISTRY_0765,2026-08-31,exploratory,exploratory,Nemotron_taskAB,169.6M,OpenWebText continuations,OpenWebText,Nemotron_taskAB,A_pertok,A_pertok,P0_hi_hg,hg,candidate within state,12,,,,,,,,,within_r2,,0.16387693314857066,,,,,,,positive,no,rescue_audit/results/,registry row 765,Registry inventory entry; exploratory unless promoted by a curated master-table row.
REGISTRY_0766,2026-08-31,exploratory,exploratory,Nemotron_taskAB,169.6M,OpenWebText continuations,OpenWebText,Nemotron_taskAB,A_pertok,A_pertok,P0_cheap+hi,hg,candidate within state,12,,,,,,,,,within_r2,,0.18811381072221334,,,,,,,positive,no,rescue_audit/results/,registry row 766,Registry inventory entry; exploratory unless promoted by a curated master-table row.
REGISTRY_0767,2026-08-31,exploratory,exploratory,Nemotron_taskAB,169.6M,OpenWebText continuations,OpenWebText,Nemotron_taskAB,A_pertok,A_pertok,P0_cheap+H,hg,candidate within state,12,,,,,,,,,within_r2,,0.18827171318467806,,,,,,,positive,no,rescue_audit/results/,registry row 767,Registry inventory entry; exploratory unless promoted by a curated master-table row.
REGISTRY_0768,2026-08-31,exploratory,exploratory,Nemotron_taskAB,169.6M,OpenWebText continuations,OpenWebText,Nemotron_taskAB,A_pertok,A_pertok,P2k_kron_d16,hg,candidate within state,12,,,,,,,,,within_r2,,0.18940382079806561,,,,,,,positive,no,rescue_audit/results/,registry row 768,Registry inventory entry; exploratory unless promoted by a curated master-table row.
REGISTRY_0769,2026-08-31,exploratory,exploratory,Nemotron_taskAB,169.6M,OpenWebText continuations,OpenWebText,Nemotron_taskAB,A_pertok,A_pertok,P2k_kroneOnly_d16,hg,candidate within state,12,,,,,,,,,within_r2,,0.18912820196665037,,,,,,,positive,no,rescue_audit/results/,registry row 769,Registry inventory entry; exploratory unless promoted by a curated master-table row.
REGISTRY_0770,2026-08-31,exploratory,exploratory,Nemotron_taskAB,169.6M,OpenWebText continuations,OpenWebText,Nemotron_taskAB,A_pertok,A_pertok,P2k_additive_d16,hg,candidate within state,12,,,,,,,,,within_r2,,0.18609194055880218,,,,,,,positive,no,rescue_audit/results/,registry row 770,Registry inventory entry; exploratory unless promoted by a curated master-table row.
REGISTRY_0771,2026-08-31,exploratory,exploratory,Nemotron_taskAB,169.6M,OpenWebText continuations,OpenWebText,Nemotron_taskAB,A_pertok,A_pertok,P2k_kron_wc_d16,hg,candidate within state,12,,,,,,,,,within_r2,,0.2036521917353754,,,,,,,positive,no,rescue_audit/results/,registry row 771,Registry inventory entry; exploratory unless promoted by a curated master-table row.
REGISTRY_0772,2026-08-31,exploratory,exploratory,Nemotron_taskAB,169.6M,OpenWebText continuations,OpenWebText,Nemotron_taskAB,A_pertok,A_pertok,P2k_additive_wc_d16,hg,candidate within state,12,,,,,,,,,within_r2,,0.19986254729780284,,,,,,,positive,no,rescue_audit/results/,registry row 772,Registry inventory entry; exploratory unless promoted by a curated master-table row.
REGISTRY_0773,2026-08-31,exploratory,exploratory,Nemotron_taskAB,169.6M,OpenWebText continuations,OpenWebText,Nemotron_taskAB,A_pertok,A_pertok,P2k_kron_d32,hg,candidate within state,12,,,,,,,,,within_r2,,0.19006302060966818,,,,,,,positive,no,rescue_audit/results/,registry row 773,Registry inventory entry; exploratory unless promoted by a curated master-table row.
REGISTRY_0774,2026-08-31,exploratory,exploratory,Nemotron_taskAB,169.6M,OpenWebText continuations,OpenWebText,Nemotron_taskAB,A_pertok,A_pertok,P2k_kroneOnly_d32,hg,candidate within state,12,,,,,,,,,within_r2,,0.18950110298881928,,,,,,,positive,no,rescue_audit/results/,registry row 774,Registry inventory entry; exploratory unless promoted by a curated master-table row.
REGISTRY_0775,2026-08-31,exploratory,exploratory,Nemotron_taskAB,169.6M,OpenWebText continuations,OpenWebText,Nemotron_taskAB,A_pertok,A_pertok,P2k_additive_d32,hg,candidate within state,12,,,,,,,,,within_r2,,0.18609194055880218,,,,,,,positive,no,rescue_audit/results/,registry row 775,Registry inventory entry; exploratory unless promoted by a curated master-table row.
REGISTRY_0776,2026-08-31,exploratory,exploratory,Nemotron_taskAB,169.6M,OpenWebText continuations,OpenWebText,Nemotron_taskAB,A_pertok,A_pertok,P2k_kron_wc_d32,hg,candidate within state,12,,,,,,,,,within_r2,,0.1894895179954338,,,,,,,positive,no,rescue_audit/results/,registry row 776,Registry inventory entry; exploratory unless promoted by a curated master-table row.
REGISTRY_0777,2026-08-31,exploratory,exploratory,Nemotron_taskAB,169.6M,OpenWebText continuations,OpenWebText,Nemotron_taskAB,A_pertok,A_pertok,P2k_additive_wc_d32,hg,candidate within state,12,,,,,,,,,within_r2,,0.1979428800443236,,,,,,,positive,no,rescue_audit/results/,registry row 777,Registry inventory entry; exploratory unless promoted by a curated master-table row.
REGISTRY_0778,2026-08-31,exploratory,exploratory,Nemotron_taskAB,169.6M,OpenWebText continuations,OpenWebText,Nemotron_taskAB,A_pertok,A_pertok,P7k_pair_kron_d32,hg,candidate within state,12,,,,,,,,,within_r2,,0.1083924198575863,,,,,,,positive,no,rescue_audit/results/,registry row 778,Registry inventory entry; exploratory unless promoted by a curated master-table row.
REGISTRY_0779,2026-08-31,exploratory,exploratory,Nemotron_taskAB,169.6M,OpenWebText continuations,OpenWebText,Nemotron_taskAB,A_pertok,A_pertok,P7k_pair_hi_d32,hg,candidate within state,12,,,,,,,,,within_r2,,0.16811537028405654,,,,,,,positive,no,rescue_audit/results/,registry row 779,Registry inventory entry; exploratory unless promoted by a curated master-table row.
REGISTRY_0780,2026-08-31,exploratory,exploratory,Nemotron_taskAB,169.6M,OpenWebText continuations,OpenWebText,Nemotron_taskAB,A_pertok,A_pertok,P13_pls,hg,candidate within state,12,,,,,,,,,within_r2,,0.14515930979847347,,,,,,,positive,no,rescue_audit/results/,registry row 780,Registry inventory entry; exploratory unless promoted by a curated master-table row.
REGISTRY_0781,2026-08-31,exploratory,exploratory,Nemotron_taskAB,169.6M,OpenWebText continuations,OpenWebText,Nemotron_taskAB,A_pertok,A_pertok,P0_cheap,hg,candidate within state,2,,,,,,,,,within_r2,,0.18609196488042445,,,,,,,positive,no,rescue_audit/results/,registry row 781,Registry inventory entry; exploratory unless promoted by a curated master-table row.
REGISTRY_0782,2026-08-31,exploratory,exploratory,Nemotron_taskAB,169.6M,OpenWebText continuations,OpenWebText,Nemotron_taskAB,A_pertok,A_pertok,P0_hi,hg,candidate within state,2,,,,,,,,,within_r2,,0.12907586954138617,,,,,,,positive,no,rescue_audit/results/,registry row 782,Registry inventory entry; exploratory unless promoted by a curated master-table row.
REGISTRY_0783,2026-08-31,exploratory,exploratory,Nemotron_taskAB,169.6M,OpenWebText continuations,OpenWebText,Nemotron_taskAB,A_pertok,A_pertok,P0_hg,hg,candidate within state,2,,,,,,,,,within_r2,,0.0,,,,,,,negative_or_zero,no,rescue_audit/results/,registry row 783,Registry inventory entry; exploratory unless promoted by a curated master-table row.
REGISTRY_0784,2026-08-31,exploratory,exploratory,Nemotron_taskAB,169.6M,OpenWebText continuations,OpenWebText,Nemotron_taskAB,A_pertok,A_pertok,P0_hi_hg,hg,candidate within state,2,,,,,,,,,within_r2,,0.13624822937238168,,,,,,,positive,no,rescue_audit/results/,registry row 784,Registry inventory entry; exploratory unless promoted by a curated master-table row.
REGISTRY_0785,2026-08-31,exploratory,exploratory,Nemotron_taskAB,169.6M,OpenWebText continuations,OpenWebText,Nemotron_taskAB,A_pertok,A_pertok,P0_cheap+hi,hg,candidate within state,2,,,,,,,,,within_r2,,0.20015444158530804,,,,,,,positive,no,rescue_audit/results/,registry row 785,Registry inventory entry; exploratory unless promoted by a curated master-table row.
REGISTRY_0786,2026-08-31,exploratory,exploratory,Nemotron_taskAB,169.6M,OpenWebText continuations,OpenWebText,Nemotron_taskAB,A_pertok,A_pertok,P0_cheap+H,hg,candidate within state,2,,,,,,,,,within_r2,,0.20266113908188965,,,,,,,positive,no,rescue_audit/results/,registry row 786,Registry inventory entry; exploratory unless promoted by a curated master-table row.
REGISTRY_0787,2026-08-31,exploratory,exploratory,Nemotron_taskAB,169.6M,OpenWebText continuations,OpenWebText,Nemotron_taskAB,A_pertok,A_pertok,P2k_kron_d16,hg,candidate within state,2,,,,,,,,,within_r2,,0.16298489693762075,,,,,,,positive,no,rescue_audit/results/,registry row 787,Registry inventory entry; exploratory unless promoted by a curated master-table row.
REGISTRY_0788,2026-08-31,exploratory,exploratory,Nemotron_taskAB,169.6M,OpenWebText continuations,OpenWebText,Nemotron_taskAB,A_pertok,A_pertok,P2k_kroneOnly_d16,hg,candidate within state,2,,,,,,,,,within_r2,,0.1597701496987135,,,,,,,positive,no,rescue_audit/results/,registry row 788,Registry inventory entry; exploratory unless promoted by a curated master-table row.
REGISTRY_0789,2026-08-31,exploratory,exploratory,Nemotron_taskAB,169.6M,OpenWebText continuations,OpenWebText,Nemotron_taskAB,A_pertok,A_pertok,P2k_additive_d16,hg,candidate within state,2,,,,,,,,,within_r2,,0.18648572966959287,,,,,,,positive,no,rescue_audit/results/,registry row 789,Registry inventory entry; exploratory unless promoted by a curated master-table row.
REGISTRY_0790,2026-08-31,exploratory,exploratory,Nemotron_taskAB,169.6M,OpenWebText continuations,OpenWebText,Nemotron_taskAB,A_pertok,A_pertok,P2k_kron_wc_d16,hg,candidate within state,2,,,,,,,,,within_r2,,0.18723449969579264,,,,,,,positive,no,rescue_audit/results/,registry row 790,Registry inventory entry; exploratory unless promoted by a curated master-table row.
REGISTRY_0791,2026-08-31,exploratory,exploratory,Nemotron_taskAB,169.6M,OpenWebText continuations,OpenWebText,Nemotron_taskAB,A_pertok,A_pertok,P2k_additive_wc_d16,hg,candidate within state,2,,,,,,,,,within_r2,,0.19384382447673676,,,,,,,positive,no,rescue_audit/results/,registry row 791,Registry inventory entry; exploratory unless promoted by a curated master-table row.
REGISTRY_0792,2026-08-31,exploratory,exploratory,Nemotron_taskAB,169.6M,OpenWebText continuations,OpenWebText,Nemotron_taskAB,A_pertok,A_pertok,P2k_kron_d32,hg,candidate within state,2,,,,,,,,,within_r2,,0.16277061458621056,,,,,,,positive,no,rescue_audit/results/,registry row 792,Registry inventory entry; exploratory unless promoted by a curated master-table row.
REGISTRY_0793,2026-08-31,exploratory,exploratory,Nemotron_taskAB,169.6M,OpenWebText continuations,OpenWebText,Nemotron_taskAB,A_pertok,A_pertok,P2k_kroneOnly_d32,hg,candidate within state,2,,,,,,,,,within_r2,,0.15735885949720785,,,,,,,positive,no,rescue_audit/results/,registry row 793,Registry inventory entry; exploratory unless promoted by a curated master-table row.
REGISTRY_0794,2026-08-31,exploratory,exploratory,Nemotron_taskAB,169.6M,OpenWebText continuations,OpenWebText,Nemotron_taskAB,A_pertok,A_pertok,P2k_additive_d32,hg,candidate within state,2,,,,,,,,,within_r2,,0.19162748419567166,,,,,,,positive,no,rescue_audit/results/,registry row 794,Registry inventory entry; exploratory unless promoted by a curated master-table row.
REGISTRY_0795,2026-08-31,exploratory,exploratory,Nemotron_taskAB,169.6M,OpenWebText continuations,OpenWebText,Nemotron_taskAB,A_pertok,A_pertok,P2k_kron_wc_d32,hg,candidate within state,2,,,,,,,,,within_r2,,0.18352730539007744,,,,,,,positive,no,rescue_audit/results/,registry row 795,Registry inventory entry; exploratory unless promoted by a curated master-table row.
REGISTRY_0796,2026-08-31,exploratory,exploratory,Nemotron_taskAB,169.6M,OpenWebText continuations,OpenWebText,Nemotron_taskAB,A_pertok,A_pertok,P2k_additive_wc_d32,hg,candidate within state,2,,,,,,,,,within_r2,,0.2009847789006084,,,,,,,positive,no,rescue_audit/results/,registry row 796,Registry inventory entry; exploratory unless promoted by a curated master-table row.
REGISTRY_0797,2026-08-31,exploratory,exploratory,Nemotron_taskAB,169.6M,OpenWebText continuations,OpenWebText,Nemotron_taskAB,A_pertok,A_pertok,P7k_pair_kron_d32,hg,candidate within state,2,,,,,,,,,within_r2,,0.015035363589472439,,,,,,,positive,no,rescue_audit/results/,registry row 797,Registry inventory entry; exploratory unless promoted by a curated master-table row.
REGISTRY_0798,2026-08-31,exploratory,exploratory,Nemotron_taskAB,169.6M,OpenWebText continuations,OpenWebText,Nemotron_taskAB,A_pertok,A_pertok,P7k_pair_hi_d32,hg,candidate within state,2,,,,,,,,,within_r2,,0.07767714472851905,,,,,,,positive,no,rescue_audit/results/,registry row 798,Registry inventory entry; exploratory unless promoted by a curated master-table row.
REGISTRY_0799,2026-08-31,exploratory,exploratory,Nemotron_taskAB,169.6M,OpenWebText continuations,OpenWebText,Nemotron_taskAB,A_pertok,A_pertok,P13_pls,hg,candidate within state,2,,,,,,,,,within_r2,,0.13838865573652703,,,,,,,positive,no,rescue_audit/results/,registry row 799,Registry inventory entry; exploratory unless promoted by a curated master-table row.
REGISTRY_0800,2026-08-31,exploratory,exploratory,SEDD_anc,169.6M,OpenWebText continuations,OpenWebText,SEDD_anc,A_pertok,A_pertok,P0_cheap,hg,candidate within state,11,,,,,,,,,within_r2,,0.6455679403505508,,,,,,,positive,no,rescue_audit/results/,registry row 800,Registry inventory entry; exploratory unless promoted by a curated master-table row.
REGISTRY_0801,2026-08-31,exploratory,exploratory,SEDD_anc,169.6M,OpenWebText continuations,OpenWebText,SEDD_anc,A_pertok,A_pertok,P0_hi,hg,candidate within state,11,,,,,,,,,within_r2,,0.2666114301038529,,,,,,,positive,no,rescue_audit/results/,registry row 801,Registry inventory entry; exploratory unless promoted by a curated master-table row.
REGISTRY_0802,2026-08-31,exploratory,exploratory,SEDD_anc,169.6M,OpenWebText continuations,OpenWebText,SEDD_anc,A_pertok,A_pertok,P0_hg,hg,candidate within state,11,,,,,,,,,within_r2,,0.0,,,,,,,negative_or_zero,no,rescue_audit/results/,registry row 802,Registry inventory entry; exploratory unless promoted by a curated master-table row.
REGISTRY_0803,2026-08-31,exploratory,exploratory,SEDD_anc,169.6M,OpenWebText continuations,OpenWebText,SEDD_anc,A_pertok,A_pertok,P0_hi_hg,hg,candidate within state,11,,,,,,,,,within_r2,,0.3681539081912334,,,,,,,positive,no,rescue_audit/results/,registry row 803,Registry inventory entry; exploratory unless promoted by a curated master-table row.
REGISTRY_0804,2026-08-31,exploratory,exploratory,SEDD_anc,169.6M,OpenWebText continuations,OpenWebText,SEDD_anc,A_pertok,A_pertok,P0_cheap+hi,hg,candidate within state,11,,,,,,,,,within_r2,,0.6483955328734368,,,,,,,positive,no,rescue_audit/results/,registry row 804,Registry inventory entry; exploratory unless promoted by a curated master-table row.
REGISTRY_0805,2026-08-31,exploratory,exploratory,SEDD_anc,169.6M,OpenWebText continuations,OpenWebText,SEDD_anc,A_pertok,A_pertok,P0_cheap+H,hg,candidate within state,11,,,,,,,,,within_r2,,0.6576036632336455,,,,,,,positive,no,rescue_audit/results/,registry row 805,Registry inventory entry; exploratory unless promoted by a curated master-table row.
REGISTRY_0806,2026-08-31,exploratory,exploratory,SEDD_anc,169.6M,OpenWebText continuations,OpenWebText,SEDD_anc,A_pertok,A_pertok,P2_bilinear_r2,hg,candidate within state,11,,,,,,,,,within_r2,,0.5969759505919907,,,,,,,positive,no,rescue_audit/results/,registry row 806,Registry inventory entry; exploratory unless promoted by a curated master-table row.
REGISTRY_0807,2026-08-31,exploratory,exploratory,SEDD_anc,169.6M,OpenWebText continuations,OpenWebText,SEDD_anc,A_pertok,A_pertok,P2_bilinear_r4,hg,candidate within state,11,,,,,,,,,within_r2,,0.5792977987395593,,,,,,,positive,no,rescue_audit/results/,registry row 807,Registry inventory entry; exploratory unless promoted by a curated master-table row.
REGISTRY_0808,2026-08-31,exploratory,exploratory,SEDD_anc,169.6M,OpenWebText continuations,OpenWebText,SEDD_anc,A_pertok,A_pertok,P2_bilinear_r8,hg,candidate within state,11,,,,,,,,,within_r2,,0.4984837327578583,,,,,,,positive,no,rescue_audit/results/,registry row 808,Registry inventory entry; exploratory unless promoted by a curated master-table row.
REGISTRY_0809,2026-08-31,exploratory,exploratory,SEDD_anc,169.6M,OpenWebText continuations,OpenWebText,SEDD_anc,A_pertok,A_pertok,P2_bilinear_r16,hg,candidate within state,11,,,,,,,,,within_r2,,0.3026969157206739,,,,,,,positive,no,rescue_audit/results/,registry row 809,Registry inventory entry; exploratory unless promoted by a curated master-table row.
REGISTRY_0810,2026-08-31,exploratory,exploratory,SEDD_anc,169.6M,OpenWebText continuations,OpenWebText,SEDD_anc,A_pertok,A_pertok,P2_bilinear_r32,hg,candidate within state,11,,,,,,,,,within_r2,,-0.24293465478023002,,,,,,,negative_or_zero,no,rescue_audit/results/,registry row 810,Registry inventory entry; exploratory unless promoted by a curated master-table row.
REGISTRY_0811,2026-08-31,exploratory,exploratory,SEDD_anc,169.6M,OpenWebText continuations,OpenWebText,SEDD_anc,A_pertok,A_pertok,P2_bilinear_r64,hg,candidate within state,11,,,,,,,,,within_r2,,-3.845967486769596,,,,,,,negative_or_zero,no,rescue_audit/results/,registry row 811,Registry inventory entry; exploratory unless promoted by a curated master-table row.
REGISTRY_0812,2026-08-31,exploratory,exploratory,SEDD_anc,169.6M,OpenWebText continuations,OpenWebText,SEDD_anc,A_pertok,A_pertok,P2_bilinear_best,hg,candidate within state,11,,,,,,,,,within_r2,,0.5969759505919907,,,,,,,positive,no,rescue_audit/results/,registry row 812,Registry inventory entry; exploratory unless promoted by a curated master-table row.
REGISTRY_0813,2026-08-31,exploratory,exploratory,SEDD_anc,169.6M,OpenWebText continuations,OpenWebText,SEDD_anc,A_pertok,A_pertok,P2_bilinear_r1,hg,candidate within state,11,,,,,,,,,within_r2,,0.6185963599738311,,,,,,,positive,no,rescue_audit/results/,registry row 813,Registry inventory entry; exploratory unless promoted by a curated master-table row.
REGISTRY_0814,2026-08-31,exploratory,exploratory,SEDD_anc,169.6M,OpenWebText continuations,OpenWebText,SEDD_anc,A_pertok,A_pertok,P2k_kron_d16,hg,candidate within state,11,,,,,,,,,within_r2,,0.6546146827192294,,,,,,,positive,no,rescue_audit/results/,registry row 814,Registry inventory entry; exploratory unless promoted by a curated master-table row.
REGISTRY_0815,2026-08-31,exploratory,exploratory,SEDD_anc,169.6M,OpenWebText continuations,OpenWebText,SEDD_anc,A_pertok,A_pertok,P2k_kroneOnly_d16,hg,candidate within state,11,,,,,,,,,within_r2,,0.6477658849170558,,,,,,,positive,no,rescue_audit/results/,registry row 815,Registry inventory entry; exploratory unless promoted by a curated master-table row.
REGISTRY_0816,2026-08-31,exploratory,exploratory,SEDD_anc,169.6M,OpenWebText continuations,OpenWebText,SEDD_anc,A_pertok,A_pertok,P2k_additive_d16,hg,candidate within state,11,,,,,,,,,within_r2,,0.657152970341472,,,,,,,positive,no,rescue_audit/results/,registry row 816,Registry inventory entry; exploratory unless promoted by a curated master-table row.
REGISTRY_0817,2026-08-31,exploratory,exploratory,SEDD_anc,169.6M,OpenWebText continuations,OpenWebText,SEDD_anc,A_pertok,A_pertok,P2k_kron_wc_d16,hg,candidate within state,11,,,,,,,,,within_r2,,0.6360506056654756,,,,,,,positive,no,rescue_audit/results/,registry row 817,Registry inventory entry; exploratory unless promoted by a curated master-table row.
REGISTRY_0818,2026-08-31,exploratory,exploratory,SEDD_anc,169.6M,OpenWebText continuations,OpenWebText,SEDD_anc,A_pertok,A_pertok,P2k_additive_wc_d16,hg,candidate within state,11,,,,,,,,,within_r2,,0.6356143720032147,,,,,,,positive,no,rescue_audit/results/,registry row 818,Registry inventory entry; exploratory unless promoted by a curated master-table row.
REGISTRY_0819,2026-08-31,exploratory,exploratory,SEDD_anc,169.6M,OpenWebText continuations,OpenWebText,SEDD_anc,A_pertok,A_pertok,P2k_kron_d32,hg,candidate within state,11,,,,,,,,,within_r2,,0.6504926370393818,,,,,,,positive,no,rescue_audit/results/,registry row 819,Registry inventory entry; exploratory unless promoted by a curated master-table row.
REGISTRY_0820,2026-08-31,exploratory,exploratory,SEDD_anc,169.6M,OpenWebText continuations,OpenWebText,SEDD_anc,A_pertok,A_pertok,P2k_kroneOnly_d32,hg,candidate within state,11,,,,,,,,,within_r2,,0.6482059383699357,,,,,,,positive,no,rescue_audit/results/,registry row 820,Registry inventory entry; exploratory unless promoted by a curated master-table row.
REGISTRY_0821,2026-08-31,exploratory,exploratory,SEDD_anc,169.6M,OpenWebText continuations,OpenWebText,SEDD_anc,A_pertok,A_pertok,P2k_additive_d32,hg,candidate within state,11,,,,,,,,,within_r2,,0.6589148728239491,,,,,,,positive,no,rescue_audit/results/,registry row 821,Registry inventory entry; exploratory unless promoted by a curated master-table row.
REGISTRY_0822,2026-08-31,exploratory,exploratory,SEDD_anc,169.6M,OpenWebText continuations,OpenWebText,SEDD_anc,A_pertok,A_pertok,P2k_kron_wc_d32,hg,candidate within state,11,,,,,,,,,within_r2,,0.6347139073185778,,,,,,,positive,no,rescue_audit/results/,registry row 822,Registry inventory entry; exploratory unless promoted by a curated master-table row.
REGISTRY_0823,2026-08-31,exploratory,exploratory,SEDD_anc,169.6M,OpenWebText continuations,OpenWebText,SEDD_anc,A_pertok,A_pertok,P2k_additive_wc_d32,hg,candidate within state,11,,,,,,,,,within_r2,,0.6373865010004628,,,,,,,positive,no,rescue_audit/results/,registry row 823,Registry inventory entry; exploratory unless promoted by a curated master-table row.
REGISTRY_0824,2026-08-31,exploratory,exploratory,SEDD_anc,169.6M,OpenWebText continuations,OpenWebText,SEDD_anc,A_pertok,A_pertok,P3_film,hg,candidate within state,11,,,,,,,,,within_r2,,0.5787239547958658,,,,,,,positive,no,rescue_audit/results/,registry row 824,Registry inventory entry; exploratory unless promoted by a curated master-table row.
REGISTRY_0825,2026-08-31,exploratory,exploratory,SEDD_anc,169.6M,OpenWebText continuations,OpenWebText,SEDD_anc,A_pertok,A_pertok,P4_relmlp_w128,hg,candidate within state,11,,,,,,,,,within_r2,,0.5874055779065277,,,,,,,positive,no,rescue_audit/results/,registry row 825,Registry inventory entry; exploratory unless promoted by a curated master-table row.
REGISTRY_0826,2026-08-31,exploratory,exploratory,SEDD_anc,169.6M,OpenWebText continuations,OpenWebText,SEDD_anc,A_pertok,A_pertok,P4_relmlp_w512,hg,candidate within state,11,,,,,,,,,within_r2,,0.5957111795703199,,,,,,,positive,no,rescue_audit/results/,registry row 826,Registry inventory entry; exploratory unless promoted by a curated master-table row.
REGISTRY_0827,2026-08-31,exploratory,exploratory,SEDD_anc,169.6M,OpenWebText continuations,OpenWebText,SEDD_anc,A_pertok,A_pertok,P4_cheaponly_mlp,hg,candidate within state,11,,,,,,,,,within_r2,,0.6512807265227789,,,,,,,positive,no,rescue_audit/results/,registry row 827,Registry inventory entry; exploratory unless promoted by a curated master-table row.
REGISTRY_0828,2026-08-31,exploratory,exploratory,SEDD_anc,169.6M,OpenWebText continuations,OpenWebText,SEDD_anc,A_pertok,A_pertok,P5_rff_g0.1,hg,candidate within state,11,,,,,,,,,within_r2,,0.6356695653243274,,,,,,,positive,no,rescue_audit/results/,registry row 828,Registry inventory entry; exploratory unless promoted by a curated master-table row.
REGISTRY_0829,2026-08-31,exploratory,exploratory,SEDD_anc,169.6M,OpenWebText continuations,OpenWebText,SEDD_anc,A_pertok,A_pertok,P5_rff_cheaponly_g0.1,hg,candidate within state,11,,,,,,,,,within_r2,,0.6492851277158993,,,,,,,positive,no,rescue_audit/results/,registry row 829,Registry inventory entry; exploratory unless promoted by a curated master-table row.
REGISTRY_0830,2026-08-31,exploratory,exploratory,SEDD_anc,169.6M,OpenWebText continuations,OpenWebText,SEDD_anc,A_pertok,A_pertok,P5_rff_g1,hg,candidate within state,11,,,,,,,,,within_r2,,0.5981520928180071,,,,,,,positive,no,rescue_audit/results/,registry row 830,Registry inventory entry; exploratory unless promoted by a curated master-table row.
REGISTRY_0831,2026-08-31,exploratory,exploratory,SEDD_anc,169.6M,OpenWebText continuations,OpenWebText,SEDD_anc,A_pertok,A_pertok,P5_rff_cheaponly_g1,hg,candidate within state,11,,,,,,,,,within_r2,,0.6464774379983027,,,,,,,positive,no,rescue_audit/results/,registry row 831,Registry inventory entry; exploratory unless promoted by a curated master-table row.
REGISTRY_0832,2026-08-31,exploratory,exploratory,SEDD_anc,169.6M,OpenWebText continuations,OpenWebText,SEDD_anc,A_pertok,A_pertok,P5_rff_g10,hg,candidate within state,11,,,,,,,,,within_r2,,0.0018103695702554878,,,,,,,positive,no,rescue_audit/results/,registry row 832,Registry inventory entry; exploratory unless promoted by a curated master-table row.
REGISTRY_0833,2026-08-31,exploratory,exploratory,SEDD_anc,169.6M,OpenWebText continuations,OpenWebText,SEDD_anc,A_pertok,A_pertok,P5_rff_cheaponly_g10,hg,candidate within state,11,,,,,,,,,within_r2,,0.5854472662659163,,,,,,,positive,no,rescue_audit/results/,registry row 833,Registry inventory entry; exploratory unless promoted by a curated master-table row.
REGISTRY_0834,2026-08-31,exploratory,exploratory,SEDD_anc,169.6M,OpenWebText continuations,OpenWebText,SEDD_anc,A_pertok,A_pertok,P5_poly2,hg,candidate within state,11,,,,,,,,,within_r2,,0.630811544092571,,,,,,,positive,no,rescue_audit/results/,registry row 834,Registry inventory entry; exploratory unless promoted by a curated master-table row.
REGISTRY_0835,2026-08-31,exploratory,exploratory,SEDD_anc,169.6M,OpenWebText continuations,OpenWebText,SEDD_anc,A_pertok,A_pertok,P5_poly2_cheaponly,hg,candidate within state,11,,,,,,,,,within_r2,,0.644147981977663,,,,,,,positive,no,rescue_audit/results/,registry row 835,Registry inventory entry; exploratory unless promoted by a curated master-table row.
REGISTRY_0836,2026-08-31,exploratory,exploratory,SEDD_anc,169.6M,OpenWebText continuations,OpenWebText,SEDD_anc,A_pertok,A_pertok,P6_boost,hg,candidate within state,11,,,,,,,,,within_r2,,0.6621840656263153,,,,,,,positive,no,rescue_audit/results/,registry row 836,Registry inventory entry; exploratory unless promoted by a curated master-table row.
REGISTRY_0837,2026-08-31,exploratory,exploratory,SEDD_anc,169.6M,OpenWebText continuations,OpenWebText,SEDD_anc,A_pertok,A_pertok,P6_boost_cheaponly,hg,candidate within state,11,,,,,,,,,within_r2,,0.6434488146729129,,,,,,,positive,no,rescue_audit/results/,registry row 837,Registry inventory entry; exploratory unless promoted by a curated master-table row.
REGISTRY_0838,2026-08-31,exploratory,exploratory,SEDD_anc,169.6M,OpenWebText continuations,OpenWebText,SEDD_anc,A_pertok,A_pertok,P7k_pair_kron_d32,hg,candidate within state,11,,,,,,,,,within_r2,,0.16891298857486203,,,,,,,positive,no,rescue_audit/results/,registry row 838,Registry inventory entry; exploratory unless promoted by a curated master-table row.
REGISTRY_0839,2026-08-31,exploratory,exploratory,SEDD_anc,169.6M,OpenWebText continuations,OpenWebText,SEDD_anc,A_pertok,A_pertok,P7k_pair_hi_d32,hg,candidate within state,11,,,,,,,,,within_r2,,0.23961839142423602,,,,,,,positive,no,rescue_audit/results/,registry row 839,Registry inventory entry; exploratory unless promoted by a curated master-table row.
REGISTRY_0840,2026-08-31,exploratory,exploratory,SEDD_anc,169.6M,OpenWebText continuations,OpenWebText,SEDD_anc,A_pertok,A_pertok,P7_pair_hi,hg,candidate within state,11,,,,,,,,,within_r2,,0.2711676343588383,,,,,,,positive,no,rescue_audit/results/,registry row 840,Registry inventory entry; exploratory unless promoted by a curated master-table row.
REGISTRY_0841,2026-08-31,exploratory,exploratory,SEDD_anc,169.6M,OpenWebText continuations,OpenWebText,SEDD_anc,A_pertok,A_pertok,P7_pair_hi_x_hg,hg,candidate within state,11,,,,,,,,,within_r2,,0.26352414844135996,,,,,,,positive,no,rescue_audit/results/,registry row 841,Registry inventory entry; exploratory unless promoted by a curated master-table row.
REGISTRY_0842,2026-08-31,exploratory,exploratory,SEDD_anc,169.6M,OpenWebText continuations,OpenWebText,SEDD_anc,A_pertok,A_pertok,P8_ranknet_cand,hg,candidate within state,11,,,,,,,,,within_r2,,0.2973334168633366,,,,,,,positive,no,rescue_audit/results/,registry row 842,Registry inventory entry; exploratory unless promoted by a curated master-table row.
REGISTRY_0843,2026-08-31,exploratory,exploratory,SEDD_anc,169.6M,OpenWebText continuations,OpenWebText,SEDD_anc,A_pertok,A_pertok,P8_ranknet_cand_state,hg,candidate within state,11,,,,,,,,,within_r2,,0.28106545454815623,,,,,,,positive,no,rescue_audit/results/,registry row 843,Registry inventory entry; exploratory unless promoted by a curated master-table row.
REGISTRY_0844,2026-08-31,exploratory,exploratory,SEDD_anc,169.6M,OpenWebText continuations,OpenWebText,SEDD_anc,A_pertok,A_pertok,P8_ranknet_cheap,hg,candidate within state,11,,,,,,,,,within_r2,,0.6034014696641373,,,,,,,positive,no,rescue_audit/results/,registry row 844,Registry inventory entry; exploratory unless promoted by a curated master-table row.
REGISTRY_0845,2026-08-31,exploratory,exploratory,SEDD_anc,169.6M,OpenWebText continuations,OpenWebText,SEDD_anc,A_pertok,A_pertok,P8_ranknet_cheap_hidden,hg,candidate within state,11,,,,,,,,,within_r2,,0.5344494306534158,,,,,,,positive,no,rescue_audit/results/,registry row 845,Registry inventory entry; exploratory unless promoted by a curated master-table row.
REGISTRY_0846,2026-08-31,exploratory,exploratory,SEDD_anc,169.6M,OpenWebText continuations,OpenWebText,SEDD_anc,A_pertok,A_pertok,P9_list_hidden,hg,candidate within state,11,,,,,,,,,within_r2,,0.5270978813980582,,,,,,,positive,no,rescue_audit/results/,registry row 846,Registry inventory entry; exploratory unless promoted by a curated master-table row.
REGISTRY_0847,2026-08-31,exploratory,exploratory,SEDD_anc,169.6M,OpenWebText continuations,OpenWebText,SEDD_anc,A_pertok,A_pertok,P9_list_cheap,hg,candidate within state,11,,,,,,,,,within_r2,,0.6478494400835899,,,,,,,positive,no,rescue_audit/results/,registry row 847,Registry inventory entry; exploratory unless promoted by a curated master-table row.
REGISTRY_0848,2026-08-31,exploratory,exploratory,SEDD_anc,169.6M,OpenWebText continuations,OpenWebText,SEDD_anc,A_pertok,A_pertok,P13_pls,hg,candidate within state,11,,,,,,,,,within_r2,,0.3468347402821118,,,,,,,positive,no,rescue_audit/results/,registry row 848,Registry inventory entry; exploratory unless promoted by a curated master-table row.
REGISTRY_0849,2026-08-31,exploratory,exploratory,SEDD_anc,169.6M,OpenWebText continuations,OpenWebText,SEDD_anc,A_pertok,A_pertok,P0_cheap,hg,candidate within state,3,,,,,,,,,within_r2,,0.6455679403505508,,,,,,,positive,no,rescue_audit/results/,registry row 849,Registry inventory entry; exploratory unless promoted by a curated master-table row.
REGISTRY_0850,2026-08-31,exploratory,exploratory,SEDD_anc,169.6M,OpenWebText continuations,OpenWebText,SEDD_anc,A_pertok,A_pertok,P0_hi,hg,candidate within state,3,,,,,,,,,within_r2,,0.11049672126601118,,,,,,,positive,no,rescue_audit/results/,registry row 850,Registry inventory entry; exploratory unless promoted by a curated master-table row.
REGISTRY_0851,2026-08-31,exploratory,exploratory,SEDD_anc,169.6M,OpenWebText continuations,OpenWebText,SEDD_anc,A_pertok,A_pertok,P0_hg,hg,candidate within state,3,,,,,,,,,within_r2,,0.0,,,,,,,negative_or_zero,no,rescue_audit/results/,registry row 851,Registry inventory entry; exploratory unless promoted by a curated master-table row.
REGISTRY_0852,2026-08-31,exploratory,exploratory,SEDD_anc,169.6M,OpenWebText continuations,OpenWebText,SEDD_anc,A_pertok,A_pertok,P0_hi_hg,hg,candidate within state,3,,,,,,,,,within_r2,,0.18863847244563936,,,,,,,positive,no,rescue_audit/results/,registry row 852,Registry inventory entry; exploratory unless promoted by a curated master-table row.
REGISTRY_0853,2026-08-31,exploratory,exploratory,SEDD_anc,169.6M,OpenWebText continuations,OpenWebText,SEDD_anc,A_pertok,A_pertok,P0_cheap+hi,hg,candidate within state,3,,,,,,,,,within_r2,,0.6487438066116489,,,,,,,positive,no,rescue_audit/results/,registry row 853,Registry inventory entry; exploratory unless promoted by a curated master-table row.
REGISTRY_0854,2026-08-31,exploratory,exploratory,SEDD_anc,169.6M,OpenWebText continuations,OpenWebText,SEDD_anc,A_pertok,A_pertok,P0_cheap+H,hg,candidate within state,3,,,,,,,,,within_r2,,0.6575421471889389,,,,,,,positive,no,rescue_audit/results/,registry row 854,Registry inventory entry; exploratory unless promoted by a curated master-table row.
REGISTRY_0855,2026-08-31,exploratory,exploratory,SEDD_anc,169.6M,OpenWebText continuations,OpenWebText,SEDD_anc,A_pertok,A_pertok,P2_bilinear_r2,hg,candidate within state,3,,,,,,,,,within_r2,,0.5625280398379764,,,,,,,positive,no,rescue_audit/results/,registry row 855,Registry inventory entry; exploratory unless promoted by a curated master-table row.
REGISTRY_0856,2026-08-31,exploratory,exploratory,SEDD_anc,169.6M,OpenWebText continuations,OpenWebText,SEDD_anc,A_pertok,A_pertok,P2_bilinear_r4,hg,candidate within state,3,,,,,,,,,within_r2,,0.518725148509847,,,,,,,positive,no,rescue_audit/results/,registry row 856,Registry inventory entry; exploratory unless promoted by a curated master-table row.
REGISTRY_0857,2026-08-31,exploratory,exploratory,SEDD_anc,169.6M,OpenWebText continuations,OpenWebText,SEDD_anc,A_pertok,A_pertok,P2_bilinear_r8,hg,candidate within state,3,,,,,,,,,within_r2,,0.3596888598506419,,,,,,,positive,no,rescue_audit/results/,registry row 857,Registry inventory entry; exploratory unless promoted by a curated master-table row.
REGISTRY_0858,2026-08-31,exploratory,exploratory,SEDD_anc,169.6M,OpenWebText continuations,OpenWebText,SEDD_anc,A_pertok,A_pertok,P2_bilinear_r16,hg,candidate within state,3,,,,,,,,,within_r2,,0.0917366020327881,,,,,,,positive,no,rescue_audit/results/,registry row 858,Registry inventory entry; exploratory unless promoted by a curated master-table row.
REGISTRY_0859,2026-08-31,exploratory,exploratory,SEDD_anc,169.6M,OpenWebText continuations,OpenWebText,SEDD_anc,A_pertok,A_pertok,P2_bilinear_r32,hg,candidate within state,3,,,,,,,,,within_r2,,-1.5286851836301443,,,,,,,negative_or_zero,no,rescue_audit/results/,registry row 859,Registry inventory entry; exploratory unless promoted by a curated master-table row.
REGISTRY_0860,2026-08-31,exploratory,exploratory,SEDD_anc,169.6M,OpenWebText continuations,OpenWebText,SEDD_anc,A_pertok,A_pertok,P2_bilinear_r64,hg,candidate within state,3,,,,,,,,,within_r2,,-10.054336434311262,,,,,,,negative_or_zero,no,rescue_audit/results/,registry row 860,Registry inventory entry; exploratory unless promoted by a curated master-table row.
REGISTRY_0861,2026-08-31,exploratory,exploratory,SEDD_anc,169.6M,OpenWebText continuations,OpenWebText,SEDD_anc,A_pertok,A_pertok,P2_bilinear_best,hg,candidate within state,3,,,,,,,,,within_r2,,0.5625280398379764,,,,,,,positive,no,rescue_audit/results/,registry row 861,Registry inventory entry; exploratory unless promoted by a curated master-table row.
REGISTRY_0862,2026-08-31,exploratory,exploratory,SEDD_anc,169.6M,OpenWebText continuations,OpenWebText,SEDD_anc,A_pertok,A_pertok,P2_bilinear_r1,hg,candidate within state,3,,,,,,,,,within_r2,,0.5951266224219651,,,,,,,positive,no,rescue_audit/results/,registry row 862,Registry inventory entry; exploratory unless promoted by a curated master-table row.
REGISTRY_0863,2026-08-31,exploratory,exploratory,SEDD_anc,169.6M,OpenWebText continuations,OpenWebText,SEDD_anc,A_pertok,A_pertok,P2k_kron_d16,hg,candidate within state,3,,,,,,,,,within_r2,,0.6485754282249339,,,,,,,positive,no,rescue_audit/results/,registry row 863,Registry inventory entry; exploratory unless promoted by a curated master-table row.
REGISTRY_0864,2026-08-31,exploratory,exploratory,SEDD_anc,169.6M,OpenWebText continuations,OpenWebText,SEDD_anc,A_pertok,A_pertok,P2k_kroneOnly_d16,hg,candidate within state,3,,,,,,,,,within_r2,,0.6467938469768706,,,,,,,positive,no,rescue_audit/results/,registry row 864,Registry inventory entry; exploratory unless promoted by a curated master-table row.
REGISTRY_0865,2026-08-31,exploratory,exploratory,SEDD_anc,169.6M,OpenWebText continuations,OpenWebText,SEDD_anc,A_pertok,A_pertok,P2k_additive_d16,hg,candidate within state,3,,,,,,,,,within_r2,,0.6568238713752319,,,,,,,positive,no,rescue_audit/results/,registry row 865,Registry inventory entry; exploratory unless promoted by a curated master-table row.
REGISTRY_0866,2026-08-31,exploratory,exploratory,SEDD_anc,169.6M,OpenWebText continuations,OpenWebText,SEDD_anc,A_pertok,A_pertok,P2k_kron_wc_d16,hg,candidate within state,3,,,,,,,,,within_r2,,0.6289350938317896,,,,,,,positive,no,rescue_audit/results/,registry row 866,Registry inventory entry; exploratory unless promoted by a curated master-table row.
REGISTRY_0867,2026-08-31,exploratory,exploratory,SEDD_anc,169.6M,OpenWebText continuations,OpenWebText,SEDD_anc,A_pertok,A_pertok,P2k_additive_wc_d16,hg,candidate within state,3,,,,,,,,,within_r2,,0.6336834306552555,,,,,,,positive,no,rescue_audit/results/,registry row 867,Registry inventory entry; exploratory unless promoted by a curated master-table row.
REGISTRY_0868,2026-08-31,exploratory,exploratory,SEDD_anc,169.6M,OpenWebText continuations,OpenWebText,SEDD_anc,A_pertok,A_pertok,P2k_kron_d32,hg,candidate within state,3,,,,,,,,,within_r2,,0.6468228974679184,,,,,,,positive,no,rescue_audit/results/,registry row 868,Registry inventory entry; exploratory unless promoted by a curated master-table row.
REGISTRY_0869,2026-08-31,exploratory,exploratory,SEDD_anc,169.6M,OpenWebText continuations,OpenWebText,SEDD_anc,A_pertok,A_pertok,P2k_kroneOnly_d32,hg,candidate within state,3,,,,,,,,,within_r2,,0.6469987125872129,,,,,,,positive,no,rescue_audit/results/,registry row 869,Registry inventory entry; exploratory unless promoted by a curated master-table row.
REGISTRY_0870,2026-08-31,exploratory,exploratory,SEDD_anc,169.6M,OpenWebText continuations,OpenWebText,SEDD_anc,A_pertok,A_pertok,P2k_additive_d32,hg,candidate within state,3,,,,,,,,,within_r2,,0.6567944069914842,,,,,,,positive,no,rescue_audit/results/,registry row 870,Registry inventory entry; exploratory unless promoted by a curated master-table row.
REGISTRY_0871,2026-08-31,exploratory,exploratory,SEDD_anc,169.6M,OpenWebText continuations,OpenWebText,SEDD_anc,A_pertok,A_pertok,P2k_kron_wc_d32,hg,candidate within state,3,,,,,,,,,within_r2,,0.6279569396852078,,,,,,,positive,no,rescue_audit/results/,registry row 871,Registry inventory entry; exploratory unless promoted by a curated master-table row.
REGISTRY_0872,2026-08-31,exploratory,exploratory,SEDD_anc,169.6M,OpenWebText continuations,OpenWebText,SEDD_anc,A_pertok,A_pertok,P2k_additive_wc_d32,hg,candidate within state,3,,,,,,,,,within_r2,,0.635170938331937,,,,,,,positive,no,rescue_audit/results/,registry row 872,Registry inventory entry; exploratory unless promoted by a curated master-table row.
REGISTRY_0873,2026-08-31,exploratory,exploratory,SEDD_anc,169.6M,OpenWebText continuations,OpenWebText,SEDD_anc,A_pertok,A_pertok,P3_film,hg,candidate within state,3,,,,,,,,,within_r2,,0.5663610279281377,,,,,,,positive,no,rescue_audit/results/,registry row 873,Registry inventory entry; exploratory unless promoted by a curated master-table row.
REGISTRY_0874,2026-08-31,exploratory,exploratory,SEDD_anc,169.6M,OpenWebText continuations,OpenWebText,SEDD_anc,A_pertok,A_pertok,P4_relmlp_w128,hg,candidate within state,3,,,,,,,,,within_r2,,0.5365259469039563,,,,,,,positive,no,rescue_audit/results/,registry row 874,Registry inventory entry; exploratory unless promoted by a curated master-table row.
REGISTRY_0875,2026-08-31,exploratory,exploratory,SEDD_anc,169.6M,OpenWebText continuations,OpenWebText,SEDD_anc,A_pertok,A_pertok,P4_relmlp_w512,hg,candidate within state,3,,,,,,,,,within_r2,,0.5676607932899848,,,,,,,positive,no,rescue_audit/results/,registry row 875,Registry inventory entry; exploratory unless promoted by a curated master-table row.
REGISTRY_0876,2026-08-31,exploratory,exploratory,SEDD_anc,169.6M,OpenWebText continuations,OpenWebText,SEDD_anc,A_pertok,A_pertok,P4_cheaponly_mlp,hg,candidate within state,3,,,,,,,,,within_r2,,0.6512807265227789,,,,,,,positive,no,rescue_audit/results/,registry row 876,Registry inventory entry; exploratory unless promoted by a curated master-table row.
REGISTRY_0877,2026-08-31,exploratory,exploratory,SEDD_anc,169.6M,OpenWebText continuations,OpenWebText,SEDD_anc,A_pertok,A_pertok,P5_rff_g0.1,hg,candidate within state,3,,,,,,,,,within_r2,,0.6252240842170398,,,,,,,positive,no,rescue_audit/results/,registry row 877,Registry inventory entry; exploratory unless promoted by a curated master-table row.
REGISTRY_0878,2026-08-31,exploratory,exploratory,SEDD_anc,169.6M,OpenWebText continuations,OpenWebText,SEDD_anc,A_pertok,A_pertok,P5_rff_cheaponly_g0.1,hg,candidate within state,3,,,,,,,,,within_r2,,0.6492851277158993,,,,,,,positive,no,rescue_audit/results/,registry row 878,Registry inventory entry; exploratory unless promoted by a curated master-table row.
REGISTRY_0879,2026-08-31,exploratory,exploratory,SEDD_anc,169.6M,OpenWebText continuations,OpenWebText,SEDD_anc,A_pertok,A_pertok,P5_rff_g1,hg,candidate within state,3,,,,,,,,,within_r2,,0.5567618346631968,,,,,,,positive,no,rescue_audit/results/,registry row 879,Registry inventory entry; exploratory unless promoted by a curated master-table row.
REGISTRY_0880,2026-08-31,exploratory,exploratory,SEDD_anc,169.6M,OpenWebText continuations,OpenWebText,SEDD_anc,A_pertok,A_pertok,P5_rff_cheaponly_g1,hg,candidate within state,3,,,,,,,,,within_r2,,0.6464774379983027,,,,,,,positive,no,rescue_audit/results/,registry row 880,Registry inventory entry; exploratory unless promoted by a curated master-table row.
REGISTRY_0881,2026-08-31,exploratory,exploratory,SEDD_anc,169.6M,OpenWebText continuations,OpenWebText,SEDD_anc,A_pertok,A_pertok,P5_rff_g10,hg,candidate within state,3,,,,,,,,,within_r2,,0.0035041652341596397,,,,,,,positive,no,rescue_audit/results/,registry row 881,Registry inventory entry; exploratory unless promoted by a curated master-table row.
REGISTRY_0882,2026-08-31,exploratory,exploratory,SEDD_anc,169.6M,OpenWebText continuations,OpenWebText,SEDD_anc,A_pertok,A_pertok,P5_rff_cheaponly_g10,hg,candidate within state,3,,,,,,,,,within_r2,,0.5854472662659163,,,,,,,positive,no,rescue_audit/results/,registry row 882,Registry inventory entry; exploratory unless promoted by a curated master-table row.
REGISTRY_0883,2026-08-31,exploratory,exploratory,SEDD_anc,169.6M,OpenWebText continuations,OpenWebText,SEDD_anc,A_pertok,A_pertok,P5_poly2,hg,candidate within state,3,,,,,,,,,within_r2,,0.6266120358275784,,,,,,,positive,no,rescue_audit/results/,registry row 883,Registry inventory entry; exploratory unless promoted by a curated master-table row.
REGISTRY_0884,2026-08-31,exploratory,exploratory,SEDD_anc,169.6M,OpenWebText continuations,OpenWebText,SEDD_anc,A_pertok,A_pertok,P5_poly2_cheaponly,hg,candidate within state,3,,,,,,,,,within_r2,,0.644147981977663,,,,,,,positive,no,rescue_audit/results/,registry row 884,Registry inventory entry; exploratory unless promoted by a curated master-table row.
REGISTRY_0885,2026-08-31,exploratory,exploratory,SEDD_anc,169.6M,OpenWebText continuations,OpenWebText,SEDD_anc,A_pertok,A_pertok,P6_boost,hg,candidate within state,3,,,,,,,,,within_r2,,0.6548378314072196,,,,,,,positive,no,rescue_audit/results/,registry row 885,Registry inventory entry; exploratory unless promoted by a curated master-table row.
REGISTRY_0886,2026-08-31,exploratory,exploratory,SEDD_anc,169.6M,OpenWebText continuations,OpenWebText,SEDD_anc,A_pertok,A_pertok,P6_boost_cheaponly,hg,candidate within state,3,,,,,,,,,within_r2,,0.6434488146729129,,,,,,,positive,no,rescue_audit/results/,registry row 886,Registry inventory entry; exploratory unless promoted by a curated master-table row.
REGISTRY_0887,2026-08-31,exploratory,exploratory,SEDD_anc,169.6M,OpenWebText continuations,OpenWebText,SEDD_anc,A_pertok,A_pertok,P7k_pair_kron_d32,hg,candidate within state,3,,,,,,,,,within_r2,,0.0776446029719936,,,,,,,positive,no,rescue_audit/results/,registry row 887,Registry inventory entry; exploratory unless promoted by a curated master-table row.
REGISTRY_0888,2026-08-31,exploratory,exploratory,SEDD_anc,169.6M,OpenWebText continuations,OpenWebText,SEDD_anc,A_pertok,A_pertok,P7k_pair_hi_d32,hg,candidate within state,3,,,,,,,,,within_r2,,0.14338283984566924,,,,,,,positive,no,rescue_audit/results/,registry row 888,Registry inventory entry; exploratory unless promoted by a curated master-table row.
REGISTRY_0889,2026-08-31,exploratory,exploratory,SEDD_anc,169.6M,OpenWebText continuations,OpenWebText,SEDD_anc,A_pertok,A_pertok,P7_pair_hi,hg,candidate within state,3,,,,,,,,,within_r2,,0.1487167154475001,,,,,,,positive,no,rescue_audit/results/,registry row 889,Registry inventory entry; exploratory unless promoted by a curated master-table row.
REGISTRY_0890,2026-08-31,exploratory,exploratory,SEDD_anc,169.6M,OpenWebText continuations,OpenWebText,SEDD_anc,A_pertok,A_pertok,P7_pair_hi_x_hg,hg,candidate within state,3,,,,,,,,,within_r2,,0.12521143159146808,,,,,,,positive,no,rescue_audit/results/,registry row 890,Registry inventory entry; exploratory unless promoted by a curated master-table row.
REGISTRY_0891,2026-08-31,exploratory,exploratory,SEDD_anc,169.6M,OpenWebText continuations,OpenWebText,SEDD_anc,A_pertok,A_pertok,P8_ranknet_cand,hg,candidate within state,3,,,,,,,,,within_r2,,0.15373526975079088,,,,,,,positive,no,rescue_audit/results/,registry row 891,Registry inventory entry; exploratory unless promoted by a curated master-table row.
REGISTRY_0892,2026-08-31,exploratory,exploratory,SEDD_anc,169.6M,OpenWebText continuations,OpenWebText,SEDD_anc,A_pertok,A_pertok,P8_ranknet_cand_state,hg,candidate within state,3,,,,,,,,,within_r2,,0.14023296703562138,,,,,,,positive,no,rescue_audit/results/,registry row 892,Registry inventory entry; exploratory unless promoted by a curated master-table row.
REGISTRY_0893,2026-08-31,exploratory,exploratory,SEDD_anc,169.6M,OpenWebText continuations,OpenWebText,SEDD_anc,A_pertok,A_pertok,P8_ranknet_cheap,hg,candidate within state,3,,,,,,,,,within_r2,,0.6034014696641373,,,,,,,positive,no,rescue_audit/results/,registry row 893,Registry inventory entry; exploratory unless promoted by a curated master-table row.
REGISTRY_0894,2026-08-31,exploratory,exploratory,SEDD_anc,169.6M,OpenWebText continuations,OpenWebText,SEDD_anc,A_pertok,A_pertok,P8_ranknet_cheap_hidden,hg,candidate within state,3,,,,,,,,,within_r2,,0.5141341161747396,,,,,,,positive,no,rescue_audit/results/,registry row 894,Registry inventory entry; exploratory unless promoted by a curated master-table row.
REGISTRY_0895,2026-08-31,exploratory,exploratory,SEDD_anc,169.6M,OpenWebText continuations,OpenWebText,SEDD_anc,A_pertok,A_pertok,P9_list_hidden,hg,candidate within state,3,,,,,,,,,within_r2,,0.5264456735189276,,,,,,,positive,no,rescue_audit/results/,registry row 895,Registry inventory entry; exploratory unless promoted by a curated master-table row.
REGISTRY_0896,2026-08-31,exploratory,exploratory,SEDD_anc,169.6M,OpenWebText continuations,OpenWebText,SEDD_anc,A_pertok,A_pertok,P9_list_cheap,hg,candidate within state,3,,,,,,,,,within_r2,,0.6478494400835899,,,,,,,positive,no,rescue_audit/results/,registry row 896,Registry inventory entry; exploratory unless promoted by a curated master-table row.
REGISTRY_0897,2026-08-31,exploratory,exploratory,SEDD_anc,169.6M,OpenWebText continuations,OpenWebText,SEDD_anc,A_pertok,A_pertok,P13_pls,hg,candidate within state,3,,,,,,,,,within_r2,,0.19226836359208133,,,,,,,positive,no,rescue_audit/results/,registry row 897,Registry inventory entry; exploratory unless promoted by a curated master-table row.
REGISTRY_0898,2026-08-31,exploratory,exploratory,SEDD_anc,169.6M,OpenWebText continuations,OpenWebText,SEDD_anc,A_pertok,A_pertok,P0_cheap,hg,candidate within state,6,,,,,,,,,within_r2,,0.6455679403505508,,,,,,,positive,no,rescue_audit/results/,registry row 898,Registry inventory entry; exploratory unless promoted by a curated master-table row.
REGISTRY_0899,2026-08-31,exploratory,exploratory,SEDD_anc,169.6M,OpenWebText continuations,OpenWebText,SEDD_anc,A_pertok,A_pertok,P0_hi,hg,candidate within state,6,,,,,,,,,within_r2,,0.17274018825315085,,,,,,,positive,no,rescue_audit/results/,registry row 899,Registry inventory entry; exploratory unless promoted by a curated master-table row.
REGISTRY_0900,2026-08-31,exploratory,exploratory,SEDD_anc,169.6M,OpenWebText continuations,OpenWebText,SEDD_anc,A_pertok,A_pertok,P0_hg,hg,candidate within state,6,,,,,,,,,within_r2,,0.0,,,,,,,negative_or_zero,no,rescue_audit/results/,registry row 900,Registry inventory entry; exploratory unless promoted by a curated master-table row.
REGISTRY_0901,2026-08-31,exploratory,exploratory,SEDD_anc,169.6M,OpenWebText continuations,OpenWebText,SEDD_anc,A_pertok,A_pertok,P0_hi_hg,hg,candidate within state,6,,,,,,,,,within_r2,,0.26253294534998806,,,,,,,positive,no,rescue_audit/results/,registry row 901,Registry inventory entry; exploratory unless promoted by a curated master-table row.
REGISTRY_0902,2026-08-31,exploratory,exploratory,SEDD_anc,169.6M,OpenWebText continuations,OpenWebText,SEDD_anc,A_pertok,A_pertok,P0_cheap+hi,hg,candidate within state,6,,,,,,,,,within_r2,,0.6476042501660942,,,,,,,positive,no,rescue_audit/results/,registry row 902,Registry inventory entry; exploratory unless promoted by a curated master-table row.
REGISTRY_0903,2026-08-31,exploratory,exploratory,SEDD_anc,169.6M,OpenWebText continuations,OpenWebText,SEDD_anc,A_pertok,A_pertok,P0_cheap+H,hg,candidate within state,6,,,,,,,,,within_r2,,0.6595399026762638,,,,,,,positive,no,rescue_audit/results/,registry row 903,Registry inventory entry; exploratory unless promoted by a curated master-table row.
REGISTRY_0904,2026-08-31,exploratory,exploratory,SEDD_anc,169.6M,OpenWebText continuations,OpenWebText,SEDD_anc,A_pertok,A_pertok,P2_bilinear_r2,hg,candidate within state,6,,,,,,,,,within_r2,,0.5807012164603071,,,,,,,positive,no,rescue_audit/results/,registry row 904,Registry inventory entry; exploratory unless promoted by a curated master-table row.
REGISTRY_0905,2026-08-31,exploratory,exploratory,SEDD_anc,169.6M,OpenWebText continuations,OpenWebText,SEDD_anc,A_pertok,A_pertok,P2_bilinear_r4,hg,candidate within state,6,,,,,,,,,within_r2,,0.5376000407015801,,,,,,,positive,no,rescue_audit/results/,registry row 905,Registry inventory entry; exploratory unless promoted by a curated master-table row.
REGISTRY_0906,2026-08-31,exploratory,exploratory,SEDD_anc,169.6M,OpenWebText continuations,OpenWebText,SEDD_anc,A_pertok,A_pertok,P2_bilinear_r8,hg,candidate within state,6,,,,,,,,,within_r2,,0.46357638162298986,,,,,,,positive,no,rescue_audit/results/,registry row 906,Registry inventory entry; exploratory unless promoted by a curated master-table row.
REGISTRY_0907,2026-08-31,exploratory,exploratory,SEDD_anc,169.6M,OpenWebText continuations,OpenWebText,SEDD_anc,A_pertok,A_pertok,P2_bilinear_r16,hg,candidate within state,6,,,,,,,,,within_r2,,0.09420031673660778,,,,,,,positive,no,rescue_audit/results/,registry row 907,Registry inventory entry; exploratory unless promoted by a curated master-table row.
REGISTRY_0908,2026-08-31,exploratory,exploratory,SEDD_anc,169.6M,OpenWebText continuations,OpenWebText,SEDD_anc,A_pertok,A_pertok,P2_bilinear_r32,hg,candidate within state,6,,,,,,,,,within_r2,,-1.0987128846958525,,,,,,,negative_or_zero,no,rescue_audit/results/,registry row 908,Registry inventory entry; exploratory unless promoted by a curated master-table row.
REGISTRY_0909,2026-08-31,exploratory,exploratory,SEDD_anc,169.6M,OpenWebText continuations,OpenWebText,SEDD_anc,A_pertok,A_pertok,P2_bilinear_r64,hg,candidate within state,6,,,,,,,,,within_r2,,-8.086476244204016,,,,,,,negative_or_zero,no,rescue_audit/results/,registry row 909,Registry inventory entry; exploratory unless promoted by a curated master-table row.
REGISTRY_0910,2026-08-31,exploratory,exploratory,SEDD_anc,169.6M,OpenWebText continuations,OpenWebText,SEDD_anc,A_pertok,A_pertok,P2_bilinear_best,hg,candidate within state,6,,,,,,,,,within_r2,,0.5807012164603071,,,,,,,positive,no,rescue_audit/results/,registry row 910,Registry inventory entry; exploratory unless promoted by a curated master-table row.
REGISTRY_0911,2026-08-31,exploratory,exploratory,SEDD_anc,169.6M,OpenWebText continuations,OpenWebText,SEDD_anc,A_pertok,A_pertok,P2_bilinear_r1,hg,candidate within state,6,,,,,,,,,within_r2,,0.6016009189461936,,,,,,,positive,no,rescue_audit/results/,registry row 911,Registry inventory entry; exploratory unless promoted by a curated master-table row.
REGISTRY_0912,2026-08-31,exploratory,exploratory,SEDD_anc,169.6M,OpenWebText continuations,OpenWebText,SEDD_anc,A_pertok,A_pertok,P2k_kron_d16,hg,candidate within state,6,,,,,,,,,within_r2,,0.6451761046965532,,,,,,,positive,no,rescue_audit/results/,registry row 912,Registry inventory entry; exploratory unless promoted by a curated master-table row.
REGISTRY_0913,2026-08-31,exploratory,exploratory,SEDD_anc,169.6M,OpenWebText continuations,OpenWebText,SEDD_anc,A_pertok,A_pertok,P2k_kroneOnly_d16,hg,candidate within state,6,,,,,,,,,within_r2,,0.6455044809167891,,,,,,,positive,no,rescue_audit/results/,registry row 913,Registry inventory entry; exploratory unless promoted by a curated master-table row.
REGISTRY_0914,2026-08-31,exploratory,exploratory,SEDD_anc,169.6M,OpenWebText continuations,OpenWebText,SEDD_anc,A_pertok,A_pertok,P2k_additive_d16,hg,candidate within state,6,,,,,,,,,within_r2,,0.6585834912974311,,,,,,,positive,no,rescue_audit/results/,registry row 914,Registry inventory entry; exploratory unless promoted by a curated master-table row.
REGISTRY_0915,2026-08-31,exploratory,exploratory,SEDD_anc,169.6M,OpenWebText continuations,OpenWebText,SEDD_anc,A_pertok,A_pertok,P2k_kron_wc_d16,hg,candidate within state,6,,,,,,,,,within_r2,,0.625241664134619,,,,,,,positive,no,rescue_audit/results/,registry row 915,Registry inventory entry; exploratory unless promoted by a curated master-table row.
REGISTRY_0916,2026-08-31,exploratory,exploratory,SEDD_anc,169.6M,OpenWebText continuations,OpenWebText,SEDD_anc,A_pertok,A_pertok,P2k_additive_wc_d16,hg,candidate within state,6,,,,,,,,,within_r2,,0.6357594783231701,,,,,,,positive,no,rescue_audit/results/,registry row 916,Registry inventory entry; exploratory unless promoted by a curated master-table row.
REGISTRY_0917,2026-08-31,exploratory,exploratory,SEDD_anc,169.6M,OpenWebText continuations,OpenWebText,SEDD_anc,A_pertok,A_pertok,P2k_kron_d32,hg,candidate within state,6,,,,,,,,,within_r2,,0.645940511645155,,,,,,,positive,no,rescue_audit/results/,registry row 917,Registry inventory entry; exploratory unless promoted by a curated master-table row.
REGISTRY_0918,2026-08-31,exploratory,exploratory,SEDD_anc,169.6M,OpenWebText continuations,OpenWebText,SEDD_anc,A_pertok,A_pertok,P2k_kroneOnly_d32,hg,candidate within state,6,,,,,,,,,within_r2,,0.6451492569920343,,,,,,,positive,no,rescue_audit/results/,registry row 918,Registry inventory entry; exploratory unless promoted by a curated master-table row.
REGISTRY_0919,2026-08-31,exploratory,exploratory,SEDD_anc,169.6M,OpenWebText continuations,OpenWebText,SEDD_anc,A_pertok,A_pertok,P2k_additive_d32,hg,candidate within state,6,,,,,,,,,within_r2,,0.6587126090417315,,,,,,,positive,no,rescue_audit/results/,registry row 919,Registry inventory entry; exploratory unless promoted by a curated master-table row.
REGISTRY_0920,2026-08-31,exploratory,exploratory,SEDD_anc,169.6M,OpenWebText continuations,OpenWebText,SEDD_anc,A_pertok,A_pertok,P2k_kron_wc_d32,hg,candidate within state,6,,,,,,,,,within_r2,,0.6269298433072857,,,,,,,positive,no,rescue_audit/results/,registry row 920,Registry inventory entry; exploratory unless promoted by a curated master-table row.
REGISTRY_0921,2026-08-31,exploratory,exploratory,SEDD_anc,169.6M,OpenWebText continuations,OpenWebText,SEDD_anc,A_pertok,A_pertok,P2k_additive_wc_d32,hg,candidate within state,6,,,,,,,,,within_r2,,0.6366728418830325,,,,,,,positive,no,rescue_audit/results/,registry row 921,Registry inventory entry; exploratory unless promoted by a curated master-table row.
REGISTRY_0922,2026-08-31,exploratory,exploratory,SEDD_anc,169.6M,OpenWebText continuations,OpenWebText,SEDD_anc,A_pertok,A_pertok,P3_film,hg,candidate within state,6,,,,,,,,,within_r2,,0.5562663953220102,,,,,,,positive,no,rescue_audit/results/,registry row 922,Registry inventory entry; exploratory unless promoted by a curated master-table row.
REGISTRY_0923,2026-08-31,exploratory,exploratory,SEDD_anc,169.6M,OpenWebText continuations,OpenWebText,SEDD_anc,A_pertok,A_pertok,P4_relmlp_w128,hg,candidate within state,6,,,,,,,,,within_r2,,0.5500035903074261,,,,,,,positive,no,rescue_audit/results/,registry row 923,Registry inventory entry; exploratory unless promoted by a curated master-table row.
REGISTRY_0924,2026-08-31,exploratory,exploratory,SEDD_anc,169.6M,OpenWebText continuations,OpenWebText,SEDD_anc,A_pertok,A_pertok,P4_relmlp_w512,hg,candidate within state,6,,,,,,,,,within_r2,,0.5749287466454445,,,,,,,positive,no,rescue_audit/results/,registry row 924,Registry inventory entry; exploratory unless promoted by a curated master-table row.
REGISTRY_0925,2026-08-31,exploratory,exploratory,SEDD_anc,169.6M,OpenWebText continuations,OpenWebText,SEDD_anc,A_pertok,A_pertok,P4_cheaponly_mlp,hg,candidate within state,6,,,,,,,,,within_r2,,0.6512807265227789,,,,,,,positive,no,rescue_audit/results/,registry row 925,Registry inventory entry; exploratory unless promoted by a curated master-table row.
REGISTRY_0926,2026-08-31,exploratory,exploratory,SEDD_anc,169.6M,OpenWebText continuations,OpenWebText,SEDD_anc,A_pertok,A_pertok,P5_rff_g0.1,hg,candidate within state,6,,,,,,,,,within_r2,,0.6310815841310264,,,,,,,positive,no,rescue_audit/results/,registry row 926,Registry inventory entry; exploratory unless promoted by a curated master-table row.
REGISTRY_0927,2026-08-31,exploratory,exploratory,SEDD_anc,169.6M,OpenWebText continuations,OpenWebText,SEDD_anc,A_pertok,A_pertok,P5_rff_cheaponly_g0.1,hg,candidate within state,6,,,,,,,,,within_r2,,0.6492851277158993,,,,,,,positive,no,rescue_audit/results/,registry row 927,Registry inventory entry; exploratory unless promoted by a curated master-table row.
REGISTRY_0928,2026-08-31,exploratory,exploratory,SEDD_anc,169.6M,OpenWebText continuations,OpenWebText,SEDD_anc,A_pertok,A_pertok,P5_rff_g1,hg,candidate within state,6,,,,,,,,,within_r2,,0.5737619019328477,,,,,,,positive,no,rescue_audit/results/,registry row 928,Registry inventory entry; exploratory unless promoted by a curated master-table row.
REGISTRY_0929,2026-08-31,exploratory,exploratory,SEDD_anc,169.6M,OpenWebText continuations,OpenWebText,SEDD_anc,A_pertok,A_pertok,P5_rff_cheaponly_g1,hg,candidate within state,6,,,,,,,,,within_r2,,0.6464774379983027,,,,,,,positive,no,rescue_audit/results/,registry row 929,Registry inventory entry; exploratory unless promoted by a curated master-table row.
REGISTRY_0930,2026-08-31,exploratory,exploratory,SEDD_anc,169.6M,OpenWebText continuations,OpenWebText,SEDD_anc,A_pertok,A_pertok,P5_rff_g10,hg,candidate within state,6,,,,,,,,,within_r2,,0.0007423540249364979,,,,,,,positive,no,rescue_audit/results/,registry row 930,Registry inventory entry; exploratory unless promoted by a curated master-table row.
REGISTRY_0931,2026-08-31,exploratory,exploratory,SEDD_anc,169.6M,OpenWebText continuations,OpenWebText,SEDD_anc,A_pertok,A_pertok,P5_rff_cheaponly_g10,hg,candidate within state,6,,,,,,,,,within_r2,,0.5854472662659163,,,,,,,positive,no,rescue_audit/results/,registry row 931,Registry inventory entry; exploratory unless promoted by a curated master-table row.
REGISTRY_0932,2026-08-31,exploratory,exploratory,SEDD_anc,169.6M,OpenWebText continuations,OpenWebText,SEDD_anc,A_pertok,A_pertok,P5_poly2,hg,candidate within state,6,,,,,,,,,within_r2,,0.6236379851889836,,,,,,,positive,no,rescue_audit/results/,registry row 932,Registry inventory entry; exploratory unless promoted by a curated master-table row.
REGISTRY_0933,2026-08-31,exploratory,exploratory,SEDD_anc,169.6M,OpenWebText continuations,OpenWebText,SEDD_anc,A_pertok,A_pertok,P5_poly2_cheaponly,hg,candidate within state,6,,,,,,,,,within_r2,,0.644147981977663,,,,,,,positive,no,rescue_audit/results/,registry row 933,Registry inventory entry; exploratory unless promoted by a curated master-table row.
REGISTRY_0934,2026-08-31,exploratory,exploratory,SEDD_anc,169.6M,OpenWebText continuations,OpenWebText,SEDD_anc,A_pertok,A_pertok,P6_boost,hg,candidate within state,6,,,,,,,,,within_r2,,0.6601283028756093,,,,,,,positive,no,rescue_audit/results/,registry row 934,Registry inventory entry; exploratory unless promoted by a curated master-table row.
REGISTRY_0935,2026-08-31,exploratory,exploratory,SEDD_anc,169.6M,OpenWebText continuations,OpenWebText,SEDD_anc,A_pertok,A_pertok,P6_boost_cheaponly,hg,candidate within state,6,,,,,,,,,within_r2,,0.6434488146729129,,,,,,,positive,no,rescue_audit/results/,registry row 935,Registry inventory entry; exploratory unless promoted by a curated master-table row.
REGISTRY_0936,2026-08-31,exploratory,exploratory,SEDD_anc,169.6M,OpenWebText continuations,OpenWebText,SEDD_anc,A_pertok,A_pertok,P7k_pair_kron_d32,hg,candidate within state,6,,,,,,,,,within_r2,,0.13508818920704524,,,,,,,positive,no,rescue_audit/results/,registry row 936,Registry inventory entry; exploratory unless promoted by a curated master-table row.
REGISTRY_0937,2026-08-31,exploratory,exploratory,SEDD_anc,169.6M,OpenWebText continuations,OpenWebText,SEDD_anc,A_pertok,A_pertok,P7k_pair_hi_d32,hg,candidate within state,6,,,,,,,,,within_r2,,0.17160080319155324,,,,,,,positive,no,rescue_audit/results/,registry row 937,Registry inventory entry; exploratory unless promoted by a curated master-table row.
REGISTRY_0938,2026-08-31,exploratory,exploratory,SEDD_anc,169.6M,OpenWebText continuations,OpenWebText,SEDD_anc,A_pertok,A_pertok,P7_pair_hi,hg,candidate within state,6,,,,,,,,,within_r2,,0.19373203939967243,,,,,,,positive,no,rescue_audit/results/,registry row 938,Registry inventory entry; exploratory unless promoted by a curated master-table row.
REGISTRY_0939,2026-08-31,exploratory,exploratory,SEDD_anc,169.6M,OpenWebText continuations,OpenWebText,SEDD_anc,A_pertok,A_pertok,P7_pair_hi_x_hg,hg,candidate within state,6,,,,,,,,,within_r2,,0.19699872357734605,,,,,,,positive,no,rescue_audit/results/,registry row 939,Registry inventory entry; exploratory unless promoted by a curated master-table row.
REGISTRY_0940,2026-08-31,exploratory,exploratory,SEDD_anc,169.6M,OpenWebText continuations,OpenWebText,SEDD_anc,A_pertok,A_pertok,P8_ranknet_cand,hg,candidate within state,6,,,,,,,,,within_r2,,0.20159644468951243,,,,,,,positive,no,rescue_audit/results/,registry row 940,Registry inventory entry; exploratory unless promoted by a curated master-table row.
REGISTRY_0941,2026-08-31,exploratory,exploratory,SEDD_anc,169.6M,OpenWebText continuations,OpenWebText,SEDD_anc,A_pertok,A_pertok,P8_ranknet_cand_state,hg,candidate within state,6,,,,,,,,,within_r2,,0.1863000096066908,,,,,,,positive,no,rescue_audit/results/,registry row 941,Registry inventory entry; exploratory unless promoted by a curated master-table row.
REGISTRY_0942,2026-08-31,exploratory,exploratory,SEDD_anc,169.6M,OpenWebText continuations,OpenWebText,SEDD_anc,A_pertok,A_pertok,P8_ranknet_cheap,hg,candidate within state,6,,,,,,,,,within_r2,,0.6034014696641373,,,,,,,positive,no,rescue_audit/results/,registry row 942,Registry inventory entry; exploratory unless promoted by a curated master-table row.
REGISTRY_0943,2026-08-31,exploratory,exploratory,SEDD_anc,169.6M,OpenWebText continuations,OpenWebText,SEDD_anc,A_pertok,A_pertok,P8_ranknet_cheap_hidden,hg,candidate within state,6,,,,,,,,,within_r2,,0.5313495546227144,,,,,,,positive,no,rescue_audit/results/,registry row 943,Registry inventory entry; exploratory unless promoted by a curated master-table row.
REGISTRY_0944,2026-08-31,exploratory,exploratory,SEDD_anc,169.6M,OpenWebText continuations,OpenWebText,SEDD_anc,A_pertok,A_pertok,P9_list_hidden,hg,candidate within state,6,,,,,,,,,within_r2,,0.5092433862428669,,,,,,,positive,no,rescue_audit/results/,registry row 944,Registry inventory entry; exploratory unless promoted by a curated master-table row.
REGISTRY_0945,2026-08-31,exploratory,exploratory,SEDD_anc,169.6M,OpenWebText continuations,OpenWebText,SEDD_anc,A_pertok,A_pertok,P9_list_cheap,hg,candidate within state,6,,,,,,,,,within_r2,,0.6478494400835899,,,,,,,positive,no,rescue_audit/results/,registry row 945,Registry inventory entry; exploratory unless promoted by a curated master-table row.
REGISTRY_0946,2026-08-31,exploratory,exploratory,SEDD_anc,169.6M,OpenWebText continuations,OpenWebText,SEDD_anc,A_pertok,A_pertok,P13_pls,hg,candidate within state,6,,,,,,,,,within_r2,,0.240574214656463,,,,,,,positive,no,rescue_audit/results/,registry row 946,Registry inventory entry; exploratory unless promoted by a curated master-table row.
REGISTRY_0947,2026-08-31,exploratory,exploratory,SEDD_anc,169.6M,OpenWebText continuations,OpenWebText,SEDD_anc,A_pertok,A_pertok,P0_cheap,hg,candidate within state,9,,,,,,,,,within_r2,,0.6455679403505508,,,,,,,positive,no,rescue_audit/results/,registry row 947,Registry inventory entry; exploratory unless promoted by a curated master-table row.
REGISTRY_0948,2026-08-31,exploratory,exploratory,SEDD_anc,169.6M,OpenWebText continuations,OpenWebText,SEDD_anc,A_pertok,A_pertok,P0_hi,hg,candidate within state,9,,,,,,,,,within_r2,,0.2586021064518159,,,,,,,positive,no,rescue_audit/results/,registry row 948,Registry inventory entry; exploratory unless promoted by a curated master-table row.
REGISTRY_0949,2026-08-31,exploratory,exploratory,SEDD_anc,169.6M,OpenWebText continuations,OpenWebText,SEDD_anc,A_pertok,A_pertok,P0_hg,hg,candidate within state,9,,,,,,,,,within_r2,,0.0,,,,,,,negative_or_zero,no,rescue_audit/results/,registry row 949,Registry inventory entry; exploratory unless promoted by a curated master-table row.
REGISTRY_0950,2026-08-31,exploratory,exploratory,SEDD_anc,169.6M,OpenWebText continuations,OpenWebText,SEDD_anc,A_pertok,A_pertok,P0_hi_hg,hg,candidate within state,9,,,,,,,,,within_r2,,0.34403751445285224,,,,,,,positive,no,rescue_audit/results/,registry row 950,Registry inventory entry; exploratory unless promoted by a curated master-table row.
REGISTRY_0951,2026-08-31,exploratory,exploratory,SEDD_anc,169.6M,OpenWebText continuations,OpenWebText,SEDD_anc,A_pertok,A_pertok,P0_cheap+hi,hg,candidate within state,9,,,,,,,,,within_r2,,0.6509884541861192,,,,,,,positive,no,rescue_audit/results/,registry row 951,Registry inventory entry; exploratory unless promoted by a curated master-table row.
REGISTRY_0952,2026-08-31,exploratory,exploratory,SEDD_anc,169.6M,OpenWebText continuations,OpenWebText,SEDD_anc,A_pertok,A_pertok,P0_cheap+H,hg,candidate within state,9,,,,,,,,,within_r2,,0.6613145500064563,,,,,,,positive,no,rescue_audit/results/,registry row 952,Registry inventory entry; exploratory unless promoted by a curated master-table row.
REGISTRY_0953,2026-08-31,exploratory,exploratory,SEDD_anc,169.6M,OpenWebText continuations,OpenWebText,SEDD_anc,A_pertok,A_pertok,P2_bilinear_r2,hg,candidate within state,9,,,,,,,,,within_r2,,0.5846899510073298,,,,,,,positive,no,rescue_audit/results/,registry row 953,Registry inventory entry; exploratory unless promoted by a curated master-table row.
REGISTRY_0954,2026-08-31,exploratory,exploratory,SEDD_anc,169.6M,OpenWebText continuations,OpenWebText,SEDD_anc,A_pertok,A_pertok,P2_bilinear_r4,hg,candidate within state,9,,,,,,,,,within_r2,,0.5606866977171836,,,,,,,positive,no,rescue_audit/results/,registry row 954,Registry inventory entry; exploratory unless promoted by a curated master-table row.
REGISTRY_0955,2026-08-31,exploratory,exploratory,SEDD_anc,169.6M,OpenWebText continuations,OpenWebText,SEDD_anc,A_pertok,A_pertok,P2_bilinear_r8,hg,candidate within state,9,,,,,,,,,within_r2,,0.44581065526468644,,,,,,,positive,no,rescue_audit/results/,registry row 955,Registry inventory entry; exploratory unless promoted by a curated master-table row.
REGISTRY_0956,2026-08-31,exploratory,exploratory,SEDD_anc,169.6M,OpenWebText continuations,OpenWebText,SEDD_anc,A_pertok,A_pertok,P2_bilinear_r16,hg,candidate within state,9,,,,,,,,,within_r2,,0.21111308099399861,,,,,,,positive,no,rescue_audit/results/,registry row 956,Registry inventory entry; exploratory unless promoted by a curated master-table row.
REGISTRY_0957,2026-08-31,exploratory,exploratory,SEDD_anc,169.6M,OpenWebText continuations,OpenWebText,SEDD_anc,A_pertok,A_pertok,P2_bilinear_r32,hg,candidate within state,9,,,,,,,,,within_r2,,-0.839115356549708,,,,,,,negative_or_zero,no,rescue_audit/results/,registry row 957,Registry inventory entry; exploratory unless promoted by a curated master-table row.
REGISTRY_0958,2026-08-31,exploratory,exploratory,SEDD_anc,169.6M,OpenWebText continuations,OpenWebText,SEDD_anc,A_pertok,A_pertok,P2_bilinear_r64,hg,candidate within state,9,,,,,,,,,within_r2,,-5.370302880266248,,,,,,,negative_or_zero,no,rescue_audit/results/,registry row 958,Registry inventory entry; exploratory unless promoted by a curated master-table row.
REGISTRY_0959,2026-08-31,exploratory,exploratory,SEDD_anc,169.6M,OpenWebText continuations,OpenWebText,SEDD_anc,A_pertok,A_pertok,P2_bilinear_best,hg,candidate within state,9,,,,,,,,,within_r2,,0.5846899510073298,,,,,,,positive,no,rescue_audit/results/,registry row 959,Registry inventory entry; exploratory unless promoted by a curated master-table row.
REGISTRY_0960,2026-08-31,exploratory,exploratory,SEDD_anc,169.6M,OpenWebText continuations,OpenWebText,SEDD_anc,A_pertok,A_pertok,P2_bilinear_r1,hg,candidate within state,9,,,,,,,,,within_r2,,0.6307481006464377,,,,,,,positive,no,rescue_audit/results/,registry row 960,Registry inventory entry; exploratory unless promoted by a curated master-table row.
REGISTRY_0961,2026-08-31,exploratory,exploratory,SEDD_anc,169.6M,OpenWebText continuations,OpenWebText,SEDD_anc,A_pertok,A_pertok,P2k_kron_d16,hg,candidate within state,9,,,,,,,,,within_r2,,0.650915365014394,,,,,,,positive,no,rescue_audit/results/,registry row 961,Registry inventory entry; exploratory unless promoted by a curated master-table row.
REGISTRY_0962,2026-08-31,exploratory,exploratory,SEDD_anc,169.6M,OpenWebText continuations,OpenWebText,SEDD_anc,A_pertok,A_pertok,P2k_kroneOnly_d16,hg,candidate within state,9,,,,,,,,,within_r2,,0.6461086094792116,,,,,,,positive,no,rescue_audit/results/,registry row 962,Registry inventory entry; exploratory unless promoted by a curated master-table row.
REGISTRY_0963,2026-08-31,exploratory,exploratory,SEDD_anc,169.6M,OpenWebText continuations,OpenWebText,SEDD_anc,A_pertok,A_pertok,P2k_additive_d16,hg,candidate within state,9,,,,,,,,,within_r2,,0.6590035496145531,,,,,,,positive,no,rescue_audit/results/,registry row 963,Registry inventory entry; exploratory unless promoted by a curated master-table row.
REGISTRY_0964,2026-08-31,exploratory,exploratory,SEDD_anc,169.6M,OpenWebText continuations,OpenWebText,SEDD_anc,A_pertok,A_pertok,P2k_kron_wc_d16,hg,candidate within state,9,,,,,,,,,within_r2,,0.6323140335395505,,,,,,,positive,no,rescue_audit/results/,registry row 964,Registry inventory entry; exploratory unless promoted by a curated master-table row.
REGISTRY_0965,2026-08-31,exploratory,exploratory,SEDD_anc,169.6M,OpenWebText continuations,OpenWebText,SEDD_anc,A_pertok,A_pertok,P2k_additive_wc_d16,hg,candidate within state,9,,,,,,,,,within_r2,,0.637342540586351,,,,,,,positive,no,rescue_audit/results/,registry row 965,Registry inventory entry; exploratory unless promoted by a curated master-table row.
REGISTRY_0966,2026-08-31,exploratory,exploratory,SEDD_anc,169.6M,OpenWebText continuations,OpenWebText,SEDD_anc,A_pertok,A_pertok,P2k_kron_d32,hg,candidate within state,9,,,,,,,,,within_r2,,0.6468787110026893,,,,,,,positive,no,rescue_audit/results/,registry row 966,Registry inventory entry; exploratory unless promoted by a curated master-table row.
REGISTRY_0967,2026-08-31,exploratory,exploratory,SEDD_anc,169.6M,OpenWebText continuations,OpenWebText,SEDD_anc,A_pertok,A_pertok,P2k_kroneOnly_d32,hg,candidate within state,9,,,,,,,,,within_r2,,0.6460008566097262,,,,,,,positive,no,rescue_audit/results/,registry row 967,Registry inventory entry; exploratory unless promoted by a curated master-table row.
REGISTRY_0968,2026-08-31,exploratory,exploratory,SEDD_anc,169.6M,OpenWebText continuations,OpenWebText,SEDD_anc,A_pertok,A_pertok,P2k_additive_d32,hg,candidate within state,9,,,,,,,,,within_r2,,0.6592032543445703,,,,,,,positive,no,rescue_audit/results/,registry row 968,Registry inventory entry; exploratory unless promoted by a curated master-table row.
REGISTRY_0969,2026-08-31,exploratory,exploratory,SEDD_anc,169.6M,OpenWebText continuations,OpenWebText,SEDD_anc,A_pertok,A_pertok,P2k_kron_wc_d32,hg,candidate within state,9,,,,,,,,,within_r2,,0.6291467424749976,,,,,,,positive,no,rescue_audit/results/,registry row 969,Registry inventory entry; exploratory unless promoted by a curated master-table row.
REGISTRY_0970,2026-08-31,exploratory,exploratory,SEDD_anc,169.6M,OpenWebText continuations,OpenWebText,SEDD_anc,A_pertok,A_pertok,P2k_additive_wc_d32,hg,candidate within state,9,,,,,,,,,within_r2,,0.6381714421291407,,,,,,,positive,no,rescue_audit/results/,registry row 970,Registry inventory entry; exploratory unless promoted by a curated master-table row.
REGISTRY_0971,2026-08-31,exploratory,exploratory,SEDD_anc,169.6M,OpenWebText continuations,OpenWebText,SEDD_anc,A_pertok,A_pertok,P3_film,hg,candidate within state,9,,,,,,,,,within_r2,,0.5766234160929461,,,,,,,positive,no,rescue_audit/results/,registry row 971,Registry inventory entry; exploratory unless promoted by a curated master-table row.
REGISTRY_0972,2026-08-31,exploratory,exploratory,SEDD_anc,169.6M,OpenWebText continuations,OpenWebText,SEDD_anc,A_pertok,A_pertok,P4_relmlp_w128,hg,candidate within state,9,,,,,,,,,within_r2,,0.5615102925321437,,,,,,,positive,no,rescue_audit/results/,registry row 972,Registry inventory entry; exploratory unless promoted by a curated master-table row.
REGISTRY_0973,2026-08-31,exploratory,exploratory,SEDD_anc,169.6M,OpenWebText continuations,OpenWebText,SEDD_anc,A_pertok,A_pertok,P4_relmlp_w512,hg,candidate within state,9,,,,,,,,,within_r2,,0.5758785303559903,,,,,,,positive,no,rescue_audit/results/,registry row 973,Registry inventory entry; exploratory unless promoted by a curated master-table row.
REGISTRY_0974,2026-08-31,exploratory,exploratory,SEDD_anc,169.6M,OpenWebText continuations,OpenWebText,SEDD_anc,A_pertok,A_pertok,P4_cheaponly_mlp,hg,candidate within state,9,,,,,,,,,within_r2,,0.6512807265227789,,,,,,,positive,no,rescue_audit/results/,registry row 974,Registry inventory entry; exploratory unless promoted by a curated master-table row.
REGISTRY_0975,2026-08-31,exploratory,exploratory,SEDD_anc,169.6M,OpenWebText continuations,OpenWebText,SEDD_anc,A_pertok,A_pertok,P5_rff_g0.1,hg,candidate within state,9,,,,,,,,,within_r2,,0.6330064988785782,,,,,,,positive,no,rescue_audit/results/,registry row 975,Registry inventory entry; exploratory unless promoted by a curated master-table row.
REGISTRY_0976,2026-08-31,exploratory,exploratory,SEDD_anc,169.6M,OpenWebText continuations,OpenWebText,SEDD_anc,A_pertok,A_pertok,P5_rff_cheaponly_g0.1,hg,candidate within state,9,,,,,,,,,within_r2,,0.6492851277158993,,,,,,,positive,no,rescue_audit/results/,registry row 976,Registry inventory entry; exploratory unless promoted by a curated master-table row.
REGISTRY_0977,2026-08-31,exploratory,exploratory,SEDD_anc,169.6M,OpenWebText continuations,OpenWebText,SEDD_anc,A_pertok,A_pertok,P5_rff_g1,hg,candidate within state,9,,,,,,,,,within_r2,,0.5666469304000863,,,,,,,positive,no,rescue_audit/results/,registry row 977,Registry inventory entry; exploratory unless promoted by a curated master-table row.
REGISTRY_0978,2026-08-31,exploratory,exploratory,SEDD_anc,169.6M,OpenWebText continuations,OpenWebText,SEDD_anc,A_pertok,A_pertok,P5_rff_cheaponly_g1,hg,candidate within state,9,,,,,,,,,within_r2,,0.6464774379983027,,,,,,,positive,no,rescue_audit/results/,registry row 978,Registry inventory entry; exploratory unless promoted by a curated master-table row.
REGISTRY_0979,2026-08-31,exploratory,exploratory,SEDD_anc,169.6M,OpenWebText continuations,OpenWebText,SEDD_anc,A_pertok,A_pertok,P5_rff_g10,hg,candidate within state,9,,,,,,,,,within_r2,,0.0027308452823977536,,,,,,,positive,no,rescue_audit/results/,registry row 979,Registry inventory entry; exploratory unless promoted by a curated master-table row.
REGISTRY_0980,2026-08-31,exploratory,exploratory,SEDD_anc,169.6M,OpenWebText continuations,OpenWebText,SEDD_anc,A_pertok,A_pertok,P5_rff_cheaponly_g10,hg,candidate within state,9,,,,,,,,,within_r2,,0.5854472662659163,,,,,,,positive,no,rescue_audit/results/,registry row 980,Registry inventory entry; exploratory unless promoted by a curated master-table row.
REGISTRY_0981,2026-08-31,exploratory,exploratory,SEDD_anc,169.6M,OpenWebText continuations,OpenWebText,SEDD_anc,A_pertok,A_pertok,P5_poly2,hg,candidate within state,9,,,,,,,,,within_r2,,0.622714026266187,,,,,,,positive,no,rescue_audit/results/,registry row 981,Registry inventory entry; exploratory unless promoted by a curated master-table row.
REGISTRY_0982,2026-08-31,exploratory,exploratory,SEDD_anc,169.6M,OpenWebText continuations,OpenWebText,SEDD_anc,A_pertok,A_pertok,P5_poly2_cheaponly,hg,candidate within state,9,,,,,,,,,within_r2,,0.644147981977663,,,,,,,positive,no,rescue_audit/results/,registry row 982,Registry inventory entry; exploratory unless promoted by a curated master-table row.
REGISTRY_0983,2026-08-31,exploratory,exploratory,SEDD_anc,169.6M,OpenWebText continuations,OpenWebText,SEDD_anc,A_pertok,A_pertok,P6_boost,hg,candidate within state,9,,,,,,,,,within_r2,,0.660125242995236,,,,,,,positive,no,rescue_audit/results/,registry row 983,Registry inventory entry; exploratory unless promoted by a curated master-table row.
REGISTRY_0984,2026-08-31,exploratory,exploratory,SEDD_anc,169.6M,OpenWebText continuations,OpenWebText,SEDD_anc,A_pertok,A_pertok,P6_boost_cheaponly,hg,candidate within state,9,,,,,,,,,within_r2,,0.6434488146729129,,,,,,,positive,no,rescue_audit/results/,registry row 984,Registry inventory entry; exploratory unless promoted by a curated master-table row.
REGISTRY_0985,2026-08-31,exploratory,exploratory,SEDD_anc,169.6M,OpenWebText continuations,OpenWebText,SEDD_anc,A_pertok,A_pertok,P7k_pair_kron_d32,hg,candidate within state,9,,,,,,,,,within_r2,,0.17172662821818174,,,,,,,positive,no,rescue_audit/results/,registry row 985,Registry inventory entry; exploratory unless promoted by a curated master-table row.
REGISTRY_0986,2026-08-31,exploratory,exploratory,SEDD_anc,169.6M,OpenWebText continuations,OpenWebText,SEDD_anc,A_pertok,A_pertok,P7k_pair_hi_d32,hg,candidate within state,9,,,,,,,,,within_r2,,0.2229758885800759,,,,,,,positive,no,rescue_audit/results/,registry row 986,Registry inventory entry; exploratory unless promoted by a curated master-table row.
REGISTRY_0987,2026-08-31,exploratory,exploratory,SEDD_anc,169.6M,OpenWebText continuations,OpenWebText,SEDD_anc,A_pertok,A_pertok,P7_pair_hi,hg,candidate within state,9,,,,,,,,,within_r2,,0.2669575783044743,,,,,,,positive,no,rescue_audit/results/,registry row 987,Registry inventory entry; exploratory unless promoted by a curated master-table row.
REGISTRY_0988,2026-08-31,exploratory,exploratory,SEDD_anc,169.6M,OpenWebText continuations,OpenWebText,SEDD_anc,A_pertok,A_pertok,P7_pair_hi_x_hg,hg,candidate within state,9,,,,,,,,,within_r2,,0.2537362514980528,,,,,,,positive,no,rescue_audit/results/,registry row 988,Registry inventory entry; exploratory unless promoted by a curated master-table row.
REGISTRY_0989,2026-08-31,exploratory,exploratory,SEDD_anc,169.6M,OpenWebText continuations,OpenWebText,SEDD_anc,A_pertok,A_pertok,P8_ranknet_cand,hg,candidate within state,9,,,,,,,,,within_r2,,0.2862631320955229,,,,,,,positive,no,rescue_audit/results/,registry row 989,Registry inventory entry; exploratory unless promoted by a curated master-table row.
REGISTRY_0990,2026-08-31,exploratory,exploratory,SEDD_anc,169.6M,OpenWebText continuations,OpenWebText,SEDD_anc,A_pertok,A_pertok,P8_ranknet_cand_state,hg,candidate within state,9,,,,,,,,,within_r2,,0.2698856790448033,,,,,,,positive,no,rescue_audit/results/,registry row 990,Registry inventory entry; exploratory unless promoted by a curated master-table row.
REGISTRY_0991,2026-08-31,exploratory,exploratory,SEDD_anc,169.6M,OpenWebText continuations,OpenWebText,SEDD_anc,A_pertok,A_pertok,P8_ranknet_cheap,hg,candidate within state,9,,,,,,,,,within_r2,,0.6034014696641373,,,,,,,positive,no,rescue_audit/results/,registry row 991,Registry inventory entry; exploratory unless promoted by a curated master-table row.
REGISTRY_0992,2026-08-31,exploratory,exploratory,SEDD_anc,169.6M,OpenWebText continuations,OpenWebText,SEDD_anc,A_pertok,A_pertok,P8_ranknet_cheap_hidden,hg,candidate within state,9,,,,,,,,,within_r2,,0.5265570134784605,,,,,,,positive,no,rescue_audit/results/,registry row 992,Registry inventory entry; exploratory unless promoted by a curated master-table row.
REGISTRY_0993,2026-08-31,exploratory,exploratory,SEDD_anc,169.6M,OpenWebText continuations,OpenWebText,SEDD_anc,A_pertok,A_pertok,P9_list_hidden,hg,candidate within state,9,,,,,,,,,within_r2,,0.5179396617916802,,,,,,,positive,no,rescue_audit/results/,registry row 993,Registry inventory entry; exploratory unless promoted by a curated master-table row.
REGISTRY_0994,2026-08-31,exploratory,exploratory,SEDD_anc,169.6M,OpenWebText continuations,OpenWebText,SEDD_anc,A_pertok,A_pertok,P9_list_cheap,hg,candidate within state,9,,,,,,,,,within_r2,,0.6478494400835899,,,,,,,positive,no,rescue_audit/results/,registry row 994,Registry inventory entry; exploratory unless promoted by a curated master-table row.
REGISTRY_0995,2026-08-31,exploratory,exploratory,SEDD_anc,169.6M,OpenWebText continuations,OpenWebText,SEDD_anc,A_pertok,A_pertok,P13_pls,hg,candidate within state,9,,,,,,,,,within_r2,,0.3222740849986986,,,,,,,positive,no,rescue_audit/results/,registry row 995,Registry inventory entry; exploratory unless promoted by a curated master-table row.
REGISTRY_0996,2026-09-01,taskC_exploratory,taskC_exploratory,Nemotron_taskC,169.6M,OpenWebText continuations,OpenWebText,Nemotron_taskC,A_task,A_task,P0_cheap,hg,candidate within state,0,,,,,,,,,within_r2,,-0.0012541758906108313,,,,,,,negative_or_zero,no,rescue_audit/results/screen_taskC_all_quick/report.json,registry row 996,Registry inventory entry; exploratory unless promoted by a curated master-table row.
REGISTRY_0997,2026-09-01,taskC_exploratory,taskC_exploratory,Nemotron_taskC,169.6M,OpenWebText continuations,OpenWebText,Nemotron_taskC,A_task,A_task,P0_hi,hg,candidate within state,0,,,,,,,,,within_r2,,-0.0029531723502076446,,,,,,,negative_or_zero,no,rescue_audit/results/screen_taskC_all_quick/report.json,registry row 997,Registry inventory entry; exploratory unless promoted by a curated master-table row.
REGISTRY_0998,2026-09-01,taskC_exploratory,taskC_exploratory,Nemotron_taskC,169.6M,OpenWebText continuations,OpenWebText,Nemotron_taskC,A_task,A_task,P0_hg,hg,candidate within state,0,,,,,,,,,within_r2,,-8.122715833280836e-10,,,,,,,negative_or_zero,no,rescue_audit/results/screen_taskC_all_quick/report.json,registry row 998,Registry inventory entry; exploratory unless promoted by a curated master-table row.
REGISTRY_0999,2026-09-01,taskC_exploratory,taskC_exploratory,Nemotron_taskC,169.6M,OpenWebText continuations,OpenWebText,Nemotron_taskC,A_task,A_task,P0_cheap_hi,hg,candidate within state,0,,,,,,,,,within_r2,,-0.003934601802892956,,,,,,,negative_or_zero,no,rescue_audit/results/screen_taskC_all_quick/report.json,registry row 999,Registry inventory entry; exploratory unless promoted by a curated master-table row.
REGISTRY_1000,2026-09-01,taskC_exploratory,taskC_exploratory,Nemotron_taskC,169.6M,OpenWebText continuations,OpenWebText,Nemotron_taskC,A_task,A_task,P0_cheap_hi_hg,hg,candidate within state,0,,,,,,,,,within_r2,,-0.0037127507247509683,,,,,,,negative_or_zero,no,rescue_audit/results/screen_taskC_all_quick/report.json,registry row 1000,Registry inventory entry; exploratory unless promoted by a curated master-table row.
REGISTRY_1001,2026-09-01,taskC_exploratory,taskC_exploratory,Nemotron_taskC,169.6M,OpenWebText continuations,OpenWebText,Nemotron_taskC,A_task,A_task,P1_residual_hi,hg,candidate within state,0,,,,,,,,,within_r2,,-0.003305602617633019,,,,,,,negative_or_zero,no,rescue_audit/results/screen_taskC_all_quick/report.json,registry row 1001,Registry inventory entry; exploratory unless promoted by a curated master-table row.
REGISTRY_1002,2026-09-01,taskC_exploratory,taskC_exploratory,Nemotron_taskC,169.6M,OpenWebText continuations,OpenWebText,Nemotron_taskC,A_task,A_task,P1_residual_hi_hg,hg,candidate within state,0,,,,,,,,,within_r2,,-0.003131056211678196,,,,,,,negative_or_zero,no,rescue_audit/results/screen_taskC_all_quick/report.json,registry row 1002,Registry inventory entry; exploratory unless promoted by a curated master-table row.
REGISTRY_1003,2026-09-01,taskC_exploratory,taskC_exploratory,Nemotron_taskC,169.6M,OpenWebText continuations,OpenWebText,Nemotron_taskC,A_task,A_task,P2_bilinear_r2,hg,candidate within state,0,,,,,,,,,within_r2,,-0.17775132005530225,,,,,,,negative_or_zero,no,rescue_audit/results/screen_taskC_all_quick/report.json,registry row 1003,Registry inventory entry; exploratory unless promoted by a curated master-table row.
REGISTRY_1004,2026-09-01,taskC_exploratory,taskC_exploratory,Nemotron_taskC,169.6M,OpenWebText continuations,OpenWebText,Nemotron_taskC,A_task,A_task,P2_bilinear_r4,hg,candidate within state,0,,,,,,,,,within_r2,,-0.2078676914263664,,,,,,,negative_or_zero,no,rescue_audit/results/screen_taskC_all_quick/report.json,registry row 1004,Registry inventory entry; exploratory unless promoted by a curated master-table row.
REGISTRY_1005,2026-09-01,taskC_exploratory,taskC_exploratory,Nemotron_taskC,169.6M,OpenWebText continuations,OpenWebText,Nemotron_taskC,A_task,A_task,P2_bilinear_r8,hg,candidate within state,0,,,,,,,,,within_r2,,-0.4201589591491799,,,,,,,negative_or_zero,no,rescue_audit/results/screen_taskC_all_quick/report.json,registry row 1005,Registry inventory entry; exploratory unless promoted by a curated master-table row.
REGISTRY_1006,2026-09-01,taskC_exploratory,taskC_exploratory,Nemotron_taskC,169.6M,OpenWebText continuations,OpenWebText,Nemotron_taskC,A_task,A_task,P2_shuffled_hg,hg,candidate within state,0,,,,,,,,,within_r2,,-1.448006145906564,,,,,,,negative_or_zero,no,rescue_audit/results/screen_taskC_all_quick/report.json,registry row 1006,Registry inventory entry; exploratory unless promoted by a curated master-table row.
REGISTRY_1007,2026-09-01,taskC_exploratory,taskC_exploratory,Nemotron_taskC,169.6M,OpenWebText continuations,OpenWebText,Nemotron_taskC,A_task,A_task,P2_gaussian_hg,hg,candidate within state,0,,,,,,,,,within_r2,,-1.1341665395689962,,,,,,,negative_or_zero,no,rescue_audit/results/screen_taskC_all_quick/report.json,registry row 1007,Registry inventory entry; exploratory unless promoted by a curated master-table row.
REGISTRY_1008,2026-09-01,taskC_exploratory,taskC_exploratory,Nemotron_taskC,169.6M,OpenWebText continuations,OpenWebText,Nemotron_taskC,A_task,A_task,P3_FiLM,hg,candidate within state,0,,,,,,,,,within_r2,,-0.11284167900650255,,,,,,,negative_or_zero,no,rescue_audit/results/screen_taskC_all_quick/report.json,registry row 1008,Registry inventory entry; exploratory unless promoted by a curated master-table row.
REGISTRY_1009,2026-09-01,taskC_exploratory,taskC_exploratory,Nemotron_taskC,169.6M,OpenWebText continuations,OpenWebText,Nemotron_taskC,A_task,A_task,P4_relational_MLP,hg,candidate within state,0,,,,,,,,,within_r2,,-0.029860338480129034,,,,,,,negative_or_zero,no,rescue_audit/results/screen_taskC_all_quick/report.json,registry row 1009,Registry inventory entry; exploratory unless promoted by a curated master-table row.
REGISTRY_1010,2026-09-01,taskC_exploratory,taskC_exploratory,Nemotron_taskC,169.6M,OpenWebText continuations,OpenWebText,Nemotron_taskC,A_task,A_task,P8_RankNet,hg,candidate within state,0,,,,,,,,,within_r2,,-0.08889993692659615,,,,,,,negative_or_zero,no,rescue_audit/results/screen_taskC_all_quick/report.json,registry row 1010,Registry inventory entry; exploratory unless promoted by a curated master-table row.
REGISTRY_1011,2026-09-01,taskC_exploratory,taskC_exploratory,Nemotron_taskC,169.6M,OpenWebText continuations,OpenWebText,Nemotron_taskC,A_task,A_task,P9_ListNet,hg,candidate within state,0,,,,,,,,,within_r2,,-0.01640436380360688,,,,,,,negative_or_zero,no,rescue_audit/results/screen_taskC_all_quick/report.json,registry row 1011,Registry inventory entry; exploratory unless promoted by a curated master-table row.
REGISTRY_1012,2026-09-01,taskC_exploratory,taskC_exploratory,Nemotron_taskC,169.6M,OpenWebText continuations,OpenWebText,Nemotron_taskC,A_task,A_task,P5_rbf,hg,candidate within state,0,,,,,,,,,within_r2,,-0.0011127609294416807,,,,,,,negative_or_zero,no,rescue_audit/results/screen_taskC_all_quick/report.json,registry row 1012,Registry inventory entry; exploratory unless promoted by a curated master-table row.
REGISTRY_1013,2026-09-01,taskC_exploratory,taskC_exploratory,Nemotron_taskC,169.6M,OpenWebText continuations,OpenWebText,Nemotron_taskC,A_task,A_task,P6_boosting,hg,candidate within state,0,,,,,,,,,within_r2,,-0.05328863438581899,,,,,,,negative_or_zero,no,rescue_audit/results/screen_taskC_all_quick/report.json,registry row 1013,Registry inventory entry; exploratory unless promoted by a curated master-table row.
REGISTRY_1014,2026-09-01,taskC_exploratory,taskC_exploratory,Nemotron_taskC,169.6M,OpenWebText continuations,OpenWebText,Nemotron_taskC,A_task,A_task,P6_boosting_cheap,hg,candidate within state,0,,,,,,,,,within_r2,,-0.08254137273556972,,,,,,,negative_or_zero,no,rescue_audit/results/screen_taskC_all_quick/report.json,registry row 1014,Registry inventory entry; exploratory unless promoted by a curated master-table row.
REGISTRY_1015,2026-09-01,taskC_exploratory,taskC_exploratory,Nemotron_taskC,169.6M,OpenWebText continuations,OpenWebText,Nemotron_taskC,A_task,A_task,P7_pairwise_hi,hg,candidate within state,0,,,,,,,,,within_r2,,-9.772132212931194,,,,,,,negative_or_zero,no,rescue_audit/results/screen_taskC_all_quick/report.json,registry row 1015,Registry inventory entry; exploratory unless promoted by a curated master-table row.
REGISTRY_1016,2026-09-01,taskC_exploratory,taskC_exploratory,Nemotron_taskC,169.6M,OpenWebText continuations,OpenWebText,Nemotron_taskC,A_task,A_task,P7_pairwise_relational,hg,candidate within state,0,,,,,,,,,within_r2,,-16.89597855597143,,,,,,,negative_or_zero,no,rescue_audit/results/screen_taskC_all_quick/report.json,registry row 1016,Registry inventory entry; exploratory unless promoted by a curated master-table row.
REGISTRY_1017,2026-09-01,taskC_exploratory,taskC_exploratory,Nemotron_taskC,169.6M,OpenWebText continuations,OpenWebText,Nemotron_taskC,A_task,A_task,P10_action_hash_diagnostic,hg,candidate within state,0,,,,,,,,,within_r2,,-0.04792271922380298,,,,,,,negative_or_zero,no,rescue_audit/results/screen_taskC_all_quick/report.json,registry row 1017,Registry inventory entry; exploratory unless promoted by a curated master-table row.
REGISTRY_1018,2026-09-01,taskC_exploratory,taskC_exploratory,Nemotron_taskC,169.6M,OpenWebText continuations,OpenWebText,Nemotron_taskC,A_task,A_task,P12_adjacent_0_0,hg,candidate within state,0,,,,,,,,,within_r2,,-0.005773122302086486,,,,,,,negative_or_zero,no,rescue_audit/results/screen_taskC_all_quick/report.json,registry row 1018,Registry inventory entry; exploratory unless promoted by a curated master-table row.
REGISTRY_1019,2026-09-01,taskC_exploratory,taskC_exploratory,Nemotron_taskC,169.6M,OpenWebText continuations,OpenWebText,Nemotron_taskC,A_task,A_task,P12_adjacent_0_1,hg,candidate within state,0,,,,,,,,,within_r2,,-0.009209842624427589,,,,,,,negative_or_zero,no,rescue_audit/results/screen_taskC_all_quick/report.json,registry row 1019,Registry inventory entry; exploratory unless promoted by a curated master-table row.
REGISTRY_1020,2026-09-01,taskC_exploratory,taskC_exploratory,Nemotron_taskC,169.6M,OpenWebText continuations,OpenWebText,Nemotron_taskC,A_task,A_task,P12_adjacent_0_2,hg,candidate within state,0,,,,,,,,,within_r2,,-0.01000380333567552,,,,,,,negative_or_zero,no,rescue_audit/results/screen_taskC_all_quick/report.json,registry row 1020,Registry inventory entry; exploratory unless promoted by a curated master-table row.
REGISTRY_1021,2026-09-01,taskC_exploratory,taskC_exploratory,Nemotron_taskC,169.6M,OpenWebText continuations,OpenWebText,Nemotron_taskC,A_task,A_task,P12_scalar_mix,hg,candidate within state,0,,,,,,,,,within_r2,,-0.11305991445438601,,,,,,,negative_or_zero,no,rescue_audit/results/screen_taskC_all_quick/report.json,registry row 1021,Registry inventory entry; exploratory unless promoted by a curated master-table row.
REGISTRY_1022,2026-09-01,taskC_exploratory,taskC_exploratory,Nemotron_taskC,169.6M,OpenWebText continuations,OpenWebText,Nemotron_taskC,A_task,A_task,P13_PLS,hg,candidate within state,0,,,,,,,,,within_r2,,-0.08320867593874537,,,,,,,negative_or_zero,no,rescue_audit/results/screen_taskC_all_quick/report.json,registry row 1022,Registry inventory entry; exploratory unless promoted by a curated master-table row.
REGISTRY_1023,2026-09-01,taskC_exploratory,taskC_exploratory,Nemotron_taskC,169.6M,OpenWebText continuations,OpenWebText,Nemotron_taskC,A_task,A_task,P0_cheap,hg,candidate within state,4,,,,,,,,,within_r2,,-0.0001811344195785658,,,,,,,negative_or_zero,no,rescue_audit/results/screen_taskC_all_quick/report.json,registry row 1023,Registry inventory entry; exploratory unless promoted by a curated master-table row.
REGISTRY_1024,2026-09-01,taskC_exploratory,taskC_exploratory,Nemotron_taskC,169.6M,OpenWebText continuations,OpenWebText,Nemotron_taskC,A_task,A_task,P0_hi,hg,candidate within state,4,,,,,,,,,within_r2,,-0.0038400725981295736,,,,,,,negative_or_zero,no,rescue_audit/results/screen_taskC_all_quick/report.json,registry row 1024,Registry inventory entry; exploratory unless promoted by a curated master-table row.
REGISTRY_1025,2026-09-01,taskC_exploratory,taskC_exploratory,Nemotron_taskC,169.6M,OpenWebText continuations,OpenWebText,Nemotron_taskC,A_task,A_task,P0_hg,hg,candidate within state,4,,,,,,,,,within_r2,,1.8203970553187787e-09,,,,,,,positive,no,rescue_audit/results/screen_taskC_all_quick/report.json,registry row 1025,Registry inventory entry; exploratory unless promoted by a curated master-table row.
REGISTRY_1026,2026-09-01,taskC_exploratory,taskC_exploratory,Nemotron_taskC,169.6M,OpenWebText continuations,OpenWebText,Nemotron_taskC,A_task,A_task,P0_cheap_hi,hg,candidate within state,4,,,,,,,,,within_r2,,-0.004540362276261423,,,,,,,negative_or_zero,no,rescue_audit/results/screen_taskC_all_quick/report.json,registry row 1026,Registry inventory entry; exploratory unless promoted by a curated master-table row.
REGISTRY_1027,2026-09-01,taskC_exploratory,taskC_exploratory,Nemotron_taskC,169.6M,OpenWebText continuations,OpenWebText,Nemotron_taskC,A_task,A_task,P0_cheap_hi_hg,hg,candidate within state,4,,,,,,,,,within_r2,,-0.004975979981627576,,,,,,,negative_or_zero,no,rescue_audit/results/screen_taskC_all_quick/report.json,registry row 1027,Registry inventory entry; exploratory unless promoted by a curated master-table row.
REGISTRY_1028,2026-09-01,taskC_exploratory,taskC_exploratory,Nemotron_taskC,169.6M,OpenWebText continuations,OpenWebText,Nemotron_taskC,A_task,A_task,P1_residual_hi,hg,candidate within state,4,,,,,,,,,within_r2,,-0.004067518020751004,,,,,,,negative_or_zero,no,rescue_audit/results/screen_taskC_all_quick/report.json,registry row 1028,Registry inventory entry; exploratory unless promoted by a curated master-table row.
REGISTRY_1029,2026-09-01,taskC_exploratory,taskC_exploratory,Nemotron_taskC,169.6M,OpenWebText continuations,OpenWebText,Nemotron_taskC,A_task,A_task,P1_residual_hi_hg,hg,candidate within state,4,,,,,,,,,within_r2,,-0.004512807505471006,,,,,,,negative_or_zero,no,rescue_audit/results/screen_taskC_all_quick/report.json,registry row 1029,Registry inventory entry; exploratory unless promoted by a curated master-table row.
REGISTRY_1030,2026-09-01,taskC_exploratory,taskC_exploratory,Nemotron_taskC,169.6M,OpenWebText continuations,OpenWebText,Nemotron_taskC,A_task,A_task,P2_bilinear_r2,hg,candidate within state,4,,,,,,,,,within_r2,,-0.1685694901894932,,,,,,,negative_or_zero,no,rescue_audit/results/screen_taskC_all_quick/report.json,registry row 1030,Registry inventory entry; exploratory unless promoted by a curated master-table row.
REGISTRY_1031,2026-09-01,taskC_exploratory,taskC_exploratory,Nemotron_taskC,169.6M,OpenWebText continuations,OpenWebText,Nemotron_taskC,A_task,A_task,P2_bilinear_r4,hg,candidate within state,4,,,,,,,,,within_r2,,-0.17311372673081826,,,,,,,negative_or_zero,no,rescue_audit/results/screen_taskC_all_quick/report.json,registry row 1031,Registry inventory entry; exploratory unless promoted by a curated master-table row.
REGISTRY_1032,2026-09-01,taskC_exploratory,taskC_exploratory,Nemotron_taskC,169.6M,OpenWebText continuations,OpenWebText,Nemotron_taskC,A_task,A_task,P2_bilinear_r8,hg,candidate within state,4,,,,,,,,,within_r2,,-0.33491898284706,,,,,,,negative_or_zero,no,rescue_audit/results/screen_taskC_all_quick/report.json,registry row 1032,Registry inventory entry; exploratory unless promoted by a curated master-table row.
REGISTRY_1033,2026-09-01,taskC_exploratory,taskC_exploratory,Nemotron_taskC,169.6M,OpenWebText continuations,OpenWebText,Nemotron_taskC,A_task,A_task,P2_shuffled_hg,hg,candidate within state,4,,,,,,,,,within_r2,,-0.7180907952272828,,,,,,,negative_or_zero,no,rescue_audit/results/screen_taskC_all_quick/report.json,registry row 1033,Registry inventory entry; exploratory unless promoted by a curated master-table row.
REGISTRY_1034,2026-09-01,taskC_exploratory,taskC_exploratory,Nemotron_taskC,169.6M,OpenWebText continuations,OpenWebText,Nemotron_taskC,A_task,A_task,P2_gaussian_hg,hg,candidate within state,4,,,,,,,,,within_r2,,-0.7239203991895851,,,,,,,negative_or_zero,no,rescue_audit/results/screen_taskC_all_quick/report.json,registry row 1034,Registry inventory entry; exploratory unless promoted by a curated master-table row.
REGISTRY_1035,2026-09-01,taskC_exploratory,taskC_exploratory,Nemotron_taskC,169.6M,OpenWebText continuations,OpenWebText,Nemotron_taskC,A_task,A_task,P3_FiLM,hg,candidate within state,4,,,,,,,,,within_r2,,-0.020488802990678234,,,,,,,negative_or_zero,no,rescue_audit/results/screen_taskC_all_quick/report.json,registry row 1035,Registry inventory entry; exploratory unless promoted by a curated master-table row.
REGISTRY_1036,2026-09-01,taskC_exploratory,taskC_exploratory,Nemotron_taskC,169.6M,OpenWebText continuations,OpenWebText,Nemotron_taskC,A_task,A_task,P4_relational_MLP,hg,candidate within state,4,,,,,,,,,within_r2,,-0.01286590995685244,,,,,,,negative_or_zero,no,rescue_audit/results/screen_taskC_all_quick/report.json,registry row 1036,Registry inventory entry; exploratory unless promoted by a curated master-table row.
REGISTRY_1037,2026-09-01,taskC_exploratory,taskC_exploratory,Nemotron_taskC,169.6M,OpenWebText continuations,OpenWebText,Nemotron_taskC,A_task,A_task,P8_RankNet,hg,candidate within state,4,,,,,,,,,within_r2,,-0.3166230786179305,,,,,,,negative_or_zero,no,rescue_audit/results/screen_taskC_all_quick/report.json,registry row 1037,Registry inventory entry; exploratory unless promoted by a curated master-table row.
REGISTRY_1038,2026-09-01,taskC_exploratory,taskC_exploratory,Nemotron_taskC,169.6M,OpenWebText continuations,OpenWebText,Nemotron_taskC,A_task,A_task,P9_ListNet,hg,candidate within state,4,,,,,,,,,within_r2,,-0.03805519132572721,,,,,,,negative_or_zero,no,rescue_audit/results/screen_taskC_all_quick/report.json,registry row 1038,Registry inventory entry; exploratory unless promoted by a curated master-table row.
REGISTRY_1039,2026-09-01,taskC_exploratory,taskC_exploratory,Nemotron_taskC,169.6M,OpenWebText continuations,OpenWebText,Nemotron_taskC,A_task,A_task,P5_rbf,hg,candidate within state,4,,,,,,,,,within_r2,,-0.013684314629668792,,,,,,,negative_or_zero,no,rescue_audit/results/screen_taskC_all_quick/report.json,registry row 1039,Registry inventory entry; exploratory unless promoted by a curated master-table row.
REGISTRY_1040,2026-09-01,taskC_exploratory,taskC_exploratory,Nemotron_taskC,169.6M,OpenWebText continuations,OpenWebText,Nemotron_taskC,A_task,A_task,P6_boosting,hg,candidate within state,4,,,,,,,,,within_r2,,-0.09023068020250768,,,,,,,negative_or_zero,no,rescue_audit/results/screen_taskC_all_quick/report.json,registry row 1040,Registry inventory entry; exploratory unless promoted by a curated master-table row.
REGISTRY_1041,2026-09-01,taskC_exploratory,taskC_exploratory,Nemotron_taskC,169.6M,OpenWebText continuations,OpenWebText,Nemotron_taskC,A_task,A_task,P6_boosting_cheap,hg,candidate within state,4,,,,,,,,,within_r2,,-0.11987745784845805,,,,,,,negative_or_zero,no,rescue_audit/results/screen_taskC_all_quick/report.json,registry row 1041,Registry inventory entry; exploratory unless promoted by a curated master-table row.
REGISTRY_1042,2026-09-01,taskC_exploratory,taskC_exploratory,Nemotron_taskC,169.6M,OpenWebText continuations,OpenWebText,Nemotron_taskC,A_task,A_task,P7_pairwise_hi,hg,candidate within state,4,,,,,,,,,within_r2,,-8.591568042098483,,,,,,,negative_or_zero,no,rescue_audit/results/screen_taskC_all_quick/report.json,registry row 1042,Registry inventory entry; exploratory unless promoted by a curated master-table row.
REGISTRY_1043,2026-09-01,taskC_exploratory,taskC_exploratory,Nemotron_taskC,169.6M,OpenWebText continuations,OpenWebText,Nemotron_taskC,A_task,A_task,P7_pairwise_relational,hg,candidate within state,4,,,,,,,,,within_r2,,-13.491933141188008,,,,,,,negative_or_zero,no,rescue_audit/results/screen_taskC_all_quick/report.json,registry row 1043,Registry inventory entry; exploratory unless promoted by a curated master-table row.
REGISTRY_1044,2026-09-01,taskC_exploratory,taskC_exploratory,Nemotron_taskC,169.6M,OpenWebText continuations,OpenWebText,Nemotron_taskC,A_task,A_task,P10_action_hash_diagnostic,hg,candidate within state,4,,,,,,,,,within_r2,,-0.02177477301070163,,,,,,,negative_or_zero,no,rescue_audit/results/screen_taskC_all_quick/report.json,registry row 1044,Registry inventory entry; exploratory unless promoted by a curated master-table row.
REGISTRY_1045,2026-09-01,taskC_exploratory,taskC_exploratory,Nemotron_taskC,169.6M,OpenWebText continuations,OpenWebText,Nemotron_taskC,A_task,A_task,P12_adjacent_4_2,hg,candidate within state,4,,,,,,,,,within_r2,,-0.0070843433751943685,,,,,,,negative_or_zero,no,rescue_audit/results/screen_taskC_all_quick/report.json,registry row 1045,Registry inventory entry; exploratory unless promoted by a curated master-table row.
REGISTRY_1046,2026-09-01,taskC_exploratory,taskC_exploratory,Nemotron_taskC,169.6M,OpenWebText continuations,OpenWebText,Nemotron_taskC,A_task,A_task,P12_adjacent_4_3,hg,candidate within state,4,,,,,,,,,within_r2,,-0.008788749300608023,,,,,,,negative_or_zero,no,rescue_audit/results/screen_taskC_all_quick/report.json,registry row 1046,Registry inventory entry; exploratory unless promoted by a curated master-table row.
REGISTRY_1047,2026-09-01,taskC_exploratory,taskC_exploratory,Nemotron_taskC,169.6M,OpenWebText continuations,OpenWebText,Nemotron_taskC,A_task,A_task,P12_adjacent_4_4,hg,candidate within state,4,,,,,,,,,within_r2,,-0.007208224401328955,,,,,,,negative_or_zero,no,rescue_audit/results/screen_taskC_all_quick/report.json,registry row 1047,Registry inventory entry; exploratory unless promoted by a curated master-table row.
REGISTRY_1048,2026-09-01,taskC_exploratory,taskC_exploratory,Nemotron_taskC,169.6M,OpenWebText continuations,OpenWebText,Nemotron_taskC,A_task,A_task,P12_adjacent_4_5,hg,candidate within state,4,,,,,,,,,within_r2,,-0.004442272328714969,,,,,,,negative_or_zero,no,rescue_audit/results/screen_taskC_all_quick/report.json,registry row 1048,Registry inventory entry; exploratory unless promoted by a curated master-table row.
REGISTRY_1049,2026-09-01,taskC_exploratory,taskC_exploratory,Nemotron_taskC,169.6M,OpenWebText continuations,OpenWebText,Nemotron_taskC,A_task,A_task,P12_adjacent_4_6,hg,candidate within state,4,,,,,,,,,within_r2,,-0.0009856243067907222,,,,,,,negative_or_zero,no,rescue_audit/results/screen_taskC_all_quick/report.json,registry row 1049,Registry inventory entry; exploratory unless promoted by a curated master-table row.
REGISTRY_1050,2026-09-01,taskC_exploratory,taskC_exploratory,Nemotron_taskC,169.6M,OpenWebText continuations,OpenWebText,Nemotron_taskC,A_task,A_task,P12_scalar_mix,hg,candidate within state,4,,,,,,,,,within_r2,,-0.04074124680942792,,,,,,,negative_or_zero,no,rescue_audit/results/screen_taskC_all_quick/report.json,registry row 1050,Registry inventory entry; exploratory unless promoted by a curated master-table row.
REGISTRY_1051,2026-09-01,taskC_exploratory,taskC_exploratory,Nemotron_taskC,169.6M,OpenWebText continuations,OpenWebText,Nemotron_taskC,A_task,A_task,P13_PLS,hg,candidate within state,4,,,,,,,,,within_r2,,-0.05487391203315117,,,,,,,negative_or_zero,no,rescue_audit/results/screen_taskC_all_quick/report.json,registry row 1051,Registry inventory entry; exploratory unless promoted by a curated master-table row.
REGISTRY_1052,2026-09-01,taskC_exploratory,taskC_exploratory,Nemotron_taskC,169.6M,OpenWebText continuations,OpenWebText,Nemotron_taskC,A_task,A_task,P0_cheap,hg,candidate within state,2,,,,,,,,,within_r2,,-0.0002895590731570863,,,,,,,negative_or_zero,no,rescue_audit/results/screen_taskC_all_quick/report.json,registry row 1052,Registry inventory entry; exploratory unless promoted by a curated master-table row.
REGISTRY_1053,2026-09-01,taskC_exploratory,taskC_exploratory,Nemotron_taskC,169.6M,OpenWebText continuations,OpenWebText,Nemotron_taskC,A_task,A_task,P0_hi,hg,candidate within state,2,,,,,,,,,within_r2,,-0.030328912686057308,,,,,,,negative_or_zero,no,rescue_audit/results/screen_taskC_all_quick/report.json,registry row 1053,Registry inventory entry; exploratory unless promoted by a curated master-table row.
REGISTRY_1054,2026-09-01,taskC_exploratory,taskC_exploratory,Nemotron_taskC,169.6M,OpenWebText continuations,OpenWebText,Nemotron_taskC,A_task,A_task,P0_hg,hg,candidate within state,2,,,,,,,,,within_r2,,-1.693909457145537e-10,,,,,,,negative_or_zero,no,rescue_audit/results/screen_taskC_all_quick/report.json,registry row 1054,Registry inventory entry; exploratory unless promoted by a curated master-table row.
REGISTRY_1055,2026-09-01,taskC_exploratory,taskC_exploratory,Nemotron_taskC,169.6M,OpenWebText continuations,OpenWebText,Nemotron_taskC,A_task,A_task,P0_cheap_hi,hg,candidate within state,2,,,,,,,,,within_r2,,-0.030388917552446104,,,,,,,negative_or_zero,no,rescue_audit/results/screen_taskC_all_quick/report.json,registry row 1055,Registry inventory entry; exploratory unless promoted by a curated master-table row.
REGISTRY_1056,2026-09-01,taskC_exploratory,taskC_exploratory,Nemotron_taskC,169.6M,OpenWebText continuations,OpenWebText,Nemotron_taskC,A_task,A_task,P0_cheap_hi_hg,hg,candidate within state,2,,,,,,,,,within_r2,,-0.011059434748296404,,,,,,,negative_or_zero,no,rescue_audit/results/screen_taskC_all_quick/report.json,registry row 1056,Registry inventory entry; exploratory unless promoted by a curated master-table row.
REGISTRY_1057,2026-09-01,taskC_exploratory,taskC_exploratory,Nemotron_taskC,169.6M,OpenWebText continuations,OpenWebText,Nemotron_taskC,A_task,A_task,P1_residual_hi,hg,candidate within state,2,,,,,,,,,within_r2,,-0.028199139694350395,,,,,,,negative_or_zero,no,rescue_audit/results/screen_taskC_all_quick/report.json,registry row 1057,Registry inventory entry; exploratory unless promoted by a curated master-table row.
REGISTRY_1058,2026-09-01,taskC_exploratory,taskC_exploratory,Nemotron_taskC,169.6M,OpenWebText continuations,OpenWebText,Nemotron_taskC,A_task,A_task,P1_residual_hi_hg,hg,candidate within state,2,,,,,,,,,within_r2,,-0.00981363858184392,,,,,,,negative_or_zero,no,rescue_audit/results/screen_taskC_all_quick/report.json,registry row 1058,Registry inventory entry; exploratory unless promoted by a curated master-table row.
REGISTRY_1059,2026-09-01,taskC_exploratory,taskC_exploratory,Nemotron_taskC,169.6M,OpenWebText continuations,OpenWebText,Nemotron_taskC,A_task,A_task,P2_bilinear_r2,hg,candidate within state,2,,,,,,,,,within_r2,,-0.06691180528895702,,,,,,,negative_or_zero,no,rescue_audit/results/screen_taskC_all_quick/report.json,registry row 1059,Registry inventory entry; exploratory unless promoted by a curated master-table row.
REGISTRY_1060,2026-09-01,taskC_exploratory,taskC_exploratory,Nemotron_taskC,169.6M,OpenWebText continuations,OpenWebText,Nemotron_taskC,A_task,A_task,P2_bilinear_r4,hg,candidate within state,2,,,,,,,,,within_r2,,-0.11141327411026136,,,,,,,negative_or_zero,no,rescue_audit/results/screen_taskC_all_quick/report.json,registry row 1060,Registry inventory entry; exploratory unless promoted by a curated master-table row.
REGISTRY_1061,2026-09-01,taskC_exploratory,taskC_exploratory,Nemotron_taskC,169.6M,OpenWebText continuations,OpenWebText,Nemotron_taskC,A_task,A_task,P2_bilinear_r8,hg,candidate within state,2,,,,,,,,,within_r2,,-0.2093392345337144,,,,,,,negative_or_zero,no,rescue_audit/results/screen_taskC_all_quick/report.json,registry row 1061,Registry inventory entry; exploratory unless promoted by a curated master-table row.
REGISTRY_1062,2026-09-01,taskC_exploratory,taskC_exploratory,Nemotron_taskC,169.6M,OpenWebText continuations,OpenWebText,Nemotron_taskC,A_task,A_task,P2_shuffled_hg,hg,candidate within state,2,,,,,,,,,within_r2,,-0.46276189096303466,,,,,,,negative_or_zero,no,rescue_audit/results/screen_taskC_all_quick/report.json,registry row 1062,Registry inventory entry; exploratory unless promoted by a curated master-table row.
REGISTRY_1063,2026-09-01,taskC_exploratory,taskC_exploratory,Nemotron_taskC,169.6M,OpenWebText continuations,OpenWebText,Nemotron_taskC,A_task,A_task,P2_gaussian_hg,hg,candidate within state,2,,,,,,,,,within_r2,,-0.4747647171259821,,,,,,,negative_or_zero,no,rescue_audit/results/screen_taskC_all_quick/report.json,registry row 1063,Registry inventory entry; exploratory unless promoted by a curated master-table row.
REGISTRY_1064,2026-09-01,taskC_exploratory,taskC_exploratory,Nemotron_taskC,169.6M,OpenWebText continuations,OpenWebText,Nemotron_taskC,A_task,A_task,P3_FiLM,hg,candidate within state,2,,,,,,,,,within_r2,,-0.029125854178869925,,,,,,,negative_or_zero,no,rescue_audit/results/screen_taskC_all_quick/report.json,registry row 1064,Registry inventory entry; exploratory unless promoted by a curated master-table row.
REGISTRY_1065,2026-09-01,taskC_exploratory,taskC_exploratory,Nemotron_taskC,169.6M,OpenWebText continuations,OpenWebText,Nemotron_taskC,A_task,A_task,P4_relational_MLP,hg,candidate within state,2,,,,,,,,,within_r2,,-0.01472048538062909,,,,,,,negative_or_zero,no,rescue_audit/results/screen_taskC_all_quick/report.json,registry row 1065,Registry inventory entry; exploratory unless promoted by a curated master-table row.
REGISTRY_1066,2026-09-01,taskC_exploratory,taskC_exploratory,Nemotron_taskC,169.6M,OpenWebText continuations,OpenWebText,Nemotron_taskC,A_task,A_task,P8_RankNet,hg,candidate within state,2,,,,,,,,,within_r2,,-0.08211724352215155,,,,,,,negative_or_zero,no,rescue_audit/results/screen_taskC_all_quick/report.json,registry row 1066,Registry inventory entry; exploratory unless promoted by a curated master-table row.
REGISTRY_1067,2026-09-01,taskC_exploratory,taskC_exploratory,Nemotron_taskC,169.6M,OpenWebText continuations,OpenWebText,Nemotron_taskC,A_task,A_task,P9_ListNet,hg,candidate within state,2,,,,,,,,,within_r2,,-0.05102742692275597,,,,,,,negative_or_zero,no,rescue_audit/results/screen_taskC_all_quick/report.json,registry row 1067,Registry inventory entry; exploratory unless promoted by a curated master-table row.
REGISTRY_1068,2026-09-01,taskC_exploratory,taskC_exploratory,Nemotron_taskC,169.6M,OpenWebText continuations,OpenWebText,Nemotron_taskC,A_task,A_task,P5_rbf,hg,candidate within state,2,,,,,,,,,within_r2,,-0.014957813254373287,,,,,,,negative_or_zero,no,rescue_audit/results/screen_taskC_all_quick/report.json,registry row 1068,Registry inventory entry; exploratory unless promoted by a curated master-table row.
REGISTRY_1069,2026-09-01,taskC_exploratory,taskC_exploratory,Nemotron_taskC,169.6M,OpenWebText continuations,OpenWebText,Nemotron_taskC,A_task,A_task,P6_boosting,hg,candidate within state,2,,,,,,,,,within_r2,,-0.0603791128531328,,,,,,,negative_or_zero,no,rescue_audit/results/screen_taskC_all_quick/report.json,registry row 1069,Registry inventory entry; exploratory unless promoted by a curated master-table row.
REGISTRY_1070,2026-09-01,taskC_exploratory,taskC_exploratory,Nemotron_taskC,169.6M,OpenWebText continuations,OpenWebText,Nemotron_taskC,A_task,A_task,P6_boosting_cheap,hg,candidate within state,2,,,,,,,,,within_r2,,-0.05004394778353882,,,,,,,negative_or_zero,no,rescue_audit/results/screen_taskC_all_quick/report.json,registry row 1070,Registry inventory entry; exploratory unless promoted by a curated master-table row.
REGISTRY_1071,2026-09-01,taskC_exploratory,taskC_exploratory,Nemotron_taskC,169.6M,OpenWebText continuations,OpenWebText,Nemotron_taskC,A_task,A_task,P7_pairwise_hi,hg,candidate within state,2,,,,,,,,,within_r2,,-4.471828672910049,,,,,,,negative_or_zero,no,rescue_audit/results/screen_taskC_all_quick/report.json,registry row 1071,Registry inventory entry; exploratory unless promoted by a curated master-table row.
REGISTRY_1072,2026-09-01,taskC_exploratory,taskC_exploratory,Nemotron_taskC,169.6M,OpenWebText continuations,OpenWebText,Nemotron_taskC,A_task,A_task,P7_pairwise_relational,hg,candidate within state,2,,,,,,,,,within_r2,,-8.912662934662205,,,,,,,negative_or_zero,no,rescue_audit/results/screen_taskC_all_quick/report.json,registry row 1072,Registry inventory entry; exploratory unless promoted by a curated master-table row.
REGISTRY_1073,2026-09-01,taskC_exploratory,taskC_exploratory,Nemotron_taskC,169.6M,OpenWebText continuations,OpenWebText,Nemotron_taskC,A_task,A_task,P10_action_hash_diagnostic,hg,candidate within state,2,,,,,,,,,within_r2,,-0.026683415958451695,,,,,,,negative_or_zero,no,rescue_audit/results/screen_taskC_all_quick/report.json,registry row 1073,Registry inventory entry; exploratory unless promoted by a curated master-table row.
REGISTRY_1074,2026-09-01,taskC_exploratory,taskC_exploratory,Nemotron_taskC,169.6M,OpenWebText continuations,OpenWebText,Nemotron_taskC,A_task,A_task,P12_adjacent_2_0,hg,candidate within state,2,,,,,,,,,within_r2,,-0.02586032874870048,,,,,,,negative_or_zero,no,rescue_audit/results/screen_taskC_all_quick/report.json,registry row 1074,Registry inventory entry; exploratory unless promoted by a curated master-table row.
REGISTRY_1075,2026-09-01,taskC_exploratory,taskC_exploratory,Nemotron_taskC,169.6M,OpenWebText continuations,OpenWebText,Nemotron_taskC,A_task,A_task,P12_adjacent_2_1,hg,candidate within state,2,,,,,,,,,within_r2,,-0.03649712586215381,,,,,,,negative_or_zero,no,rescue_audit/results/screen_taskC_all_quick/report.json,registry row 1075,Registry inventory entry; exploratory unless promoted by a curated master-table row.
REGISTRY_1076,2026-09-01,taskC_exploratory,taskC_exploratory,Nemotron_taskC,169.6M,OpenWebText continuations,OpenWebText,Nemotron_taskC,A_task,A_task,P12_adjacent_2_2,hg,candidate within state,2,,,,,,,,,within_r2,,-0.04361011894741873,,,,,,,negative_or_zero,no,rescue_audit/results/screen_taskC_all_quick/report.json,registry row 1076,Registry inventory entry; exploratory unless promoted by a curated master-table row.
REGISTRY_1077,2026-09-01,taskC_exploratory,taskC_exploratory,Nemotron_taskC,169.6M,OpenWebText continuations,OpenWebText,Nemotron_taskC,A_task,A_task,P12_adjacent_2_3,hg,candidate within state,2,,,,,,,,,within_r2,,-0.04262427028713822,,,,,,,negative_or_zero,no,rescue_audit/results/screen_taskC_all_quick/report.json,registry row 1077,Registry inventory entry; exploratory unless promoted by a curated master-table row.
REGISTRY_1078,2026-09-01,taskC_exploratory,taskC_exploratory,Nemotron_taskC,169.6M,OpenWebText continuations,OpenWebText,Nemotron_taskC,A_task,A_task,P12_adjacent_2_4,hg,candidate within state,2,,,,,,,,,within_r2,,-0.018262094441805488,,,,,,,negative_or_zero,no,rescue_audit/results/screen_taskC_all_quick/report.json,registry row 1078,Registry inventory entry; exploratory unless promoted by a curated master-table row.
REGISTRY_1079,2026-09-01,taskC_exploratory,taskC_exploratory,Nemotron_taskC,169.6M,OpenWebText continuations,OpenWebText,Nemotron_taskC,A_task,A_task,P12_scalar_mix,hg,candidate within state,2,,,,,,,,,within_r2,,-0.01937333244025763,,,,,,,negative_or_zero,no,rescue_audit/results/screen_taskC_all_quick/report.json,registry row 1079,Registry inventory entry; exploratory unless promoted by a curated master-table row.
REGISTRY_1080,2026-09-01,taskC_exploratory,taskC_exploratory,Nemotron_taskC,169.6M,OpenWebText continuations,OpenWebText,Nemotron_taskC,A_task,A_task,P13_PLS,hg,candidate within state,2,,,,,,,,,within_r2,,-0.048137615241994336,,,,,,,negative_or_zero,no,rescue_audit/results/screen_taskC_all_quick/report.json,registry row 1080,Registry inventory entry; exploratory unless promoted by a curated master-table row.
REGISTRY_1081,2026-09-01,taskC_locked_replication,taskC_locked_replication,Nemotron_taskC,169.6M,OpenWebText continuations,OpenWebText,Nemotron_taskC,A_task,A_task,pair_hidden,hg,candidate within state,12,,,,,,,,,within_r2,,0.0018753276678556974,,,,,,,positive,no,rescue_audit/results/taskC_locked_replication.json,registry row 1081,Registry inventory entry; exploratory unless promoted by a curated master-table row.
REGISTRY_1082,2026-09-01,taskC_locked_replication,taskC_locked_replication,Nemotron_taskC,169.6M,OpenWebText continuations,OpenWebText,Nemotron_taskC,A_task,A_task,pair_cheap,hg,candidate within state,12,,,,,,,,,within_r2,,0.001016833672846884,,,,,,,positive,no,rescue_audit/results/taskC_locked_replication.json,registry row 1082,Registry inventory entry; exploratory unless promoted by a curated master-table row.
REGISTRY_1083,2026-09-01,taskC_locked_replication,taskC_locked_replication,Nemotron_taskC,169.6M,OpenWebText continuations,OpenWebText,Nemotron_taskC,A_task,A_task,pair_cheap_hidden,hg,candidate within state,12,,,,,,,,,within_r2,,0.006879062429548166,,,,,,,positive,no,rescue_audit/results/taskC_locked_replication.json,registry row 1083,Registry inventory entry; exploratory unless promoted by a curated master-table row.
REGISTRY_1084,2026-09-01,taskC_locked_replication,taskC_locked_replication,Nemotron_taskC,169.6M,OpenWebText continuations,OpenWebText,Nemotron_taskC,A_task,A_task,pair_hidden,hg,candidate within state,12,,,,,,,,,within_r2,,0.005260339003019365,,,,,,,positive,no,rescue_audit/results/taskC_locked_replication.json,registry row 1084,Registry inventory entry; exploratory unless promoted by a curated master-table row.
REGISTRY_1085,2026-09-01,taskC_locked_replication,taskC_locked_replication,Nemotron_taskC,169.6M,OpenWebText continuations,OpenWebText,Nemotron_taskC,A_task,A_task,pair_cheap,hg,candidate within state,12,,,,,,,,,within_r2,,-0.022043690441275743,,,,,,,negative_or_zero,no,rescue_audit/results/taskC_locked_replication.json,registry row 1085,Registry inventory entry; exploratory unless promoted by a curated master-table row.
REGISTRY_1086,2026-09-01,taskC_locked_replication,taskC_locked_replication,Nemotron_taskC,169.6M,OpenWebText continuations,OpenWebText,Nemotron_taskC,A_task,A_task,pair_cheap_hidden,hg,candidate within state,12,,,,,,,,,within_r2,,-0.024997021580422052,,,,,,,negative_or_zero,no,rescue_audit/results/taskC_locked_replication.json,registry row 1086,Registry inventory entry; exploratory unless promoted by a curated master-table row.
REGISTRY_1087,2026-09-01,taskC_locked_replication,taskC_locked_replication,Nemotron_taskC,169.6M,OpenWebText continuations,OpenWebText,Nemotron_taskC,A_task,A_task,pair_hidden,hg,candidate within state,12,,,,,,,,,within_r2,,0.0011263257593298048,,,,,,,positive,no,rescue_audit/results/taskC_locked_replication.json,registry row 1087,Registry inventory entry; exploratory unless promoted by a curated master-table row.
REGISTRY_1088,2026-09-01,taskC_locked_replication,taskC_locked_replication,Nemotron_taskC,169.6M,OpenWebText continuations,OpenWebText,Nemotron_taskC,A_task,A_task,pair_cheap,hg,candidate within state,12,,,,,,,,,within_r2,,0.0011468850210321069,,,,,,,positive,no,rescue_audit/results/taskC_locked_replication.json,registry row 1088,Registry inventory entry; exploratory unless promoted by a curated master-table row.
REGISTRY_1089,2026-09-01,taskC_locked_replication,taskC_locked_replication,Nemotron_taskC,169.6M,OpenWebText continuations,OpenWebText,Nemotron_taskC,A_task,A_task,pair_cheap_hidden,hg,candidate within state,12,,,,,,,,,within_r2,,0.00016542289208965055,,,,,,,positive,no,rescue_audit/results/taskC_locked_replication.json,registry row 1089,Registry inventory entry; exploratory unless promoted by a curated master-table row.
REGISTRY_1090,2026-09-01,taskC_posthoc_crossfit,taskC_posthoc_crossfit,Nemotron_taskC,169.6M,OpenWebText continuations,OpenWebText,Nemotron_taskC,A_task,A_task,bilinear,hg,candidate within state,val_selected,,,,,,,,,within_r2,,-0.14179143587256715,,,,,,,negative_or_zero,no,rescue_audit/results/taskC_crossfit_positive_exact.json,registry row 1090,Registry inventory entry; exploratory unless promoted by a curated master-table row.
REGISTRY_1091,2026-09-01,taskC_posthoc_crossfit,taskC_posthoc_crossfit,Nemotron_taskC,169.6M,OpenWebText continuations,OpenWebText,Nemotron_taskC,A_task,A_task,no_state_interaction,hg,candidate within state,val_selected,,,,,,,,,within_r2,,-0.050106102885581816,,,,,,,negative_or_zero,no,rescue_audit/results/taskC_crossfit_positive_exact.json,registry row 1091,Registry inventory entry; exploratory unless promoted by a curated master-table row.
REGISTRY_1092,2026-09-01,taskC_posthoc_crossfit,taskC_posthoc_crossfit,Nemotron_taskC,169.6M,OpenWebText continuations,OpenWebText,Nemotron_taskC,A_task,A_task,cheap_only,hg,candidate within state,val_selected,,,,,,,,,within_r2,,-0.03241837650754498,,,,,,,negative_or_zero,no,rescue_audit/results/taskC_crossfit_positive_exact.json,registry row 1092,Registry inventory entry; exploratory unless promoted by a curated master-table row.
REGISTRY_1093,2026-09-01,taskC_posthoc_crossfit,taskC_posthoc_crossfit,Nemotron_taskC,169.6M,OpenWebText continuations,OpenWebText,Nemotron_taskC,A_task,A_task,shuffled_hg,hg,candidate within state,val_selected,,,,,,,,,within_r2,,-0.25695998534454434,,,,,,,negative_or_zero,no,rescue_audit/results/taskC_crossfit_positive_exact.json,registry row 1093,Registry inventory entry; exploratory unless promoted by a curated master-table row.
REGISTRY_1094,2026-09-01,taskC_posthoc_crossfit,taskC_posthoc_crossfit,Nemotron_taskC,169.6M,OpenWebText continuations,OpenWebText,Nemotron_taskC,A_task,A_task,gaussian_hg,hg,candidate within state,val_selected,,,,,,,,,within_r2,,-0.40149297351896895,,,,,,,negative_or_zero,no,rescue_audit/results/taskC_crossfit_positive_exact.json,registry row 1094,Registry inventory entry; exploratory unless promoted by a curated master-table row.
REGISTRY_1095,2026-09-01,taskC_posthoc_crossfit,taskC_posthoc_crossfit,Nemotron_taskC,169.6M,OpenWebText continuations,OpenWebText,Nemotron_taskC,A_task,A_task,bilinear,hg,candidate within state,val_selected,,,,,,,,,within_r2,,-0.17228690458390727,,,,,,,negative_or_zero,no,rescue_audit/results/taskC_crossfit_positive_exact_seedmatch.json,registry row 1095,Registry inventory entry; exploratory unless promoted by a curated master-table row.
REGISTRY_1096,2026-09-01,taskC_posthoc_crossfit,taskC_posthoc_crossfit,Nemotron_taskC,169.6M,OpenWebText continuations,OpenWebText,Nemotron_taskC,A_task,A_task,no_state_interaction,hg,candidate within state,val_selected,,,,,,,,,within_r2,,-0.08372479408166256,,,,,,,negative_or_zero,no,rescue_audit/results/taskC_crossfit_positive_exact_seedmatch.json,registry row 1096,Registry inventory entry; exploratory unless promoted by a curated master-table row.
REGISTRY_1097,2026-09-01,taskC_posthoc_crossfit,taskC_posthoc_crossfit,Nemotron_taskC,169.6M,OpenWebText continuations,OpenWebText,Nemotron_taskC,A_task,A_task,cheap_only,hg,candidate within state,val_selected,,,,,,,,,within_r2,,-0.04212015805835012,,,,,,,negative_or_zero,no,rescue_audit/results/taskC_crossfit_positive_exact_seedmatch.json,registry row 1097,Registry inventory entry; exploratory unless promoted by a curated master-table row.
REGISTRY_1098,2026-09-01,taskC_posthoc_crossfit,taskC_posthoc_crossfit,Nemotron_taskC,169.6M,OpenWebText continuations,OpenWebText,Nemotron_taskC,A_task,A_task,shuffled_hg,hg,candidate within state,val_selected,,,,,,,,,within_r2,,-0.2855739508271138,,,,,,,negative_or_zero,no,rescue_audit/results/taskC_crossfit_positive_exact_seedmatch.json,registry row 1098,Registry inventory entry; exploratory unless promoted by a curated master-table row.
REGISTRY_1099,2026-09-01,taskC_posthoc_crossfit,taskC_posthoc_crossfit,Nemotron_taskC,169.6M,OpenWebText continuations,OpenWebText,Nemotron_taskC,A_task,A_task,gaussian_hg,hg,candidate within state,val_selected,,,,,,,,,within_r2,,-0.45073534305510154,,,,,,,negative_or_zero,no,rescue_audit/results/taskC_crossfit_positive_exact_seedmatch.json,registry row 1099,Registry inventory entry; exploratory unless promoted by a curated master-table row.
REGISTRY_1100,2026-09-02,taskD_exploratory,taskD_exploratory,Nemotron_taskD_GSM8K,169.6M,OpenWebText continuations,OpenWebText,Nemotron_taskD_GSM8K,A_task,A_task,P0_cheap,hg,candidate within state,0,,,,,,,,,within_r2,,0.0033757966727275823,,,,,,,positive,no,rescue_audit/results/screen_taskD_all_quick/report.json,registry row 1100,Registry inventory entry; exploratory unless promoted by a curated master-table row.
REGISTRY_1101,2026-09-02,taskD_exploratory,taskD_exploratory,Nemotron_taskD_GSM8K,169.6M,OpenWebText continuations,OpenWebText,Nemotron_taskD_GSM8K,A_task,A_task,P0_hi,hg,candidate within state,0,,,,,,,,,within_r2,,0.0010554419489668954,,,,,,,positive,no,rescue_audit/results/screen_taskD_all_quick/report.json,registry row 1101,Registry inventory entry; exploratory unless promoted by a curated master-table row.
REGISTRY_1102,2026-09-02,taskD_exploratory,taskD_exploratory,Nemotron_taskD_GSM8K,169.6M,OpenWebText continuations,OpenWebText,Nemotron_taskD_GSM8K,A_task,A_task,P0_hg,hg,candidate within state,0,,,,,,,,,within_r2,,7.974743088112746e-11,,,,,,,positive,no,rescue_audit/results/screen_taskD_all_quick/report.json,registry row 1102,Registry inventory entry; exploratory unless promoted by a curated master-table row.
REGISTRY_1103,2026-09-02,taskD_exploratory,taskD_exploratory,Nemotron_taskD_GSM8K,169.6M,OpenWebText continuations,OpenWebText,Nemotron_taskD_GSM8K,A_task,A_task,P0_cheap_hi,hg,candidate within state,0,,,,,,,,,within_r2,,0.001674940923216961,,,,,,,positive,no,rescue_audit/results/screen_taskD_all_quick/report.json,registry row 1103,Registry inventory entry; exploratory unless promoted by a curated master-table row.
REGISTRY_1104,2026-09-02,taskD_exploratory,taskD_exploratory,Nemotron_taskD_GSM8K,169.6M,OpenWebText continuations,OpenWebText,Nemotron_taskD_GSM8K,A_task,A_task,P0_cheap_hi_hg,hg,candidate within state,0,,,,,,,,,within_r2,,0.001953862731349565,,,,,,,positive,no,rescue_audit/results/screen_taskD_all_quick/report.json,registry row 1104,Registry inventory entry; exploratory unless promoted by a curated master-table row.
REGISTRY_1105,2026-09-02,taskD_exploratory,taskD_exploratory,Nemotron_taskD_GSM8K,169.6M,OpenWebText continuations,OpenWebText,Nemotron_taskD_GSM8K,A_task,A_task,P1_residual_hi,hg,candidate within state,0,,,,,,,,,within_r2,,0.003357775613640812,,,,,,,positive,no,rescue_audit/results/screen_taskD_all_quick/report.json,registry row 1105,Registry inventory entry; exploratory unless promoted by a curated master-table row.
REGISTRY_1106,2026-09-02,taskD_exploratory,taskD_exploratory,Nemotron_taskD_GSM8K,169.6M,OpenWebText continuations,OpenWebText,Nemotron_taskD_GSM8K,A_task,A_task,P1_residual_hi_hg,hg,candidate within state,0,,,,,,,,,within_r2,,0.003482681716662994,,,,,,,positive,no,rescue_audit/results/screen_taskD_all_quick/report.json,registry row 1106,Registry inventory entry; exploratory unless promoted by a curated master-table row.
REGISTRY_1107,2026-09-02,taskD_exploratory,taskD_exploratory,Nemotron_taskD_GSM8K,169.6M,OpenWebText continuations,OpenWebText,Nemotron_taskD_GSM8K,A_task,A_task,P2_bilinear_r2,hg,candidate within state,0,,,,,,,,,within_r2,,-0.13787892215885944,,,,,,,negative_or_zero,no,rescue_audit/results/screen_taskD_all_quick/report.json,registry row 1107,Registry inventory entry; exploratory unless promoted by a curated master-table row.
REGISTRY_1108,2026-09-02,taskD_exploratory,taskD_exploratory,Nemotron_taskD_GSM8K,169.6M,OpenWebText continuations,OpenWebText,Nemotron_taskD_GSM8K,A_task,A_task,P2_bilinear_r4,hg,candidate within state,0,,,,,,,,,within_r2,,-0.2215210262388312,,,,,,,negative_or_zero,no,rescue_audit/results/screen_taskD_all_quick/report.json,registry row 1108,Registry inventory entry; exploratory unless promoted by a curated master-table row.
REGISTRY_1109,2026-09-02,taskD_exploratory,taskD_exploratory,Nemotron_taskD_GSM8K,169.6M,OpenWebText continuations,OpenWebText,Nemotron_taskD_GSM8K,A_task,A_task,P2_bilinear_r8,hg,candidate within state,0,,,,,,,,,within_r2,,-0.4381642424333805,,,,,,,negative_or_zero,no,rescue_audit/results/screen_taskD_all_quick/report.json,registry row 1109,Registry inventory entry; exploratory unless promoted by a curated master-table row.
REGISTRY_1110,2026-09-02,taskD_exploratory,taskD_exploratory,Nemotron_taskD_GSM8K,169.6M,OpenWebText continuations,OpenWebText,Nemotron_taskD_GSM8K,A_task,A_task,P2_shuffled_hg,hg,candidate within state,0,,,,,,,,,within_r2,,-0.7454034603877662,,,,,,,negative_or_zero,no,rescue_audit/results/screen_taskD_all_quick/report.json,registry row 1110,Registry inventory entry; exploratory unless promoted by a curated master-table row.
REGISTRY_1111,2026-09-02,taskD_exploratory,taskD_exploratory,Nemotron_taskD_GSM8K,169.6M,OpenWebText continuations,OpenWebText,Nemotron_taskD_GSM8K,A_task,A_task,P2_gaussian_hg,hg,candidate within state,0,,,,,,,,,within_r2,,-0.737124322383867,,,,,,,negative_or_zero,no,rescue_audit/results/screen_taskD_all_quick/report.json,registry row 1111,Registry inventory entry; exploratory unless promoted by a curated master-table row.
REGISTRY_1112,2026-09-02,taskD_exploratory,taskD_exploratory,Nemotron_taskD_GSM8K,169.6M,OpenWebText continuations,OpenWebText,Nemotron_taskD_GSM8K,A_task,A_task,P3_FiLM,hg,candidate within state,0,,,,,,,,,within_r2,,-0.041628816476079855,,,,,,,negative_or_zero,no,rescue_audit/results/screen_taskD_all_quick/report.json,registry row 1112,Registry inventory entry; exploratory unless promoted by a curated master-table row.
REGISTRY_1113,2026-09-02,taskD_exploratory,taskD_exploratory,Nemotron_taskD_GSM8K,169.6M,OpenWebText continuations,OpenWebText,Nemotron_taskD_GSM8K,A_task,A_task,P4_relational_MLP,hg,candidate within state,0,,,,,,,,,within_r2,,-0.01906973219244157,,,,,,,negative_or_zero,no,rescue_audit/results/screen_taskD_all_quick/report.json,registry row 1113,Registry inventory entry; exploratory unless promoted by a curated master-table row.
REGISTRY_1114,2026-09-02,taskD_exploratory,taskD_exploratory,Nemotron_taskD_GSM8K,169.6M,OpenWebText continuations,OpenWebText,Nemotron_taskD_GSM8K,A_task,A_task,P8_RankNet,hg,candidate within state,0,,,,,,,,,within_r2,,-0.04786063242138594,,,,,,,negative_or_zero,no,rescue_audit/results/screen_taskD_all_quick/report.json,registry row 1114,Registry inventory entry; exploratory unless promoted by a curated master-table row.
REGISTRY_1115,2026-09-02,taskD_exploratory,taskD_exploratory,Nemotron_taskD_GSM8K,169.6M,OpenWebText continuations,OpenWebText,Nemotron_taskD_GSM8K,A_task,A_task,P9_ListNet,hg,candidate within state,0,,,,,,,,,within_r2,,-0.025511299862019055,,,,,,,negative_or_zero,no,rescue_audit/results/screen_taskD_all_quick/report.json,registry row 1115,Registry inventory entry; exploratory unless promoted by a curated master-table row.
REGISTRY_1116,2026-09-02,taskD_exploratory,taskD_exploratory,Nemotron_taskD_GSM8K,169.6M,OpenWebText continuations,OpenWebText,Nemotron_taskD_GSM8K,A_task,A_task,P5_rbf,hg,candidate within state,0,,,,,,,,,within_r2,,0.0027642136610368517,,,,,,,positive,no,rescue_audit/results/screen_taskD_all_quick/report.json,registry row 1116,Registry inventory entry; exploratory unless promoted by a curated master-table row.
REGISTRY_1117,2026-09-02,taskD_exploratory,taskD_exploratory,Nemotron_taskD_GSM8K,169.6M,OpenWebText continuations,OpenWebText,Nemotron_taskD_GSM8K,A_task,A_task,P6_boosting,hg,candidate within state,0,,,,,,,,,within_r2,,-0.004963557193252033,,,,,,,negative_or_zero,no,rescue_audit/results/screen_taskD_all_quick/report.json,registry row 1117,Registry inventory entry; exploratory unless promoted by a curated master-table row.
REGISTRY_1118,2026-09-02,taskD_exploratory,taskD_exploratory,Nemotron_taskD_GSM8K,169.6M,OpenWebText continuations,OpenWebText,Nemotron_taskD_GSM8K,A_task,A_task,P6_boosting_cheap,hg,candidate within state,0,,,,,,,,,within_r2,,-0.0005715591391259878,,,,,,,negative_or_zero,no,rescue_audit/results/screen_taskD_all_quick/report.json,registry row 1118,Registry inventory entry; exploratory unless promoted by a curated master-table row.
REGISTRY_1119,2026-09-02,taskD_exploratory,taskD_exploratory,Nemotron_taskD_GSM8K,169.6M,OpenWebText continuations,OpenWebText,Nemotron_taskD_GSM8K,A_task,A_task,P7_pairwise_hi,hg,candidate within state,0,,,,,,,,,within_r2,,-5.881539272308269,,,,,,,negative_or_zero,no,rescue_audit/results/screen_taskD_all_quick/report.json,registry row 1119,Registry inventory entry; exploratory unless promoted by a curated master-table row.
REGISTRY_1120,2026-09-02,taskD_exploratory,taskD_exploratory,Nemotron_taskD_GSM8K,169.6M,OpenWebText continuations,OpenWebText,Nemotron_taskD_GSM8K,A_task,A_task,P7_pairwise_relational,hg,candidate within state,0,,,,,,,,,within_r2,,-15.796347142132738,,,,,,,negative_or_zero,no,rescue_audit/results/screen_taskD_all_quick/report.json,registry row 1120,Registry inventory entry; exploratory unless promoted by a curated master-table row.
REGISTRY_1121,2026-09-02,taskD_exploratory,taskD_exploratory,Nemotron_taskD_GSM8K,169.6M,OpenWebText continuations,OpenWebText,Nemotron_taskD_GSM8K,A_task,A_task,P10_action_hash_diagnostic,hg,candidate within state,0,,,,,,,,,within_r2,,-0.01476898526960202,,,,,,,negative_or_zero,no,rescue_audit/results/screen_taskD_all_quick/report.json,registry row 1121,Registry inventory entry; exploratory unless promoted by a curated master-table row.
REGISTRY_1122,2026-09-02,taskD_exploratory,taskD_exploratory,Nemotron_taskD_GSM8K,169.6M,OpenWebText continuations,OpenWebText,Nemotron_taskD_GSM8K,A_task,A_task,P12_adjacent_0_0,hg,candidate within state,0,,,,,,,,,within_r2,,0.0017093693816991884,,,,,,,positive,no,rescue_audit/results/screen_taskD_all_quick/report.json,registry row 1122,Registry inventory entry; exploratory unless promoted by a curated master-table row.
REGISTRY_1123,2026-09-02,taskD_exploratory,taskD_exploratory,Nemotron_taskD_GSM8K,169.6M,OpenWebText continuations,OpenWebText,Nemotron_taskD_GSM8K,A_task,A_task,P12_adjacent_0_1,hg,candidate within state,0,,,,,,,,,within_r2,,0.002986270539118707,,,,,,,positive,no,rescue_audit/results/screen_taskD_all_quick/report.json,registry row 1123,Registry inventory entry; exploratory unless promoted by a curated master-table row.
REGISTRY_1124,2026-09-02,taskD_exploratory,taskD_exploratory,Nemotron_taskD_GSM8K,169.6M,OpenWebText continuations,OpenWebText,Nemotron_taskD_GSM8K,A_task,A_task,P12_adjacent_0_2,hg,candidate within state,0,,,,,,,,,within_r2,,0.002540083916351854,,,,,,,positive,no,rescue_audit/results/screen_taskD_all_quick/report.json,registry row 1124,Registry inventory entry; exploratory unless promoted by a curated master-table row.
REGISTRY_1125,2026-09-02,taskD_exploratory,taskD_exploratory,Nemotron_taskD_GSM8K,169.6M,OpenWebText continuations,OpenWebText,Nemotron_taskD_GSM8K,A_task,A_task,P12_scalar_mix,hg,candidate within state,0,,,,,,,,,within_r2,,-0.029333589113269776,,,,,,,negative_or_zero,no,rescue_audit/results/screen_taskD_all_quick/report.json,registry row 1125,Registry inventory entry; exploratory unless promoted by a curated master-table row.
REGISTRY_1126,2026-09-02,taskD_exploratory,taskD_exploratory,Nemotron_taskD_GSM8K,169.6M,OpenWebText continuations,OpenWebText,Nemotron_taskD_GSM8K,A_task,A_task,P13_PLS,hg,candidate within state,0,,,,,,,,,within_r2,,-0.0008240716001490789,,,,,,,negative_or_zero,no,rescue_audit/results/screen_taskD_all_quick/report.json,registry row 1126,Registry inventory entry; exploratory unless promoted by a curated master-table row.
REGISTRY_1127,2026-09-02,taskD_exploratory,taskD_exploratory,Nemotron_taskD_GSM8K,169.6M,OpenWebText continuations,OpenWebText,Nemotron_taskD_GSM8K,A_task,A_task,P0_cheap,hg,candidate within state,1,,,,,,,,,within_r2,,0.005061380146950567,,,,,,,positive,no,rescue_audit/results/screen_taskD_all_quick/report.json,registry row 1127,Registry inventory entry; exploratory unless promoted by a curated master-table row.
REGISTRY_1128,2026-09-02,taskD_exploratory,taskD_exploratory,Nemotron_taskD_GSM8K,169.6M,OpenWebText continuations,OpenWebText,Nemotron_taskD_GSM8K,A_task,A_task,P0_hi,hg,candidate within state,1,,,,,,,,,within_r2,,-0.0009981124991225165,,,,,,,negative_or_zero,no,rescue_audit/results/screen_taskD_all_quick/report.json,registry row 1128,Registry inventory entry; exploratory unless promoted by a curated master-table row.
REGISTRY_1129,2026-09-02,taskD_exploratory,taskD_exploratory,Nemotron_taskD_GSM8K,169.6M,OpenWebText continuations,OpenWebText,Nemotron_taskD_GSM8K,A_task,A_task,P0_hg,hg,candidate within state,1,,,,,,,,,within_r2,,-5.110911693861908e-11,,,,,,,negative_or_zero,no,rescue_audit/results/screen_taskD_all_quick/report.json,registry row 1129,Registry inventory entry; exploratory unless promoted by a curated master-table row.
REGISTRY_1130,2026-09-02,taskD_exploratory,taskD_exploratory,Nemotron_taskD_GSM8K,169.6M,OpenWebText continuations,OpenWebText,Nemotron_taskD_GSM8K,A_task,A_task,P0_cheap_hi,hg,candidate within state,1,,,,,,,,,within_r2,,0.0012943571065717752,,,,,,,positive,no,rescue_audit/results/screen_taskD_all_quick/report.json,registry row 1130,Registry inventory entry; exploratory unless promoted by a curated master-table row.
REGISTRY_1131,2026-09-02,taskD_exploratory,taskD_exploratory,Nemotron_taskD_GSM8K,169.6M,OpenWebText continuations,OpenWebText,Nemotron_taskD_GSM8K,A_task,A_task,P0_cheap_hi_hg,hg,candidate within state,1,,,,,,,,,within_r2,,0.002022521825235102,,,,,,,positive,no,rescue_audit/results/screen_taskD_all_quick/report.json,registry row 1131,Registry inventory entry; exploratory unless promoted by a curated master-table row.
REGISTRY_1132,2026-09-02,taskD_exploratory,taskD_exploratory,Nemotron_taskD_GSM8K,169.6M,OpenWebText continuations,OpenWebText,Nemotron_taskD_GSM8K,A_task,A_task,P1_residual_hi,hg,candidate within state,1,,,,,,,,,within_r2,,0.002413577996203009,,,,,,,positive,no,rescue_audit/results/screen_taskD_all_quick/report.json,registry row 1132,Registry inventory entry; exploratory unless promoted by a curated master-table row.
REGISTRY_1133,2026-09-02,taskD_exploratory,taskD_exploratory,Nemotron_taskD_GSM8K,169.6M,OpenWebText continuations,OpenWebText,Nemotron_taskD_GSM8K,A_task,A_task,P1_residual_hi_hg,hg,candidate within state,1,,,,,,,,,within_r2,,0.005331142722484028,,,,,,,positive,no,rescue_audit/results/screen_taskD_all_quick/report.json,registry row 1133,Registry inventory entry; exploratory unless promoted by a curated master-table row.
REGISTRY_1134,2026-09-02,taskD_exploratory,taskD_exploratory,Nemotron_taskD_GSM8K,169.6M,OpenWebText continuations,OpenWebText,Nemotron_taskD_GSM8K,A_task,A_task,P2_bilinear_r2,hg,candidate within state,1,,,,,,,,,within_r2,,-0.18425001473842673,,,,,,,negative_or_zero,no,rescue_audit/results/screen_taskD_all_quick/report.json,registry row 1134,Registry inventory entry; exploratory unless promoted by a curated master-table row.
REGISTRY_1135,2026-09-02,taskD_exploratory,taskD_exploratory,Nemotron_taskD_GSM8K,169.6M,OpenWebText continuations,OpenWebText,Nemotron_taskD_GSM8K,A_task,A_task,P2_bilinear_r4,hg,candidate within state,1,,,,,,,,,within_r2,,-0.2970511528558981,,,,,,,negative_or_zero,no,rescue_audit/results/screen_taskD_all_quick/report.json,registry row 1135,Registry inventory entry; exploratory unless promoted by a curated master-table row.
REGISTRY_1136,2026-09-02,taskD_exploratory,taskD_exploratory,Nemotron_taskD_GSM8K,169.6M,OpenWebText continuations,OpenWebText,Nemotron_taskD_GSM8K,A_task,A_task,P2_bilinear_r8,hg,candidate within state,1,,,,,,,,,within_r2,,-0.55746371433682,,,,,,,negative_or_zero,no,rescue_audit/results/screen_taskD_all_quick/report.json,registry row 1136,Registry inventory entry; exploratory unless promoted by a curated master-table row.
REGISTRY_1137,2026-09-02,taskD_exploratory,taskD_exploratory,Nemotron_taskD_GSM8K,169.6M,OpenWebText continuations,OpenWebText,Nemotron_taskD_GSM8K,A_task,A_task,P2_shuffled_hg,hg,candidate within state,1,,,,,,,,,within_r2,,-0.8533126000210485,,,,,,,negative_or_zero,no,rescue_audit/results/screen_taskD_all_quick/report.json,registry row 1137,Registry inventory entry; exploratory unless promoted by a curated master-table row.
REGISTRY_1138,2026-09-02,taskD_exploratory,taskD_exploratory,Nemotron_taskD_GSM8K,169.6M,OpenWebText continuations,OpenWebText,Nemotron_taskD_GSM8K,A_task,A_task,P2_gaussian_hg,hg,candidate within state,1,,,,,,,,,within_r2,,-0.831244466821458,,,,,,,negative_or_zero,no,rescue_audit/results/screen_taskD_all_quick/report.json,registry row 1138,Registry inventory entry; exploratory unless promoted by a curated master-table row.
REGISTRY_1139,2026-09-02,taskD_exploratory,taskD_exploratory,Nemotron_taskD_GSM8K,169.6M,OpenWebText continuations,OpenWebText,Nemotron_taskD_GSM8K,A_task,A_task,P3_FiLM,hg,candidate within state,1,,,,,,,,,within_r2,,-0.05027208579560205,,,,,,,negative_or_zero,no,rescue_audit/results/screen_taskD_all_quick/report.json,registry row 1139,Registry inventory entry; exploratory unless promoted by a curated master-table row.
REGISTRY_1140,2026-09-02,taskD_exploratory,taskD_exploratory,Nemotron_taskD_GSM8K,169.6M,OpenWebText continuations,OpenWebText,Nemotron_taskD_GSM8K,A_task,A_task,P4_relational_MLP,hg,candidate within state,1,,,,,,,,,within_r2,,-0.012403126359009864,,,,,,,negative_or_zero,no,rescue_audit/results/screen_taskD_all_quick/report.json,registry row 1140,Registry inventory entry; exploratory unless promoted by a curated master-table row.
REGISTRY_1141,2026-09-02,taskD_exploratory,taskD_exploratory,Nemotron_taskD_GSM8K,169.6M,OpenWebText continuations,OpenWebText,Nemotron_taskD_GSM8K,A_task,A_task,P8_RankNet,hg,candidate within state,1,,,,,,,,,within_r2,,-0.06920450372231413,,,,,,,negative_or_zero,no,rescue_audit/results/screen_taskD_all_quick/report.json,registry row 1141,Registry inventory entry; exploratory unless promoted by a curated master-table row.
REGISTRY_1142,2026-09-02,taskD_exploratory,taskD_exploratory,Nemotron_taskD_GSM8K,169.6M,OpenWebText continuations,OpenWebText,Nemotron_taskD_GSM8K,A_task,A_task,P9_ListNet,hg,candidate within state,1,,,,,,,,,within_r2,,-0.012845610593040568,,,,,,,negative_or_zero,no,rescue_audit/results/screen_taskD_all_quick/report.json,registry row 1142,Registry inventory entry; exploratory unless promoted by a curated master-table row.
REGISTRY_1143,2026-09-02,taskD_exploratory,taskD_exploratory,Nemotron_taskD_GSM8K,169.6M,OpenWebText continuations,OpenWebText,Nemotron_taskD_GSM8K,A_task,A_task,P5_rbf,hg,candidate within state,1,,,,,,,,,within_r2,,0.002342792977678254,,,,,,,positive,no,rescue_audit/results/screen_taskD_all_quick/report.json,registry row 1143,Registry inventory entry; exploratory unless promoted by a curated master-table row.
REGISTRY_1144,2026-09-02,taskD_exploratory,taskD_exploratory,Nemotron_taskD_GSM8K,169.6M,OpenWebText continuations,OpenWebText,Nemotron_taskD_GSM8K,A_task,A_task,P6_boosting,hg,candidate within state,1,,,,,,,,,within_r2,,-0.02304206486492366,,,,,,,negative_or_zero,no,rescue_audit/results/screen_taskD_all_quick/report.json,registry row 1144,Registry inventory entry; exploratory unless promoted by a curated master-table row.
REGISTRY_1145,2026-09-02,taskD_exploratory,taskD_exploratory,Nemotron_taskD_GSM8K,169.6M,OpenWebText continuations,OpenWebText,Nemotron_taskD_GSM8K,A_task,A_task,P6_boosting_cheap,hg,candidate within state,1,,,,,,,,,within_r2,,-0.029612880126353325,,,,,,,negative_or_zero,no,rescue_audit/results/screen_taskD_all_quick/report.json,registry row 1145,Registry inventory entry; exploratory unless promoted by a curated master-table row.
REGISTRY_1146,2026-09-02,taskD_exploratory,taskD_exploratory,Nemotron_taskD_GSM8K,169.6M,OpenWebText continuations,OpenWebText,Nemotron_taskD_GSM8K,A_task,A_task,P7_pairwise_hi,hg,candidate within state,1,,,,,,,,,within_r2,,-6.7473704932969145,,,,,,,negative_or_zero,no,rescue_audit/results/screen_taskD_all_quick/report.json,registry row 1146,Registry inventory entry; exploratory unless promoted by a curated master-table row.
REGISTRY_1147,2026-09-02,taskD_exploratory,taskD_exploratory,Nemotron_taskD_GSM8K,169.6M,OpenWebText continuations,OpenWebText,Nemotron_taskD_GSM8K,A_task,A_task,P7_pairwise_relational,hg,candidate within state,1,,,,,,,,,within_r2,,-15.23801426142369,,,,,,,negative_or_zero,no,rescue_audit/results/screen_taskD_all_quick/report.json,registry row 1147,Registry inventory entry; exploratory unless promoted by a curated master-table row.
REGISTRY_1148,2026-09-02,taskD_exploratory,taskD_exploratory,Nemotron_taskD_GSM8K,169.6M,OpenWebText continuations,OpenWebText,Nemotron_taskD_GSM8K,A_task,A_task,P10_action_hash_diagnostic,hg,candidate within state,1,,,,,,,,,within_r2,,-0.025153927431237344,,,,,,,negative_or_zero,no,rescue_audit/results/screen_taskD_all_quick/report.json,registry row 1148,Registry inventory entry; exploratory unless promoted by a curated master-table row.
REGISTRY_1149,2026-09-02,taskD_exploratory,taskD_exploratory,Nemotron_taskD_GSM8K,169.6M,OpenWebText continuations,OpenWebText,Nemotron_taskD_GSM8K,A_task,A_task,P12_adjacent_1_0,hg,candidate within state,1,,,,,,,,,within_r2,,0.0009562915154445184,,,,,,,positive,no,rescue_audit/results/screen_taskD_all_quick/report.json,registry row 1149,Registry inventory entry; exploratory unless promoted by a curated master-table row.
REGISTRY_1150,2026-09-02,taskD_exploratory,taskD_exploratory,Nemotron_taskD_GSM8K,169.6M,OpenWebText continuations,OpenWebText,Nemotron_taskD_GSM8K,A_task,A_task,P12_adjacent_1_1,hg,candidate within state,1,,,,,,,,,within_r2,,-0.0018592729021400523,,,,,,,negative_or_zero,no,rescue_audit/results/screen_taskD_all_quick/report.json,registry row 1150,Registry inventory entry; exploratory unless promoted by a curated master-table row.
REGISTRY_1151,2026-09-02,taskD_exploratory,taskD_exploratory,Nemotron_taskD_GSM8K,169.6M,OpenWebText continuations,OpenWebText,Nemotron_taskD_GSM8K,A_task,A_task,P12_adjacent_1_2,hg,candidate within state,1,,,,,,,,,within_r2,,0.0005033928561541945,,,,,,,positive,no,rescue_audit/results/screen_taskD_all_quick/report.json,registry row 1151,Registry inventory entry; exploratory unless promoted by a curated master-table row.
REGISTRY_1152,2026-09-02,taskD_exploratory,taskD_exploratory,Nemotron_taskD_GSM8K,169.6M,OpenWebText continuations,OpenWebText,Nemotron_taskD_GSM8K,A_task,A_task,P12_adjacent_1_3,hg,candidate within state,1,,,,,,,,,within_r2,,-0.002758886090060475,,,,,,,negative_or_zero,no,rescue_audit/results/screen_taskD_all_quick/report.json,registry row 1152,Registry inventory entry; exploratory unless promoted by a curated master-table row.
REGISTRY_1153,2026-09-02,taskD_exploratory,taskD_exploratory,Nemotron_taskD_GSM8K,169.6M,OpenWebText continuations,OpenWebText,Nemotron_taskD_GSM8K,A_task,A_task,P12_scalar_mix,hg,candidate within state,1,,,,,,,,,within_r2,,-0.04261341853409717,,,,,,,negative_or_zero,no,rescue_audit/results/screen_taskD_all_quick/report.json,registry row 1153,Registry inventory entry; exploratory unless promoted by a curated master-table row.
REGISTRY_1154,2026-09-02,taskD_exploratory,taskD_exploratory,Nemotron_taskD_GSM8K,169.6M,OpenWebText continuations,OpenWebText,Nemotron_taskD_GSM8K,A_task,A_task,P13_PLS,hg,candidate within state,1,,,,,,,,,within_r2,,0.001114809901501146,,,,,,,positive,no,rescue_audit/results/screen_taskD_all_quick/report.json,registry row 1154,Registry inventory entry; exploratory unless promoted by a curated master-table row.
REGISTRY_1155,2026-09-02,taskD_exploratory,taskD_exploratory,Nemotron_taskD_GSM8K,169.6M,OpenWebText continuations,OpenWebText,Nemotron_taskD_GSM8K,A_task,A_task,P0_cheap,hg,candidate within state,12,,,,,,,,,within_r2,,0.001860964299461143,,,,,,,positive,no,rescue_audit/results/screen_taskD_all_quick/report.json,registry row 1155,Registry inventory entry; exploratory unless promoted by a curated master-table row.
REGISTRY_1156,2026-09-02,taskD_exploratory,taskD_exploratory,Nemotron_taskD_GSM8K,169.6M,OpenWebText continuations,OpenWebText,Nemotron_taskD_GSM8K,A_task,A_task,P0_hi,hg,candidate within state,12,,,,,,,,,within_r2,,0.0038239025089270573,,,,,,,positive,no,rescue_audit/results/screen_taskD_all_quick/report.json,registry row 1156,Registry inventory entry; exploratory unless promoted by a curated master-table row.
REGISTRY_1157,2026-09-02,taskD_exploratory,taskD_exploratory,Nemotron_taskD_GSM8K,169.6M,OpenWebText continuations,OpenWebText,Nemotron_taskD_GSM8K,A_task,A_task,P0_hg,hg,candidate within state,12,,,,,,,,,within_r2,,-4.21729318134112e-12,,,,,,,negative_or_zero,no,rescue_audit/results/screen_taskD_all_quick/report.json,registry row 1157,Registry inventory entry; exploratory unless promoted by a curated master-table row.
REGISTRY_1158,2026-09-02,taskD_exploratory,taskD_exploratory,Nemotron_taskD_GSM8K,169.6M,OpenWebText continuations,OpenWebText,Nemotron_taskD_GSM8K,A_task,A_task,P0_cheap_hi,hg,candidate within state,12,,,,,,,,,within_r2,,0.004055303335729676,,,,,,,positive,no,rescue_audit/results/screen_taskD_all_quick/report.json,registry row 1158,Registry inventory entry; exploratory unless promoted by a curated master-table row.
REGISTRY_1159,2026-09-02,taskD_exploratory,taskD_exploratory,Nemotron_taskD_GSM8K,169.6M,OpenWebText continuations,OpenWebText,Nemotron_taskD_GSM8K,A_task,A_task,P0_cheap_hi_hg,hg,candidate within state,12,,,,,,,,,within_r2,,0.004904865764892685,,,,,,,positive,no,rescue_audit/results/screen_taskD_all_quick/report.json,registry row 1159,Registry inventory entry; exploratory unless promoted by a curated master-table row.
REGISTRY_1160,2026-09-02,taskD_exploratory,taskD_exploratory,Nemotron_taskD_GSM8K,169.6M,OpenWebText continuations,OpenWebText,Nemotron_taskD_GSM8K,A_task,A_task,P1_residual_hi,hg,candidate within state,12,,,,,,,,,within_r2,,0.004068163206641828,,,,,,,positive,no,rescue_audit/results/screen_taskD_all_quick/report.json,registry row 1160,Registry inventory entry; exploratory unless promoted by a curated master-table row.
REGISTRY_1161,2026-09-02,taskD_exploratory,taskD_exploratory,Nemotron_taskD_GSM8K,169.6M,OpenWebText continuations,OpenWebText,Nemotron_taskD_GSM8K,A_task,A_task,P1_residual_hi_hg,hg,candidate within state,12,,,,,,,,,within_r2,,0.004968620616476405,,,,,,,positive,no,rescue_audit/results/screen_taskD_all_quick/report.json,registry row 1161,Registry inventory entry; exploratory unless promoted by a curated master-table row.
REGISTRY_1162,2026-09-02,taskD_exploratory,taskD_exploratory,Nemotron_taskD_GSM8K,169.6M,OpenWebText continuations,OpenWebText,Nemotron_taskD_GSM8K,A_task,A_task,P2_bilinear_r2,hg,candidate within state,12,,,,,,,,,within_r2,,-0.083342307665498,,,,,,,negative_or_zero,no,rescue_audit/results/screen_taskD_all_quick/report.json,registry row 1162,Registry inventory entry; exploratory unless promoted by a curated master-table row.
REGISTRY_1163,2026-09-02,taskD_exploratory,taskD_exploratory,Nemotron_taskD_GSM8K,169.6M,OpenWebText continuations,OpenWebText,Nemotron_taskD_GSM8K,A_task,A_task,P2_bilinear_r4,hg,candidate within state,12,,,,,,,,,within_r2,,-0.1590159942149154,,,,,,,negative_or_zero,no,rescue_audit/results/screen_taskD_all_quick/report.json,registry row 1163,Registry inventory entry; exploratory unless promoted by a curated master-table row.
REGISTRY_1164,2026-09-02,taskD_exploratory,taskD_exploratory,Nemotron_taskD_GSM8K,169.6M,OpenWebText continuations,OpenWebText,Nemotron_taskD_GSM8K,A_task,A_task,P2_bilinear_r8,hg,candidate within state,12,,,,,,,,,within_r2,,-0.2835591422727881,,,,,,,negative_or_zero,no,rescue_audit/results/screen_taskD_all_quick/report.json,registry row 1164,Registry inventory entry; exploratory unless promoted by a curated master-table row.
REGISTRY_1165,2026-09-02,taskD_exploratory,taskD_exploratory,Nemotron_taskD_GSM8K,169.6M,OpenWebText continuations,OpenWebText,Nemotron_taskD_GSM8K,A_task,A_task,P2_shuffled_hg,hg,candidate within state,12,,,,,,,,,within_r2,,-0.6326162219775509,,,,,,,negative_or_zero,no,rescue_audit/results/screen_taskD_all_quick/report.json,registry row 1165,Registry inventory entry; exploratory unless promoted by a curated master-table row.
REGISTRY_1166,2026-09-02,taskD_exploratory,taskD_exploratory,Nemotron_taskD_GSM8K,169.6M,OpenWebText continuations,OpenWebText,Nemotron_taskD_GSM8K,A_task,A_task,P2_gaussian_hg,hg,candidate within state,12,,,,,,,,,within_r2,,-0.5431694089989025,,,,,,,negative_or_zero,no,rescue_audit/results/screen_taskD_all_quick/report.json,registry row 1166,Registry inventory entry; exploratory unless promoted by a curated master-table row.
REGISTRY_1167,2026-09-02,taskD_exploratory,taskD_exploratory,Nemotron_taskD_GSM8K,169.6M,OpenWebText continuations,OpenWebText,Nemotron_taskD_GSM8K,A_task,A_task,P3_FiLM,hg,candidate within state,12,,,,,,,,,within_r2,,-0.033562363508446325,,,,,,,negative_or_zero,no,rescue_audit/results/screen_taskD_all_quick/report.json,registry row 1167,Registry inventory entry; exploratory unless promoted by a curated master-table row.
REGISTRY_1168,2026-09-02,taskD_exploratory,taskD_exploratory,Nemotron_taskD_GSM8K,169.6M,OpenWebText continuations,OpenWebText,Nemotron_taskD_GSM8K,A_task,A_task,P4_relational_MLP,hg,candidate within state,12,,,,,,,,,within_r2,,-0.003429999950220086,,,,,,,negative_or_zero,no,rescue_audit/results/screen_taskD_all_quick/report.json,registry row 1168,Registry inventory entry; exploratory unless promoted by a curated master-table row.
REGISTRY_1169,2026-09-02,taskD_exploratory,taskD_exploratory,Nemotron_taskD_GSM8K,169.6M,OpenWebText continuations,OpenWebText,Nemotron_taskD_GSM8K,A_task,A_task,P8_RankNet,hg,candidate within state,12,,,,,,,,,within_r2,,-0.08681130808500392,,,,,,,negative_or_zero,no,rescue_audit/results/screen_taskD_all_quick/report.json,registry row 1169,Registry inventory entry; exploratory unless promoted by a curated master-table row.
REGISTRY_1170,2026-09-02,taskD_exploratory,taskD_exploratory,Nemotron_taskD_GSM8K,169.6M,OpenWebText continuations,OpenWebText,Nemotron_taskD_GSM8K,A_task,A_task,P9_ListNet,hg,candidate within state,12,,,,,,,,,within_r2,,0.0012206104668011086,,,,,,,positive,no,rescue_audit/results/screen_taskD_all_quick/report.json,registry row 1170,Registry inventory entry; exploratory unless promoted by a curated master-table row.
REGISTRY_1171,2026-09-02,taskD_exploratory,taskD_exploratory,Nemotron_taskD_GSM8K,169.6M,OpenWebText continuations,OpenWebText,Nemotron_taskD_GSM8K,A_task,A_task,P5_rbf,hg,candidate within state,12,,,,,,,,,within_r2,,-0.010648605575655834,,,,,,,negative_or_zero,no,rescue_audit/results/screen_taskD_all_quick/report.json,registry row 1171,Registry inventory entry; exploratory unless promoted by a curated master-table row.
REGISTRY_1172,2026-09-02,taskD_exploratory,taskD_exploratory,Nemotron_taskD_GSM8K,169.6M,OpenWebText continuations,OpenWebText,Nemotron_taskD_GSM8K,A_task,A_task,P6_boosting,hg,candidate within state,12,,,,,,,,,within_r2,,-0.021521956240205142,,,,,,,negative_or_zero,no,rescue_audit/results/screen_taskD_all_quick/report.json,registry row 1172,Registry inventory entry; exploratory unless promoted by a curated master-table row.
REGISTRY_1173,2026-09-02,taskD_exploratory,taskD_exploratory,Nemotron_taskD_GSM8K,169.6M,OpenWebText continuations,OpenWebText,Nemotron_taskD_GSM8K,A_task,A_task,P6_boosting_cheap,hg,candidate within state,12,,,,,,,,,within_r2,,-0.019750844905349396,,,,,,,negative_or_zero,no,rescue_audit/results/screen_taskD_all_quick/report.json,registry row 1173,Registry inventory entry; exploratory unless promoted by a curated master-table row.
REGISTRY_1174,2026-09-02,taskD_exploratory,taskD_exploratory,Nemotron_taskD_GSM8K,169.6M,OpenWebText continuations,OpenWebText,Nemotron_taskD_GSM8K,A_task,A_task,P7_pairwise_hi,hg,candidate within state,12,,,,,,,,,within_r2,,-6.085075793326402,,,,,,,negative_or_zero,no,rescue_audit/results/screen_taskD_all_quick/report.json,registry row 1174,Registry inventory entry; exploratory unless promoted by a curated master-table row.
REGISTRY_1175,2026-09-02,taskD_exploratory,taskD_exploratory,Nemotron_taskD_GSM8K,169.6M,OpenWebText continuations,OpenWebText,Nemotron_taskD_GSM8K,A_task,A_task,P7_pairwise_relational,hg,candidate within state,12,,,,,,,,,within_r2,,-9.795677557065027,,,,,,,negative_or_zero,no,rescue_audit/results/screen_taskD_all_quick/report.json,registry row 1175,Registry inventory entry; exploratory unless promoted by a curated master-table row.
REGISTRY_1176,2026-09-02,taskD_exploratory,taskD_exploratory,Nemotron_taskD_GSM8K,169.6M,OpenWebText continuations,OpenWebText,Nemotron_taskD_GSM8K,A_task,A_task,P10_action_hash_diagnostic,hg,candidate within state,12,,,,,,,,,within_r2,,-0.00925220034536367,,,,,,,negative_or_zero,no,rescue_audit/results/screen_taskD_all_quick/report.json,registry row 1176,Registry inventory entry; exploratory unless promoted by a curated master-table row.
REGISTRY_1177,2026-09-02,taskD_exploratory,taskD_exploratory,Nemotron_taskD_GSM8K,169.6M,OpenWebText continuations,OpenWebText,Nemotron_taskD_GSM8K,A_task,A_task,P12_adjacent_12_10,hg,candidate within state,12,,,,,,,,,within_r2,,0.00349137878887118,,,,,,,positive,no,rescue_audit/results/screen_taskD_all_quick/report.json,registry row 1177,Registry inventory entry; exploratory unless promoted by a curated master-table row.
REGISTRY_1178,2026-09-02,taskD_exploratory,taskD_exploratory,Nemotron_taskD_GSM8K,169.6M,OpenWebText continuations,OpenWebText,Nemotron_taskD_GSM8K,A_task,A_task,P12_adjacent_12_11,hg,candidate within state,12,,,,,,,,,within_r2,,0.001727070455988633,,,,,,,positive,no,rescue_audit/results/screen_taskD_all_quick/report.json,registry row 1178,Registry inventory entry; exploratory unless promoted by a curated master-table row.
REGISTRY_1179,2026-09-02,taskD_exploratory,taskD_exploratory,Nemotron_taskD_GSM8K,169.6M,OpenWebText continuations,OpenWebText,Nemotron_taskD_GSM8K,A_task,A_task,P12_adjacent_12_12,hg,candidate within state,12,,,,,,,,,within_r2,,0.0003382823780471167,,,,,,,positive,no,rescue_audit/results/screen_taskD_all_quick/report.json,registry row 1179,Registry inventory entry; exploratory unless promoted by a curated master-table row.
REGISTRY_1180,2026-09-02,taskD_exploratory,taskD_exploratory,Nemotron_taskD_GSM8K,169.6M,OpenWebText continuations,OpenWebText,Nemotron_taskD_GSM8K,A_task,A_task,P12_scalar_mix,hg,candidate within state,12,,,,,,,,,within_r2,,-0.018343020805893007,,,,,,,negative_or_zero,no,rescue_audit/results/screen_taskD_all_quick/report.json,registry row 1180,Registry inventory entry; exploratory unless promoted by a curated master-table row.
REGISTRY_1181,2026-09-02,taskD_exploratory,taskD_exploratory,Nemotron_taskD_GSM8K,169.6M,OpenWebText continuations,OpenWebText,Nemotron_taskD_GSM8K,A_task,A_task,P13_PLS,hg,candidate within state,12,,,,,,,,,within_r2,,-0.005107982449912729,,,,,,,negative_or_zero,no,rescue_audit/results/screen_taskD_all_quick/report.json,registry row 1181,Registry inventory entry; exploratory unless promoted by a curated master-table row.
REGISTRY_1182,2026-09-02,taskE_svamp_exploratory,taskE_svamp_exploratory,Nemotron_taskE_SVAMP,169.6M,OpenWebText continuations,OpenWebText,Nemotron_taskE_SVAMP,A_task,A_task,P0_cheap,hg,candidate within state,8,,,,,,,,,within_r2,,0.00017744905062977434,,,,,,,positive,no,rescue_audit/results/screen_taskE_svamp_all_quick/report.json,registry row 1182,Registry inventory entry; exploratory unless promoted by a curated master-table row.
REGISTRY_1183,2026-09-02,taskE_svamp_exploratory,taskE_svamp_exploratory,Nemotron_taskE_SVAMP,169.6M,OpenWebText continuations,OpenWebText,Nemotron_taskE_SVAMP,A_task,A_task,P0_hi,hg,candidate within state,8,,,,,,,,,within_r2,,0.002001647638932069,,,,,,,positive,no,rescue_audit/results/screen_taskE_svamp_all_quick/report.json,registry row 1183,Registry inventory entry; exploratory unless promoted by a curated master-table row.
REGISTRY_1184,2026-09-02,taskE_svamp_exploratory,taskE_svamp_exploratory,Nemotron_taskE_SVAMP,169.6M,OpenWebText continuations,OpenWebText,Nemotron_taskE_SVAMP,A_task,A_task,P0_hg,hg,candidate within state,8,,,,,,,,,within_r2,,6.169419419777e-10,,,,,,,positive,no,rescue_audit/results/screen_taskE_svamp_all_quick/report.json,registry row 1184,Registry inventory entry; exploratory unless promoted by a curated master-table row.
REGISTRY_1185,2026-09-02,taskE_svamp_exploratory,taskE_svamp_exploratory,Nemotron_taskE_SVAMP,169.6M,OpenWebText continuations,OpenWebText,Nemotron_taskE_SVAMP,A_task,A_task,P0_cheap_hi,hg,candidate within state,8,,,,,,,,,within_r2,,0.0020208307517176616,,,,,,,positive,no,rescue_audit/results/screen_taskE_svamp_all_quick/report.json,registry row 1185,Registry inventory entry; exploratory unless promoted by a curated master-table row.
REGISTRY_1186,2026-09-02,taskE_svamp_exploratory,taskE_svamp_exploratory,Nemotron_taskE_SVAMP,169.6M,OpenWebText continuations,OpenWebText,Nemotron_taskE_SVAMP,A_task,A_task,P0_cheap_hi_hg,hg,candidate within state,8,,,,,,,,,within_r2,,-0.00012258469342585343,,,,,,,negative_or_zero,no,rescue_audit/results/screen_taskE_svamp_all_quick/report.json,registry row 1186,Registry inventory entry; exploratory unless promoted by a curated master-table row.
REGISTRY_1187,2026-09-02,taskE_svamp_exploratory,taskE_svamp_exploratory,Nemotron_taskE_SVAMP,169.6M,OpenWebText continuations,OpenWebText,Nemotron_taskE_SVAMP,A_task,A_task,P1_residual_hi,hg,candidate within state,8,,,,,,,,,within_r2,,0.001557431558422362,,,,,,,positive,no,rescue_audit/results/screen_taskE_svamp_all_quick/report.json,registry row 1187,Registry inventory entry; exploratory unless promoted by a curated master-table row.
REGISTRY_1188,2026-09-02,taskE_svamp_exploratory,taskE_svamp_exploratory,Nemotron_taskE_SVAMP,169.6M,OpenWebText continuations,OpenWebText,Nemotron_taskE_SVAMP,A_task,A_task,P1_residual_hi_hg,hg,candidate within state,8,,,,,,,,,within_r2,,-0.0010086095771617565,,,,,,,negative_or_zero,no,rescue_audit/results/screen_taskE_svamp_all_quick/report.json,registry row 1188,Registry inventory entry; exploratory unless promoted by a curated master-table row.
REGISTRY_1189,2026-09-02,taskE_svamp_exploratory,taskE_svamp_exploratory,Nemotron_taskE_SVAMP,169.6M,OpenWebText continuations,OpenWebText,Nemotron_taskE_SVAMP,A_task,A_task,P2_bilinear_r2,hg,candidate within state,8,,,,,,,,,within_r2,,-0.08924691381807559,,,,,,,negative_or_zero,no,rescue_audit/results/screen_taskE_svamp_all_quick/report.json,registry row 1189,Registry inventory entry; exploratory unless promoted by a curated master-table row.
REGISTRY_1190,2026-09-02,taskE_svamp_exploratory,taskE_svamp_exploratory,Nemotron_taskE_SVAMP,169.6M,OpenWebText continuations,OpenWebText,Nemotron_taskE_SVAMP,A_task,A_task,P2_bilinear_r4,hg,candidate within state,8,,,,,,,,,within_r2,,-0.1826564182598409,,,,,,,negative_or_zero,no,rescue_audit/results/screen_taskE_svamp_all_quick/report.json,registry row 1190,Registry inventory entry; exploratory unless promoted by a curated master-table row.
REGISTRY_1191,2026-09-02,taskE_svamp_exploratory,taskE_svamp_exploratory,Nemotron_taskE_SVAMP,169.6M,OpenWebText continuations,OpenWebText,Nemotron_taskE_SVAMP,A_task,A_task,P2_bilinear_r8,hg,candidate within state,8,,,,,,,,,within_r2,,-0.3880964271408658,,,,,,,negative_or_zero,no,rescue_audit/results/screen_taskE_svamp_all_quick/report.json,registry row 1191,Registry inventory entry; exploratory unless promoted by a curated master-table row.
REGISTRY_1192,2026-09-02,taskE_svamp_exploratory,taskE_svamp_exploratory,Nemotron_taskE_SVAMP,169.6M,OpenWebText continuations,OpenWebText,Nemotron_taskE_SVAMP,A_task,A_task,P2_shuffled_hg,hg,candidate within state,8,,,,,,,,,within_r2,,-0.4279952796116777,,,,,,,negative_or_zero,no,rescue_audit/results/screen_taskE_svamp_all_quick/report.json,registry row 1192,Registry inventory entry; exploratory unless promoted by a curated master-table row.
REGISTRY_1193,2026-09-02,taskE_svamp_exploratory,taskE_svamp_exploratory,Nemotron_taskE_SVAMP,169.6M,OpenWebText continuations,OpenWebText,Nemotron_taskE_SVAMP,A_task,A_task,P2_gaussian_hg,hg,candidate within state,8,,,,,,,,,within_r2,,-0.47793092704866025,,,,,,,negative_or_zero,no,rescue_audit/results/screen_taskE_svamp_all_quick/report.json,registry row 1193,Registry inventory entry; exploratory unless promoted by a curated master-table row.
REGISTRY_1194,2026-09-02,taskE_svamp_exploratory,taskE_svamp_exploratory,Nemotron_taskE_SVAMP,169.6M,OpenWebText continuations,OpenWebText,Nemotron_taskE_SVAMP,A_task,A_task,P3_FiLM,hg,candidate within state,8,,,,,,,,,within_r2,,-0.023561940059260156,,,,,,,negative_or_zero,no,rescue_audit/results/screen_taskE_svamp_all_quick/report.json,registry row 1194,Registry inventory entry; exploratory unless promoted by a curated master-table row.
REGISTRY_1195,2026-09-02,taskE_svamp_exploratory,taskE_svamp_exploratory,Nemotron_taskE_SVAMP,169.6M,OpenWebText continuations,OpenWebText,Nemotron_taskE_SVAMP,A_task,A_task,P4_relational_MLP,hg,candidate within state,8,,,,,,,,,within_r2,,-0.006856795885938904,,,,,,,negative_or_zero,no,rescue_audit/results/screen_taskE_svamp_all_quick/report.json,registry row 1195,Registry inventory entry; exploratory unless promoted by a curated master-table row.
REGISTRY_1196,2026-09-02,taskE_svamp_exploratory,taskE_svamp_exploratory,Nemotron_taskE_SVAMP,169.6M,OpenWebText continuations,OpenWebText,Nemotron_taskE_SVAMP,A_task,A_task,P8_RankNet,hg,candidate within state,8,,,,,,,,,within_r2,,-0.22081466805804095,,,,,,,negative_or_zero,no,rescue_audit/results/screen_taskE_svamp_all_quick/report.json,registry row 1196,Registry inventory entry; exploratory unless promoted by a curated master-table row.
REGISTRY_1197,2026-09-02,taskE_svamp_exploratory,taskE_svamp_exploratory,Nemotron_taskE_SVAMP,169.6M,OpenWebText continuations,OpenWebText,Nemotron_taskE_SVAMP,A_task,A_task,P9_ListNet,hg,candidate within state,8,,,,,,,,,within_r2,,0.006089818120926127,,,,,,,positive,no,rescue_audit/results/screen_taskE_svamp_all_quick/report.json,registry row 1197,Registry inventory entry; exploratory unless promoted by a curated master-table row.
REGISTRY_1198,2026-09-02,taskE_svamp_exploratory,taskE_svamp_exploratory,Nemotron_taskE_SVAMP,169.6M,OpenWebText continuations,OpenWebText,Nemotron_taskE_SVAMP,A_task,A_task,P5_rbf,hg,candidate within state,8,,,,,,,,,within_r2,,0.00019468502134267762,,,,,,,positive,no,rescue_audit/results/screen_taskE_svamp_all_quick/report.json,registry row 1198,Registry inventory entry; exploratory unless promoted by a curated master-table row.
REGISTRY_1199,2026-09-02,taskE_svamp_exploratory,taskE_svamp_exploratory,Nemotron_taskE_SVAMP,169.6M,OpenWebText continuations,OpenWebText,Nemotron_taskE_SVAMP,A_task,A_task,P6_boosting,hg,candidate within state,8,,,,,,,,,within_r2,,-0.02905537461683383,,,,,,,negative_or_zero,no,rescue_audit/results/screen_taskE_svamp_all_quick/report.json,registry row 1199,Registry inventory entry; exploratory unless promoted by a curated master-table row.
REGISTRY_1200,2026-09-02,taskE_svamp_exploratory,taskE_svamp_exploratory,Nemotron_taskE_SVAMP,169.6M,OpenWebText continuations,OpenWebText,Nemotron_taskE_SVAMP,A_task,A_task,P6_boosting_cheap,hg,candidate within state,8,,,,,,,,,within_r2,,-0.07522989109954614,,,,,,,negative_or_zero,no,rescue_audit/results/screen_taskE_svamp_all_quick/report.json,registry row 1200,Registry inventory entry; exploratory unless promoted by a curated master-table row.
REGISTRY_1201,2026-09-02,taskE_svamp_exploratory,taskE_svamp_exploratory,Nemotron_taskE_SVAMP,169.6M,OpenWebText continuations,OpenWebText,Nemotron_taskE_SVAMP,A_task,A_task,P7_pairwise_hi,hg,candidate within state,8,,,,,,,,,within_r2,,-8.237320391265387,,,,,,,negative_or_zero,no,rescue_audit/results/screen_taskE_svamp_all_quick/report.json,registry row 1201,Registry inventory entry; exploratory unless promoted by a curated master-table row.
REGISTRY_1202,2026-09-02,taskE_svamp_exploratory,taskE_svamp_exploratory,Nemotron_taskE_SVAMP,169.6M,OpenWebText continuations,OpenWebText,Nemotron_taskE_SVAMP,A_task,A_task,P7_pairwise_relational,hg,candidate within state,8,,,,,,,,,within_r2,,-15.979062026053402,,,,,,,negative_or_zero,no,rescue_audit/results/screen_taskE_svamp_all_quick/report.json,registry row 1202,Registry inventory entry; exploratory unless promoted by a curated master-table row.
REGISTRY_1203,2026-09-02,taskE_svamp_exploratory,taskE_svamp_exploratory,Nemotron_taskE_SVAMP,169.6M,OpenWebText continuations,OpenWebText,Nemotron_taskE_SVAMP,A_task,A_task,P10_action_hash_diagnostic,hg,candidate within state,8,,,,,,,,,within_r2,,-0.020558512321845246,,,,,,,negative_or_zero,no,rescue_audit/results/screen_taskE_svamp_all_quick/report.json,registry row 1203,Registry inventory entry; exploratory unless promoted by a curated master-table row.
REGISTRY_1204,2026-09-02,taskE_svamp_exploratory,taskE_svamp_exploratory,Nemotron_taskE_SVAMP,169.6M,OpenWebText continuations,OpenWebText,Nemotron_taskE_SVAMP,A_task,A_task,P12_adjacent_8_6,hg,candidate within state,8,,,,,,,,,within_r2,,0.003147076435339069,,,,,,,positive,no,rescue_audit/results/screen_taskE_svamp_all_quick/report.json,registry row 1204,Registry inventory entry; exploratory unless promoted by a curated master-table row.
REGISTRY_1205,2026-09-02,taskE_svamp_exploratory,taskE_svamp_exploratory,Nemotron_taskE_SVAMP,169.6M,OpenWebText continuations,OpenWebText,Nemotron_taskE_SVAMP,A_task,A_task,P12_adjacent_8_7,hg,candidate within state,8,,,,,,,,,within_r2,,0.0028464170920107223,,,,,,,positive,no,rescue_audit/results/screen_taskE_svamp_all_quick/report.json,registry row 1205,Registry inventory entry; exploratory unless promoted by a curated master-table row.
REGISTRY_1206,2026-09-02,taskE_svamp_exploratory,taskE_svamp_exploratory,Nemotron_taskE_SVAMP,169.6M,OpenWebText continuations,OpenWebText,Nemotron_taskE_SVAMP,A_task,A_task,P12_adjacent_8_8,hg,candidate within state,8,,,,,,,,,within_r2,,0.0028756217294764186,,,,,,,positive,no,rescue_audit/results/screen_taskE_svamp_all_quick/report.json,registry row 1206,Registry inventory entry; exploratory unless promoted by a curated master-table row.
REGISTRY_1207,2026-09-02,taskE_svamp_exploratory,taskE_svamp_exploratory,Nemotron_taskE_SVAMP,169.6M,OpenWebText continuations,OpenWebText,Nemotron_taskE_SVAMP,A_task,A_task,P12_adjacent_8_9,hg,candidate within state,8,,,,,,,,,within_r2,,0.0024955110839777195,,,,,,,positive,no,rescue_audit/results/screen_taskE_svamp_all_quick/report.json,registry row 1207,Registry inventory entry; exploratory unless promoted by a curated master-table row.
REGISTRY_1208,2026-09-02,taskE_svamp_exploratory,taskE_svamp_exploratory,Nemotron_taskE_SVAMP,169.6M,OpenWebText continuations,OpenWebText,Nemotron_taskE_SVAMP,A_task,A_task,P12_adjacent_8_10,hg,candidate within state,8,,,,,,,,,within_r2,,0.00245656692834495,,,,,,,positive,no,rescue_audit/results/screen_taskE_svamp_all_quick/report.json,registry row 1208,Registry inventory entry; exploratory unless promoted by a curated master-table row.
REGISTRY_1209,2026-09-02,taskE_svamp_exploratory,taskE_svamp_exploratory,Nemotron_taskE_SVAMP,169.6M,OpenWebText continuations,OpenWebText,Nemotron_taskE_SVAMP,A_task,A_task,P12_scalar_mix,hg,candidate within state,8,,,,,,,,,within_r2,,-0.006084140887594902,,,,,,,negative_or_zero,no,rescue_audit/results/screen_taskE_svamp_all_quick/report.json,registry row 1209,Registry inventory entry; exploratory unless promoted by a curated master-table row.
REGISTRY_1210,2026-09-02,taskE_svamp_exploratory,taskE_svamp_exploratory,Nemotron_taskE_SVAMP,169.6M,OpenWebText continuations,OpenWebText,Nemotron_taskE_SVAMP,A_task,A_task,P13_PLS,hg,candidate within state,8,,,,,,,,,within_r2,,-0.0037858099991181504,,,,,,,negative_or_zero,no,rescue_audit/results/screen_taskE_svamp_all_quick/report.json,registry row 1210,Registry inventory entry; exploratory unless promoted by a curated master-table row.
REGISTRY_1211,2026-09-02,taskE_svamp_exploratory,taskE_svamp_exploratory,Nemotron_taskE_SVAMP,169.6M,OpenWebText continuations,OpenWebText,Nemotron_taskE_SVAMP,A_task,A_task,P0_cheap,hg,candidate within state,12,,,,,,,,,within_r2,,0.0009305903606107169,,,,,,,positive,no,rescue_audit/results/screen_taskE_svamp_all_quick/report.json,registry row 1211,Registry inventory entry; exploratory unless promoted by a curated master-table row.
REGISTRY_1212,2026-09-02,taskE_svamp_exploratory,taskE_svamp_exploratory,Nemotron_taskE_SVAMP,169.6M,OpenWebText continuations,OpenWebText,Nemotron_taskE_SVAMP,A_task,A_task,P0_hi,hg,candidate within state,12,,,,,,,,,within_r2,,-1.3453862039769504e-05,,,,,,,negative_or_zero,no,rescue_audit/results/screen_taskE_svamp_all_quick/report.json,registry row 1212,Registry inventory entry; exploratory unless promoted by a curated master-table row.
REGISTRY_1213,2026-09-02,taskE_svamp_exploratory,taskE_svamp_exploratory,Nemotron_taskE_SVAMP,169.6M,OpenWebText continuations,OpenWebText,Nemotron_taskE_SVAMP,A_task,A_task,P0_hg,hg,candidate within state,12,,,,,,,,,within_r2,,-4.32613944667537e-11,,,,,,,negative_or_zero,no,rescue_audit/results/screen_taskE_svamp_all_quick/report.json,registry row 1213,Registry inventory entry; exploratory unless promoted by a curated master-table row.
REGISTRY_1214,2026-09-02,taskE_svamp_exploratory,taskE_svamp_exploratory,Nemotron_taskE_SVAMP,169.6M,OpenWebText continuations,OpenWebText,Nemotron_taskE_SVAMP,A_task,A_task,P0_cheap_hi,hg,candidate within state,12,,,,,,,,,within_r2,,4.631045965652891e-05,,,,,,,positive,no,rescue_audit/results/screen_taskE_svamp_all_quick/report.json,registry row 1214,Registry inventory entry; exploratory unless promoted by a curated master-table row.
REGISTRY_1215,2026-09-02,taskE_svamp_exploratory,taskE_svamp_exploratory,Nemotron_taskE_SVAMP,169.6M,OpenWebText continuations,OpenWebText,Nemotron_taskE_SVAMP,A_task,A_task,P0_cheap_hi_hg,hg,candidate within state,12,,,,,,,,,within_r2,,-0.0006611632549757829,,,,,,,negative_or_zero,no,rescue_audit/results/screen_taskE_svamp_all_quick/report.json,registry row 1215,Registry inventory entry; exploratory unless promoted by a curated master-table row.
REGISTRY_1216,2026-09-02,taskE_svamp_exploratory,taskE_svamp_exploratory,Nemotron_taskE_SVAMP,169.6M,OpenWebText continuations,OpenWebText,Nemotron_taskE_SVAMP,A_task,A_task,P1_residual_hi,hg,candidate within state,12,,,,,,,,,within_r2,,0.0002957608408256096,,,,,,,positive,no,rescue_audit/results/screen_taskE_svamp_all_quick/report.json,registry row 1216,Registry inventory entry; exploratory unless promoted by a curated master-table row.
REGISTRY_1217,2026-09-02,taskE_svamp_exploratory,taskE_svamp_exploratory,Nemotron_taskE_SVAMP,169.6M,OpenWebText continuations,OpenWebText,Nemotron_taskE_SVAMP,A_task,A_task,P1_residual_hi_hg,hg,candidate within state,12,,,,,,,,,within_r2,,-0.00011756490910186379,,,,,,,negative_or_zero,no,rescue_audit/results/screen_taskE_svamp_all_quick/report.json,registry row 1217,Registry inventory entry; exploratory unless promoted by a curated master-table row.
REGISTRY_1218,2026-09-02,taskE_svamp_exploratory,taskE_svamp_exploratory,Nemotron_taskE_SVAMP,169.6M,OpenWebText continuations,OpenWebText,Nemotron_taskE_SVAMP,A_task,A_task,P2_bilinear_r2,hg,candidate within state,12,,,,,,,,,within_r2,,-0.1062744525800845,,,,,,,negative_or_zero,no,rescue_audit/results/screen_taskE_svamp_all_quick/report.json,registry row 1218,Registry inventory entry; exploratory unless promoted by a curated master-table row.
REGISTRY_1219,2026-09-02,taskE_svamp_exploratory,taskE_svamp_exploratory,Nemotron_taskE_SVAMP,169.6M,OpenWebText continuations,OpenWebText,Nemotron_taskE_SVAMP,A_task,A_task,P2_bilinear_r4,hg,candidate within state,12,,,,,,,,,within_r2,,-0.16196168766215546,,,,,,,negative_or_zero,no,rescue_audit/results/screen_taskE_svamp_all_quick/report.json,registry row 1219,Registry inventory entry; exploratory unless promoted by a curated master-table row.
REGISTRY_1220,2026-09-02,taskE_svamp_exploratory,taskE_svamp_exploratory,Nemotron_taskE_SVAMP,169.6M,OpenWebText continuations,OpenWebText,Nemotron_taskE_SVAMP,A_task,A_task,P2_bilinear_r8,hg,candidate within state,12,,,,,,,,,within_r2,,-0.2613865997688287,,,,,,,negative_or_zero,no,rescue_audit/results/screen_taskE_svamp_all_quick/report.json,registry row 1220,Registry inventory entry; exploratory unless promoted by a curated master-table row.
REGISTRY_1221,2026-09-02,taskE_svamp_exploratory,taskE_svamp_exploratory,Nemotron_taskE_SVAMP,169.6M,OpenWebText continuations,OpenWebText,Nemotron_taskE_SVAMP,A_task,A_task,P2_shuffled_hg,hg,candidate within state,12,,,,,,,,,within_r2,,-0.6115649896755411,,,,,,,negative_or_zero,no,rescue_audit/results/screen_taskE_svamp_all_quick/report.json,registry row 1221,Registry inventory entry; exploratory unless promoted by a curated master-table row.
REGISTRY_1222,2026-09-02,taskE_svamp_exploratory,taskE_svamp_exploratory,Nemotron_taskE_SVAMP,169.6M,OpenWebText continuations,OpenWebText,Nemotron_taskE_SVAMP,A_task,A_task,P2_gaussian_hg,hg,candidate within state,12,,,,,,,,,within_r2,,-0.6733733865732119,,,,,,,negative_or_zero,no,rescue_audit/results/screen_taskE_svamp_all_quick/report.json,registry row 1222,Registry inventory entry; exploratory unless promoted by a curated master-table row.
REGISTRY_1223,2026-09-02,taskE_svamp_exploratory,taskE_svamp_exploratory,Nemotron_taskE_SVAMP,169.6M,OpenWebText continuations,OpenWebText,Nemotron_taskE_SVAMP,A_task,A_task,P3_FiLM,hg,candidate within state,12,,,,,,,,,within_r2,,-0.0202821736165939,,,,,,,negative_or_zero,no,rescue_audit/results/screen_taskE_svamp_all_quick/report.json,registry row 1223,Registry inventory entry; exploratory unless promoted by a curated master-table row.
REGISTRY_1224,2026-09-02,taskE_svamp_exploratory,taskE_svamp_exploratory,Nemotron_taskE_SVAMP,169.6M,OpenWebText continuations,OpenWebText,Nemotron_taskE_SVAMP,A_task,A_task,P4_relational_MLP,hg,candidate within state,12,,,,,,,,,within_r2,,-0.01792257805931241,,,,,,,negative_or_zero,no,rescue_audit/results/screen_taskE_svamp_all_quick/report.json,registry row 1224,Registry inventory entry; exploratory unless promoted by a curated master-table row.
REGISTRY_1225,2026-09-02,taskE_svamp_exploratory,taskE_svamp_exploratory,Nemotron_taskE_SVAMP,169.6M,OpenWebText continuations,OpenWebText,Nemotron_taskE_SVAMP,A_task,A_task,P8_RankNet,hg,candidate within state,12,,,,,,,,,within_r2,,-0.10435741548353805,,,,,,,negative_or_zero,no,rescue_audit/results/screen_taskE_svamp_all_quick/report.json,registry row 1225,Registry inventory entry; exploratory unless promoted by a curated master-table row.
REGISTRY_1226,2026-09-02,taskE_svamp_exploratory,taskE_svamp_exploratory,Nemotron_taskE_SVAMP,169.6M,OpenWebText continuations,OpenWebText,Nemotron_taskE_SVAMP,A_task,A_task,P9_ListNet,hg,candidate within state,12,,,,,,,,,within_r2,,-0.022968460350901276,,,,,,,negative_or_zero,no,rescue_audit/results/screen_taskE_svamp_all_quick/report.json,registry row 1226,Registry inventory entry; exploratory unless promoted by a curated master-table row.
REGISTRY_1227,2026-09-02,taskE_svamp_exploratory,taskE_svamp_exploratory,Nemotron_taskE_SVAMP,169.6M,OpenWebText continuations,OpenWebText,Nemotron_taskE_SVAMP,A_task,A_task,P5_rbf,hg,candidate within state,12,,,,,,,,,within_r2,,0.00045678309848240506,,,,,,,positive,no,rescue_audit/results/screen_taskE_svamp_all_quick/report.json,registry row 1227,Registry inventory entry; exploratory unless promoted by a curated master-table row.
REGISTRY_1228,2026-09-02,taskE_svamp_exploratory,taskE_svamp_exploratory,Nemotron_taskE_SVAMP,169.6M,OpenWebText continuations,OpenWebText,Nemotron_taskE_SVAMP,A_task,A_task,P6_boosting,hg,candidate within state,12,,,,,,,,,within_r2,,0.0003266668073935719,,,,,,,positive,no,rescue_audit/results/screen_taskE_svamp_all_quick/report.json,registry row 1228,Registry inventory entry; exploratory unless promoted by a curated master-table row.
REGISTRY_1229,2026-09-02,taskE_svamp_exploratory,taskE_svamp_exploratory,Nemotron_taskE_SVAMP,169.6M,OpenWebText continuations,OpenWebText,Nemotron_taskE_SVAMP,A_task,A_task,P6_boosting_cheap,hg,candidate within state,12,,,,,,,,,within_r2,,-0.08034714360859252,,,,,,,negative_or_zero,no,rescue_audit/results/screen_taskE_svamp_all_quick/report.json,registry row 1229,Registry inventory entry; exploratory unless promoted by a curated master-table row.
REGISTRY_1230,2026-09-02,taskE_svamp_exploratory,taskE_svamp_exploratory,Nemotron_taskE_SVAMP,169.6M,OpenWebText continuations,OpenWebText,Nemotron_taskE_SVAMP,A_task,A_task,P7_pairwise_hi,hg,candidate within state,12,,,,,,,,,within_r2,,-31.62342179034556,,,,,,,negative_or_zero,no,rescue_audit/results/screen_taskE_svamp_all_quick/report.json,registry row 1230,Registry inventory entry; exploratory unless promoted by a curated master-table row.
REGISTRY_1231,2026-09-02,taskE_svamp_exploratory,taskE_svamp_exploratory,Nemotron_taskE_SVAMP,169.6M,OpenWebText continuations,OpenWebText,Nemotron_taskE_SVAMP,A_task,A_task,P7_pairwise_relational,hg,candidate within state,12,,,,,,,,,within_r2,,-42.756474395688734,,,,,,,negative_or_zero,no,rescue_audit/results/screen_taskE_svamp_all_quick/report.json,registry row 1231,Registry inventory entry; exploratory unless promoted by a curated master-table row.
REGISTRY_1232,2026-09-02,taskE_svamp_exploratory,taskE_svamp_exploratory,Nemotron_taskE_SVAMP,169.6M,OpenWebText continuations,OpenWebText,Nemotron_taskE_SVAMP,A_task,A_task,P10_action_hash_diagnostic,hg,candidate within state,12,,,,,,,,,within_r2,,-0.023631687565617954,,,,,,,negative_or_zero,no,rescue_audit/results/screen_taskE_svamp_all_quick/report.json,registry row 1232,Registry inventory entry; exploratory unless promoted by a curated master-table row.
REGISTRY_1233,2026-09-02,taskE_svamp_exploratory,taskE_svamp_exploratory,Nemotron_taskE_SVAMP,169.6M,OpenWebText continuations,OpenWebText,Nemotron_taskE_SVAMP,A_task,A_task,P12_adjacent_12_10,hg,candidate within state,12,,,,,,,,,within_r2,,5.263470647742796e-05,,,,,,,positive,no,rescue_audit/results/screen_taskE_svamp_all_quick/report.json,registry row 1233,Registry inventory entry; exploratory unless promoted by a curated master-table row.
REGISTRY_1234,2026-09-02,taskE_svamp_exploratory,taskE_svamp_exploratory,Nemotron_taskE_SVAMP,169.6M,OpenWebText continuations,OpenWebText,Nemotron_taskE_SVAMP,A_task,A_task,P12_adjacent_12_11,hg,candidate within state,12,,,,,,,,,within_r2,,-0.0005227371817433379,,,,,,,negative_or_zero,no,rescue_audit/results/screen_taskE_svamp_all_quick/report.json,registry row 1234,Registry inventory entry; exploratory unless promoted by a curated master-table row.
REGISTRY_1235,2026-09-02,taskE_svamp_exploratory,taskE_svamp_exploratory,Nemotron_taskE_SVAMP,169.6M,OpenWebText continuations,OpenWebText,Nemotron_taskE_SVAMP,A_task,A_task,P12_adjacent_12_12,hg,candidate within state,12,,,,,,,,,within_r2,,-0.00019886517772294,,,,,,,negative_or_zero,no,rescue_audit/results/screen_taskE_svamp_all_quick/report.json,registry row 1235,Registry inventory entry; exploratory unless promoted by a curated master-table row.
REGISTRY_1236,2026-09-02,taskE_svamp_exploratory,taskE_svamp_exploratory,Nemotron_taskE_SVAMP,169.6M,OpenWebText continuations,OpenWebText,Nemotron_taskE_SVAMP,A_task,A_task,P12_scalar_mix,hg,candidate within state,12,,,,,,,,,within_r2,,-0.01996240571110297,,,,,,,negative_or_zero,no,rescue_audit/results/screen_taskE_svamp_all_quick/report.json,registry row 1236,Registry inventory entry; exploratory unless promoted by a curated master-table row.
REGISTRY_1237,2026-09-02,taskE_svamp_exploratory,taskE_svamp_exploratory,Nemotron_taskE_SVAMP,169.6M,OpenWebText continuations,OpenWebText,Nemotron_taskE_SVAMP,A_task,A_task,P13_PLS,hg,candidate within state,12,,,,,,,,,within_r2,,-0.023196290310117496,,,,,,,negative_or_zero,no,rescue_audit/results/screen_taskE_svamp_all_quick/report.json,registry row 1237,Registry inventory entry; exploratory unless promoted by a curated master-table row.
REGISTRY_1238,2026-09-02,taskE_svamp_exploratory,taskE_svamp_exploratory,Nemotron_taskE_SVAMP,169.6M,OpenWebText continuations,OpenWebText,Nemotron_taskE_SVAMP,A_task,A_task,P0_cheap,hg,candidate within state,0,,,,,,,,,within_r2,,-0.0007741116214072807,,,,,,,negative_or_zero,no,rescue_audit/results/screen_taskE_svamp_all_quick/report.json,registry row 1238,Registry inventory entry; exploratory unless promoted by a curated master-table row.
REGISTRY_1239,2026-09-02,taskE_svamp_exploratory,taskE_svamp_exploratory,Nemotron_taskE_SVAMP,169.6M,OpenWebText continuations,OpenWebText,Nemotron_taskE_SVAMP,A_task,A_task,P0_hi,hg,candidate within state,0,,,,,,,,,within_r2,,0.0006060353984580491,,,,,,,positive,no,rescue_audit/results/screen_taskE_svamp_all_quick/report.json,registry row 1239,Registry inventory entry; exploratory unless promoted by a curated master-table row.
REGISTRY_1240,2026-09-02,taskE_svamp_exploratory,taskE_svamp_exploratory,Nemotron_taskE_SVAMP,169.6M,OpenWebText continuations,OpenWebText,Nemotron_taskE_SVAMP,A_task,A_task,P0_hg,hg,candidate within state,0,,,,,,,,,within_r2,,1.2566003793068603e-10,,,,,,,positive,no,rescue_audit/results/screen_taskE_svamp_all_quick/report.json,registry row 1240,Registry inventory entry; exploratory unless promoted by a curated master-table row.
REGISTRY_1241,2026-09-02,taskE_svamp_exploratory,taskE_svamp_exploratory,Nemotron_taskE_SVAMP,169.6M,OpenWebText continuations,OpenWebText,Nemotron_taskE_SVAMP,A_task,A_task,P0_cheap_hi,hg,candidate within state,0,,,,,,,,,within_r2,,-7.10173478479792e-05,,,,,,,negative_or_zero,no,rescue_audit/results/screen_taskE_svamp_all_quick/report.json,registry row 1241,Registry inventory entry; exploratory unless promoted by a curated master-table row.
REGISTRY_1242,2026-09-02,taskE_svamp_exploratory,taskE_svamp_exploratory,Nemotron_taskE_SVAMP,169.6M,OpenWebText continuations,OpenWebText,Nemotron_taskE_SVAMP,A_task,A_task,P0_cheap_hi_hg,hg,candidate within state,0,,,,,,,,,within_r2,,-0.00036816034720610347,,,,,,,negative_or_zero,no,rescue_audit/results/screen_taskE_svamp_all_quick/report.json,registry row 1242,Registry inventory entry; exploratory unless promoted by a curated master-table row.
REGISTRY_1243,2026-09-02,taskE_svamp_exploratory,taskE_svamp_exploratory,Nemotron_taskE_SVAMP,169.6M,OpenWebText continuations,OpenWebText,Nemotron_taskE_SVAMP,A_task,A_task,P1_residual_hi,hg,candidate within state,0,,,,,,,,,within_r2,,-0.0008518488244264599,,,,,,,negative_or_zero,no,rescue_audit/results/screen_taskE_svamp_all_quick/report.json,registry row 1243,Registry inventory entry; exploratory unless promoted by a curated master-table row.
REGISTRY_1244,2026-09-02,taskE_svamp_exploratory,taskE_svamp_exploratory,Nemotron_taskE_SVAMP,169.6M,OpenWebText continuations,OpenWebText,Nemotron_taskE_SVAMP,A_task,A_task,P1_residual_hi_hg,hg,candidate within state,0,,,,,,,,,within_r2,,-0.000999015802284564,,,,,,,negative_or_zero,no,rescue_audit/results/screen_taskE_svamp_all_quick/report.json,registry row 1244,Registry inventory entry; exploratory unless promoted by a curated master-table row.
REGISTRY_1245,2026-09-02,taskE_svamp_exploratory,taskE_svamp_exploratory,Nemotron_taskE_SVAMP,169.6M,OpenWebText continuations,OpenWebText,Nemotron_taskE_SVAMP,A_task,A_task,P2_bilinear_r2,hg,candidate within state,0,,,,,,,,,within_r2,,-0.23008476495669372,,,,,,,negative_or_zero,no,rescue_audit/results/screen_taskE_svamp_all_quick/report.json,registry row 1245,Registry inventory entry; exploratory unless promoted by a curated master-table row.
REGISTRY_1246,2026-09-02,taskE_svamp_exploratory,taskE_svamp_exploratory,Nemotron_taskE_SVAMP,169.6M,OpenWebText continuations,OpenWebText,Nemotron_taskE_SVAMP,A_task,A_task,P2_bilinear_r4,hg,candidate within state,0,,,,,,,,,within_r2,,-0.4065645557268034,,,,,,,negative_or_zero,no,rescue_audit/results/screen_taskE_svamp_all_quick/report.json,registry row 1246,Registry inventory entry; exploratory unless promoted by a curated master-table row.
REGISTRY_1247,2026-09-02,taskE_svamp_exploratory,taskE_svamp_exploratory,Nemotron_taskE_SVAMP,169.6M,OpenWebText continuations,OpenWebText,Nemotron_taskE_SVAMP,A_task,A_task,P2_bilinear_r8,hg,candidate within state,0,,,,,,,,,within_r2,,-0.5858619756325016,,,,,,,negative_or_zero,no,rescue_audit/results/screen_taskE_svamp_all_quick/report.json,registry row 1247,Registry inventory entry; exploratory unless promoted by a curated master-table row.
REGISTRY_1248,2026-09-02,taskE_svamp_exploratory,taskE_svamp_exploratory,Nemotron_taskE_SVAMP,169.6M,OpenWebText continuations,OpenWebText,Nemotron_taskE_SVAMP,A_task,A_task,P2_shuffled_hg,hg,candidate within state,0,,,,,,,,,within_r2,,-1.4257290953504773,,,,,,,negative_or_zero,no,rescue_audit/results/screen_taskE_svamp_all_quick/report.json,registry row 1248,Registry inventory entry; exploratory unless promoted by a curated master-table row.
REGISTRY_1249,2026-09-02,taskE_svamp_exploratory,taskE_svamp_exploratory,Nemotron_taskE_SVAMP,169.6M,OpenWebText continuations,OpenWebText,Nemotron_taskE_SVAMP,A_task,A_task,P2_gaussian_hg,hg,candidate within state,0,,,,,,,,,within_r2,,-1.2267723755433781,,,,,,,negative_or_zero,no,rescue_audit/results/screen_taskE_svamp_all_quick/report.json,registry row 1249,Registry inventory entry; exploratory unless promoted by a curated master-table row.
REGISTRY_1250,2026-09-02,taskE_svamp_exploratory,taskE_svamp_exploratory,Nemotron_taskE_SVAMP,169.6M,OpenWebText continuations,OpenWebText,Nemotron_taskE_SVAMP,A_task,A_task,P3_FiLM,hg,candidate within state,0,,,,,,,,,within_r2,,-0.12293456356234045,,,,,,,negative_or_zero,no,rescue_audit/results/screen_taskE_svamp_all_quick/report.json,registry row 1250,Registry inventory entry; exploratory unless promoted by a curated master-table row.
REGISTRY_1251,2026-09-02,taskE_svamp_exploratory,taskE_svamp_exploratory,Nemotron_taskE_SVAMP,169.6M,OpenWebText continuations,OpenWebText,Nemotron_taskE_SVAMP,A_task,A_task,P4_relational_MLP,hg,candidate within state,0,,,,,,,,,within_r2,,-0.005580135061882707,,,,,,,negative_or_zero,no,rescue_audit/results/screen_taskE_svamp_all_quick/report.json,registry row 1251,Registry inventory entry; exploratory unless promoted by a curated master-table row.
REGISTRY_1252,2026-09-02,taskE_svamp_exploratory,taskE_svamp_exploratory,Nemotron_taskE_SVAMP,169.6M,OpenWebText continuations,OpenWebText,Nemotron_taskE_SVAMP,A_task,A_task,P8_RankNet,hg,candidate within state,0,,,,,,,,,within_r2,,-0.3867554899556269,,,,,,,negative_or_zero,no,rescue_audit/results/screen_taskE_svamp_all_quick/report.json,registry row 1252,Registry inventory entry; exploratory unless promoted by a curated master-table row.
REGISTRY_1253,2026-09-02,taskE_svamp_exploratory,taskE_svamp_exploratory,Nemotron_taskE_SVAMP,169.6M,OpenWebText continuations,OpenWebText,Nemotron_taskE_SVAMP,A_task,A_task,P9_ListNet,hg,candidate within state,0,,,,,,,,,within_r2,,-0.022331450006803255,,,,,,,negative_or_zero,no,rescue_audit/results/screen_taskE_svamp_all_quick/report.json,registry row 1253,Registry inventory entry; exploratory unless promoted by a curated master-table row.
REGISTRY_1254,2026-09-02,taskE_svamp_exploratory,taskE_svamp_exploratory,Nemotron_taskE_SVAMP,169.6M,OpenWebText continuations,OpenWebText,Nemotron_taskE_SVAMP,A_task,A_task,P5_rbf,hg,candidate within state,0,,,,,,,,,within_r2,,0.0002396120893926046,,,,,,,positive,no,rescue_audit/results/screen_taskE_svamp_all_quick/report.json,registry row 1254,Registry inventory entry; exploratory unless promoted by a curated master-table row.
REGISTRY_1255,2026-09-02,taskE_svamp_exploratory,taskE_svamp_exploratory,Nemotron_taskE_SVAMP,169.6M,OpenWebText continuations,OpenWebText,Nemotron_taskE_SVAMP,A_task,A_task,P6_boosting,hg,candidate within state,0,,,,,,,,,within_r2,,-0.10021838292905483,,,,,,,negative_or_zero,no,rescue_audit/results/screen_taskE_svamp_all_quick/report.json,registry row 1255,Registry inventory entry; exploratory unless promoted by a curated master-table row.
REGISTRY_1256,2026-09-02,taskE_svamp_exploratory,taskE_svamp_exploratory,Nemotron_taskE_SVAMP,169.6M,OpenWebText continuations,OpenWebText,Nemotron_taskE_SVAMP,A_task,A_task,P6_boosting_cheap,hg,candidate within state,0,,,,,,,,,within_r2,,-0.18296177372297162,,,,,,,negative_or_zero,no,rescue_audit/results/screen_taskE_svamp_all_quick/report.json,registry row 1256,Registry inventory entry; exploratory unless promoted by a curated master-table row.
REGISTRY_1257,2026-09-02,taskE_svamp_exploratory,taskE_svamp_exploratory,Nemotron_taskE_SVAMP,169.6M,OpenWebText continuations,OpenWebText,Nemotron_taskE_SVAMP,A_task,A_task,P7_pairwise_hi,hg,candidate within state,0,,,,,,,,,within_r2,,-23.420218947002127,,,,,,,negative_or_zero,no,rescue_audit/results/screen_taskE_svamp_all_quick/report.json,registry row 1257,Registry inventory entry; exploratory unless promoted by a curated master-table row.
REGISTRY_1258,2026-09-02,taskE_svamp_exploratory,taskE_svamp_exploratory,Nemotron_taskE_SVAMP,169.6M,OpenWebText continuations,OpenWebText,Nemotron_taskE_SVAMP,A_task,A_task,P7_pairwise_relational,hg,candidate within state,0,,,,,,,,,within_r2,,-53.64374106085148,,,,,,,negative_or_zero,no,rescue_audit/results/screen_taskE_svamp_all_quick/report.json,registry row 1258,Registry inventory entry; exploratory unless promoted by a curated master-table row.
REGISTRY_1259,2026-09-02,taskE_svamp_exploratory,taskE_svamp_exploratory,Nemotron_taskE_SVAMP,169.6M,OpenWebText continuations,OpenWebText,Nemotron_taskE_SVAMP,A_task,A_task,P10_action_hash_diagnostic,hg,candidate within state,0,,,,,,,,,within_r2,,-0.02378181392280876,,,,,,,negative_or_zero,no,rescue_audit/results/screen_taskE_svamp_all_quick/report.json,registry row 1259,Registry inventory entry; exploratory unless promoted by a curated master-table row.
REGISTRY_1260,2026-09-02,taskE_svamp_exploratory,taskE_svamp_exploratory,Nemotron_taskE_SVAMP,169.6M,OpenWebText continuations,OpenWebText,Nemotron_taskE_SVAMP,A_task,A_task,P12_adjacent_0_0,hg,candidate within state,0,,,,,,,,,within_r2,,-0.0007985494646023383,,,,,,,negative_or_zero,no,rescue_audit/results/screen_taskE_svamp_all_quick/report.json,registry row 1260,Registry inventory entry; exploratory unless promoted by a curated master-table row.
REGISTRY_1261,2026-09-02,taskE_svamp_exploratory,taskE_svamp_exploratory,Nemotron_taskE_SVAMP,169.6M,OpenWebText continuations,OpenWebText,Nemotron_taskE_SVAMP,A_task,A_task,P12_adjacent_0_1,hg,candidate within state,0,,,,,,,,,within_r2,,0.00018901132531212728,,,,,,,positive,no,rescue_audit/results/screen_taskE_svamp_all_quick/report.json,registry row 1261,Registry inventory entry; exploratory unless promoted by a curated master-table row.
REGISTRY_1262,2026-09-02,taskE_svamp_exploratory,taskE_svamp_exploratory,Nemotron_taskE_SVAMP,169.6M,OpenWebText continuations,OpenWebText,Nemotron_taskE_SVAMP,A_task,A_task,P12_adjacent_0_2,hg,candidate within state,0,,,,,,,,,within_r2,,0.0001198608729020556,,,,,,,positive,no,rescue_audit/results/screen_taskE_svamp_all_quick/report.json,registry row 1262,Registry inventory entry; exploratory unless promoted by a curated master-table row.
REGISTRY_1263,2026-09-02,taskE_svamp_exploratory,taskE_svamp_exploratory,Nemotron_taskE_SVAMP,169.6M,OpenWebText continuations,OpenWebText,Nemotron_taskE_SVAMP,A_task,A_task,P12_scalar_mix,hg,candidate within state,0,,,,,,,,,within_r2,,-0.054374592536701405,,,,,,,negative_or_zero,no,rescue_audit/results/screen_taskE_svamp_all_quick/report.json,registry row 1263,Registry inventory entry; exploratory unless promoted by a curated master-table row.
REGISTRY_1264,2026-09-02,taskE_svamp_exploratory,taskE_svamp_exploratory,Nemotron_taskE_SVAMP,169.6M,OpenWebText continuations,OpenWebText,Nemotron_taskE_SVAMP,A_task,A_task,P13_PLS,hg,candidate within state,0,,,,,,,,,within_r2,,-0.016484819036574283,,,,,,,negative_or_zero,no,rescue_audit/results/screen_taskE_svamp_all_quick/report.json,registry row 1264,Registry inventory entry; exploratory unless promoted by a curated master-table row.
REGISTRY_1265,2026-09-02,taskCD_posthoc_crossfit,taskCD_posthoc_crossfit,Nemotron_taskCD_GSM8K,169.6M,OpenWebText continuations,OpenWebText,Nemotron_taskCD_GSM8K,A_task,A_task,bilinear,hg,candidate within state,val_selected,,,,,,,,,within_r2,,-0.2400714809032174,,,,,,,negative_or_zero,no,rescue_audit/results/taskCD_crossfit_confirmatory.json,registry row 1265,Registry inventory entry; exploratory unless promoted by a curated master-table row.
REGISTRY_1266,2026-09-02,taskCD_posthoc_crossfit,taskCD_posthoc_crossfit,Nemotron_taskCD_GSM8K,169.6M,OpenWebText continuations,OpenWebText,Nemotron_taskCD_GSM8K,A_task,A_task,no_state_interaction,hg,candidate within state,val_selected,,,,,,,,,within_r2,,-0.06590157004058872,,,,,,,negative_or_zero,no,rescue_audit/results/taskCD_crossfit_confirmatory.json,registry row 1266,Registry inventory entry; exploratory unless promoted by a curated master-table row.
REGISTRY_1267,2026-09-02,taskCD_posthoc_crossfit,taskCD_posthoc_crossfit,Nemotron_taskCD_GSM8K,169.6M,OpenWebText continuations,OpenWebText,Nemotron_taskCD_GSM8K,A_task,A_task,cheap_only,hg,candidate within state,val_selected,,,,,,,,,within_r2,,-0.026480506406441284,,,,,,,negative_or_zero,no,rescue_audit/results/taskCD_crossfit_confirmatory.json,registry row 1267,Registry inventory entry; exploratory unless promoted by a curated master-table row.
REGISTRY_1268,2026-09-02,taskCD_posthoc_crossfit,taskCD_posthoc_crossfit,Nemotron_taskCD_GSM8K,169.6M,OpenWebText continuations,OpenWebText,Nemotron_taskCD_GSM8K,A_task,A_task,shuffled_hg,hg,candidate within state,val_selected,,,,,,,,,within_r2,,-0.31442971293014055,,,,,,,negative_or_zero,no,rescue_audit/results/taskCD_crossfit_confirmatory.json,registry row 1268,Registry inventory entry; exploratory unless promoted by a curated master-table row.
REGISTRY_1269,2026-09-02,taskCD_posthoc_crossfit,taskCD_posthoc_crossfit,Nemotron_taskCD_GSM8K,169.6M,OpenWebText continuations,OpenWebText,Nemotron_taskCD_GSM8K,A_task,A_task,gaussian_hg,hg,candidate within state,val_selected,,,,,,,,,within_r2,,-0.4468733538001879,,,,,,,negative_or_zero,no,rescue_audit/results/taskCD_crossfit_confirmatory.json,registry row 1269,Registry inventory entry; exploratory unless promoted by a curated master-table row.
REGISTRY_1270,2026-09-02,taskE_posthoc_crossfit,taskE_posthoc_crossfit,Nemotron_taskE_SVAMP,169.6M,OpenWebText continuations,OpenWebText,Nemotron_taskE_SVAMP,A_task,A_task,bilinear,hg,candidate within state,val_selected,,,,,,,,,within_r2,,-0.2779447206048016,,,,,,,negative_or_zero,no,rescue_audit/results/taskE_svamp_crossfit.json,registry row 1270,Registry inventory entry; exploratory unless promoted by a curated master-table row.
REGISTRY_1271,2026-09-02,taskE_posthoc_crossfit,taskE_posthoc_crossfit,Nemotron_taskE_SVAMP,169.6M,OpenWebText continuations,OpenWebText,Nemotron_taskE_SVAMP,A_task,A_task,no_state_interaction,hg,candidate within state,val_selected,,,,,,,,,within_r2,,-0.07225361876020853,,,,,,,negative_or_zero,no,rescue_audit/results/taskE_svamp_crossfit.json,registry row 1271,Registry inventory entry; exploratory unless promoted by a curated master-table row.
REGISTRY_1272,2026-09-02,taskE_posthoc_crossfit,taskE_posthoc_crossfit,Nemotron_taskE_SVAMP,169.6M,OpenWebText continuations,OpenWebText,Nemotron_taskE_SVAMP,A_task,A_task,cheap_only,hg,candidate within state,val_selected,,,,,,,,,within_r2,,-0.028864809746736775,,,,,,,negative_or_zero,no,rescue_audit/results/taskE_svamp_crossfit.json,registry row 1272,Registry inventory entry; exploratory unless promoted by a curated master-table row.
REGISTRY_1273,2026-09-02,taskE_posthoc_crossfit,taskE_posthoc_crossfit,Nemotron_taskE_SVAMP,169.6M,OpenWebText continuations,OpenWebText,Nemotron_taskE_SVAMP,A_task,A_task,shuffled_hg,hg,candidate within state,val_selected,,,,,,,,,within_r2,,-0.305199240162739,,,,,,,negative_or_zero,no,rescue_audit/results/taskE_svamp_crossfit.json,registry row 1273,Registry inventory entry; exploratory unless promoted by a curated master-table row.
REGISTRY_1274,2026-09-02,taskE_posthoc_crossfit,taskE_posthoc_crossfit,Nemotron_taskE_SVAMP,169.6M,OpenWebText continuations,OpenWebText,Nemotron_taskE_SVAMP,A_task,A_task,gaussian_hg,hg,candidate within state,val_selected,,,,,,,,,within_r2,,-0.389841036329698,,,,,,,negative_or_zero,no,rescue_audit/results/taskE_svamp_crossfit.json,registry row 1274,Registry inventory entry; exploratory unless promoted by a curated master-table row.
VREAD_HIDDEN_ONLY_R2,2026-09-02,Nemotron rollout-value readout,POST_HOC_AUDIT_VALID_CURRENT,Nemotron-Diffusion-3B,3B,GSM8K,GSM8K,Nemotron diffusion decoding,task correctness,V_reward,ridge/logistic linear probe,validation-selected layer-18 H_m,state,18,all six record points,completion,8,800,800,4411,,4411,R2,0.3379652373,0.4812391128,0.1432738755,0.08473917201,0.2042411956,,"prompt-cluster bootstrap, 10,000 resamples",480/120/200 prompt train/validation/test; K=8 rollouts,positive,yes,data/v_readout_results.json; data/v_audit.json,metrics.hidden.r2; best_ci.dR2,RECOMPUTED_FROM_SAVED_METRICS. Hidden-only is authoritative; no test-set layer selection.
VREAD_HIDDEN_ONLY_AUC,2026-09-02,Nemotron rollout-value readout,POST_HOC_AUDIT_VALID_CURRENT,Nemotron-Diffusion-3B,3B,GSM8K,GSM8K,Nemotron diffusion decoding,task correctness,V_reward,ridge/logistic linear probe,validation-selected layer-18 H_m,state,18,all six record points,completion,8,800,800,4411,,4411,AUC,0.8229169832,0.8895539419,0.06663695872,0.0377835858,0.09815736486,,"prompt-cluster bootstrap, 10,000 resamples",480/120/200 prompt train/validation/test; K=8 rollouts,positive,yes,data/v_readout_results.json; data/v_audit.json,metrics.hidden.auc; best_ci.dAUC,RECOMPUTED_FROM_SAVED_METRICS. Hidden-only is authoritative; no test-set layer selection.
VREAD_CHEAP_PLUS_HIDDEN_R2,2026-09-02,Nemotron rollout-value readout,VALID_CURRENT_ABLATION,Nemotron-Diffusion-3B,3B,GSM8K,GSM8K,Nemotron diffusion decoding,task correctness,V_reward,two-block linear probe,cheap + layer-18 H_m,state,18,,completion,8,800,800,4411,,4411,R2,0.3379652373,0.4696954335,0.1317301962,,,,held-out prompt split,480/120/200; K=8,positive,supporting,data/v_readout_results.json,delta_r2,"RECOMPUTED_FROM_SAVED_METRICS. Explains old +0.1317/+0.0655 values; not superseded, but not headline."
VREAD_CHEAP_PLUS_HIDDEN_AUC,2026-09-02,Nemotron rollout-value readout,VALID_CURRENT_ABLATION,Nemotron-Diffusion-3B,3B,GSM8K,GSM8K,Nemotron diffusion decoding,task correctness,V_reward,two-block linear probe,cheap + layer-18 H_m,state,18,,completion,8,800,800,4411,,4411,AUC,0.8229169832,0.8884601491,0.06554316599,,,,held-out prompt split,480/120/200; K=8,positive,supporting,data/v_readout_results.json,delta_auc,"RECOMPUTED_FROM_SAVED_METRICS. Explains old +0.1317/+0.0655 values; not superseded, but not headline."
VREAD_T0_R2,2026-09-02,Nemotron temporal readout,POST_HOC_AUDIT_VALID_CURRENT,Nemotron-Diffusion-3B,3B,GSM8K,GSM8K,Nemotron diffusion decoding,task correctness,V_reward,linear probe,layer-18 H_m,state,18,0.1,completion,8,800,800,,,,R2,0.2769277282,0.3940775686,0.1171498404,0.02672672205,0.2169596345,,"prompt-cluster bootstrap, 10,000 resamples",held-out prompts; K=8,positive,supporting,data/v_audit.json; data/v_readout_results.json,per_point[0],RECOMPUTED_FROM_SAVED_METRICS.
VREAD_T0_AUC,2026-09-02,Nemotron temporal readout,POST_HOC_AUDIT_VALID_CURRENT,Nemotron-Diffusion-3B,3B,GSM8K,GSM8K,Nemotron diffusion decoding,task correctness,V_reward,linear probe,layer-18 H_m,state,18,0.1,completion,8,800,800,,,,AUC,0.7994696042,0.8637290902,0.06425948592,0.02420802005,0.1091443594,,"prompt-cluster bootstrap, 10,000 resamples",held-out prompts; K=8,positive,supporting,data/v_audit.json; data/v_readout_results.json,per_point[0],RECOMPUTED_FROM_SAVED_METRICS.
VREAD_T1_R2,2026-09-02,Nemotron temporal readout,POST_HOC_AUDIT_VALID_CURRENT,Nemotron-Diffusion-3B,3B,GSM8K,GSM8K,Nemotron diffusion decoding,task correctness,V_reward,linear probe,layer-18 H_m,state,18,0.25625,completion,8,800,800,,,,R2,0.338603753,0.4155065228,0.07690276977,0.004452626928,0.1547350466,,"prompt-cluster bootstrap, 10,000 resamples",held-out prompts; K=8,positive,supporting,data/v_audit.json; data/v_readout_results.json,per_point[1],RECOMPUTED_FROM_SAVED_METRICS.
VREAD_T1_AUC,2026-09-02,Nemotron temporal readout,POST_HOC_AUDIT_VALID_CURRENT,Nemotron-Diffusion-3B,3B,GSM8K,GSM8K,Nemotron diffusion decoding,task correctness,V_reward,linear probe,layer-18 H_m,state,18,0.25625,completion,8,800,800,,,,AUC,0.8135038363,0.8641432225,0.05063938619,0.018608416,0.08565118382,,"prompt-cluster bootstrap, 10,000 resamples",held-out prompts; K=8,positive,supporting,data/v_audit.json; data/v_readout_results.json,per_point[1],RECOMPUTED_FROM_SAVED_METRICS.
VREAD_T2_R2,2026-09-02,Nemotron temporal readout,POST_HOC_AUDIT_VALID_CURRENT,Nemotron-Diffusion-3B,3B,GSM8K,GSM8K,Nemotron diffusion decoding,task correctness,V_reward,linear probe,layer-18 H_m,state,18,0.4,completion,8,800,800,,,,R2,0.3476276739,0.4778968682,0.1302691943,0.05537385476,0.2089932887,,"prompt-cluster bootstrap, 10,000 resamples",held-out prompts; K=8,positive,supporting,data/v_audit.json; data/v_readout_results.json,per_point[2],RECOMPUTED_FROM_SAVED_METRICS.
VREAD_T2_AUC,2026-09-02,Nemotron temporal readout,POST_HOC_AUDIT_VALID_CURRENT,Nemotron-Diffusion-3B,3B,GSM8K,GSM8K,Nemotron diffusion decoding,task correctness,V_reward,linear probe,layer-18 H_m,state,18,0.4,completion,8,800,800,,,,AUC,0.829375,0.8805208333,0.05114583333,0.01270897251,0.09318210499,,"prompt-cluster bootstrap, 10,000 resamples",held-out prompts; K=8,positive,supporting,data/v_audit.json; data/v_readout_results.json,per_point[2],RECOMPUTED_FROM_SAVED_METRICS.
VREAD_T3_R2,2026-09-02,Nemotron temporal readout,POST_HOC_AUDIT_VALID_CURRENT,Nemotron-Diffusion-3B,3B,GSM8K,GSM8K,Nemotron diffusion decoding,task correctness,V_reward,linear probe,layer-18 H_m,state,18,0.55625,completion,8,800,800,,,,R2,0.3832602734,0.5116922691,0.1284319957,0.06790178517,0.1891327967,,"prompt-cluster bootstrap, 10,000 resamples",held-out prompts; K=8,positive,supporting,data/v_audit.json; data/v_readout_results.json,per_point[3],RECOMPUTED_FROM_SAVED_METRICS.
VREAD_T3_AUC,2026-09-02,Nemotron temporal readout,POST_HOC_AUDIT_VALID_CURRENT,Nemotron-Diffusion-3B,3B,GSM8K,GSM8K,Nemotron diffusion decoding,task correctness,V_reward,linear probe,layer-18 H_m,state,18,0.55625,completion,8,800,800,,,,AUC,0.8496732026,0.9035169623,0.05384375973,0.02428165296,0.08584811074,,"prompt-cluster bootstrap, 10,000 resamples",held-out prompts; K=8,positive,supporting,data/v_audit.json; data/v_readout_results.json,per_point[3],RECOMPUTED_FROM_SAVED_METRICS.
VREAD_T4_R2,2026-09-02,Nemotron temporal readout,POST_HOC_AUDIT_VALID_CURRENT,Nemotron-Diffusion-3B,3B,GSM8K,GSM8K,Nemotron diffusion decoding,task correctness,V_reward,linear probe,layer-18 H_m,state,18,0.7125,completion,8,770,770,,,,R2,0.4585201775,0.535881545,0.07736136753,0.01077805988,0.1417519932,,"prompt-cluster bootstrap, 10,000 resamples",held-out prompts; K=8,positive,supporting,data/v_audit.json; data/v_readout_results.json,per_point[4],RECOMPUTED_FROM_SAVED_METRICS.
VREAD_T4_AUC,2026-09-02,Nemotron temporal readout,POST_HOC_AUDIT_VALID_CURRENT,Nemotron-Diffusion-3B,3B,GSM8K,GSM8K,Nemotron diffusion decoding,task correctness,V_reward,linear probe,layer-18 H_m,state,18,0.7125,completion,8,770,770,,,,AUC,0.8605599647,0.890542328,0.02998236332,-0.005656939632,0.06682124047,,"prompt-cluster bootstrap, 10,000 resamples",held-out prompts; K=8,positive,supporting,data/v_audit.json; data/v_readout_results.json,per_point[4],RECOMPUTED_FROM_SAVED_METRICS.
VREAD_T5_R2,2026-09-02,Nemotron temporal readout,POST_HOC_AUDIT_VALID_CURRENT,Nemotron-Diffusion-3B,3B,GSM8K,GSM8K,Nemotron diffusion decoding,task correctness,V_reward,linear probe,layer-18 H_m,state,18,0.85625,completion,8,441,441,,,,R2,0.4909734078,0.6229265948,0.131953187,0.07241892184,0.1935474364,,"prompt-cluster bootstrap, 10,000 resamples",held-out prompts; K=8,positive,supporting,data/v_audit.json; data/v_readout_results.json,per_point[5],RECOMPUTED_FROM_SAVED_METRICS.
VREAD_T5_AUC,2026-09-02,Nemotron temporal readout,POST_HOC_AUDIT_VALID_CURRENT,Nemotron-Diffusion-3B,3B,GSM8K,GSM8K,Nemotron diffusion decoding,task correctness,V_reward,linear probe,layer-18 H_m,state,18,0.85625,completion,8,441,441,,,,AUC,0.9123533471,0.9510006901,0.038647343,0.009208152355,0.07470273719,,"prompt-cluster bootstrap, 10,000 resamples",held-out prompts; K=8,positive,supporting,data/v_audit.json; data/v_readout_results.json,per_point[5],RECOMPUTED_FROM_SAVED_METRICS.
SELECTIVE_COV_70,2026-09-02,Nemotron selective generation,POST_HOC_PRACTICAL_ANALYSIS,Nemotron-Diffusion-3B,3B,GSM8K,GSM8K,abort at 40% generation progress,task correctness,V_reward,linear probe,layer-18 H_m,prompt/state,18,0.4,completion,8,800,800,,,,retained accuracy,0.7486979167,0.7722981771,0.02360026042,0.0025,0.0423,,"prompt-cluster bootstrap, 10,000 resamples",held-out prompts; K=8,positive,supporting,data/v_readout_results.json; iclr_direction1/VREAD_INDEPENDENT_RECOMPUTE.log,selective coverage=0.7,RECOMPUTED_FROM_SAVED_METRICS. Coverage=70%; compute saved=18% under the explicit 40%-progress abort accounting convention.
SELECTIVE_COV_50,2026-09-02,Nemotron selective generation,POST_HOC_PRACTICAL_ANALYSIS,Nemotron-Diffusion-3B,3B,GSM8K,GSM8K,abort at 40% generation progress,task correctness,V_reward,linear probe,layer-18 H_m,prompt/state,18,0.4,completion,8,800,800,,,,retained accuracy,0.8078324226,0.8690801457,0.06124772313,0.0247,0.0926,,"prompt-cluster bootstrap, 10,000 resamples",held-out prompts; K=8,positive,supporting,data/v_readout_results.json; iclr_direction1/VREAD_INDEPENDENT_RECOMPUTE.log,selective coverage=0.5,RECOMPUTED_FROM_SAVED_METRICS. Coverage=50%; compute saved=30% under the explicit 40%-progress abort accounting convention.
SELECTIVE_COV_30,2026-09-02,Nemotron selective generation,POST_HOC_PRACTICAL_ANALYSIS,Nemotron-Diffusion-3B,3B,GSM8K,GSM8K,abort at 40% generation progress,task correctness,V_reward,linear probe,layer-18 H_m,prompt/state,18,0.4,completion,8,800,800,,,,retained accuracy,0.820668693,0.9000759878,0.07940729483,0.0299,0.1368,,"prompt-cluster bootstrap, 10,000 resamples",held-out prompts; K=8,positive,supporting,data/v_readout_results.json; iclr_direction1/VREAD_INDEPENDENT_RECOMPUTE.log,selective coverage=0.3,RECOMPUTED_FROM_SAVED_METRICS. Coverage=30%; compute saved=42% under the explicit 40%-progress abort accounting convention.
SELECTIVE_AURC,2026-09-02,Nemotron selective generation,POST_HOC_PRACTICAL_ANALYSIS,Nemotron-Diffusion-3B,3B,GSM8K,GSM8K,selective generation,task correctness,V_reward,linear probe,layer-18 H_m,prompt/state,18,,,8,800,800,,,,AURC,0.7722455238,0.818610922,0.04636539827,0.0171,0.0812,,"prompt-cluster bootstrap, 10,000 resamples",,positive,supporting,data/v_readout_results.json; iclr_direction1/VREAD_INDEPENDENT_RECOMPUTE.log,aurc,RECOMPUTED_FROM_SAVED_METRICS.
PATHLL_MDLM_ANCESTRAL_A_PERTOK_D_R2,2026-09-02,state-centered candidate Path-LL readout,POST_HOC_RESCUE_VALID_CURRENT,MDLM,169.6M,OpenWebText continuations,OpenWebText continuations,ancestral,Path-LL,A_pertok,ridge linear probe,cheap + h_local (3 validation-fixed layers),candidate within state,9,,16,24,400,400,2400,14400,14400,within-state R2,0,0.005531771441,0.005531771441,0.003314648843,0.007748894039,7.374884287e-06,50 repeated document splits; Nadeau-Bengio corrected t interval,50 splits; 50/50 positive,positive,supporting,data/estimate_all.json,MDLM_ancestral/A_pertok/cheap+h_local(3layers)/d_r2,RECOMPUTED_FROM_SAVED_METRICS. Repeated splits are dependent; corrected interval is authoritative.
PATHLL_MDLM_ANCESTRAL_A_PERTOK_D_CONC,2026-09-02,state-centered candidate Path-LL readout,POST_HOC_RESCUE_VALID_CURRENT,MDLM,169.6M,OpenWebText continuations,OpenWebText continuations,ancestral,Path-LL,A_pertok,ridge linear probe,cheap + h_local (3 validation-fixed layers),candidate within state,9,,16,24,400,400,2400,14400,14400,pairwise concordance,0,0.003304444444,0.003304444444,0.0006880301031,0.005920858786,0.0143776869,50 repeated document splits; Nadeau-Bengio corrected t interval,50 splits; 46/50 positive,positive,supporting,data/estimate_all.json,MDLM_ancestral/A_pertok/cheap+h_local(3layers)/d_conc,RECOMPUTED_FROM_SAVED_METRICS. Repeated splits are dependent; corrected interval is authoritative.
PATHLL_MDLM_ANCESTRAL_A_FUTURE_D_R2,2026-09-02,state-centered candidate Path-LL readout,POST_HOC_RESCUE_VALID_CURRENT,MDLM,169.6M,OpenWebText continuations,OpenWebText continuations,ancestral,Path-LL,A_future,ridge linear probe,cheap + h_local (3 validation-fixed layers),candidate within state,9,,16,24,400,400,2400,14400,14400,within-state R2,0,0.009968475762,0.009968475762,0.005739780613,0.01419717091,1.892748085e-05,50 repeated document splits; Nadeau-Bengio corrected t interval,50 splits; 49/50 positive,positive,supporting,data/estimate_all.json,MDLM_ancestral/A_future/cheap+h_local(3layers)/d_r2,RECOMPUTED_FROM_SAVED_METRICS. Repeated splits are dependent; corrected interval is authoritative.
PATHLL_MDLM_ANCESTRAL_A_FUTURE_D_CONC,2026-09-02,state-centered candidate Path-LL readout,POST_HOC_RESCUE_VALID_CURRENT,MDLM,169.6M,OpenWebText continuations,OpenWebText continuations,ancestral,Path-LL,A_future,ridge linear probe,cheap + h_local (3 validation-fixed layers),candidate within state,9,,16,24,400,400,2400,14400,14400,pairwise concordance,0,0.004824444444,0.004824444444,0.00074108611,0.008907802779,0.02154425443,50 repeated document splits; Nadeau-Bengio corrected t interval,50 splits; 47/49 positive,positive,supporting,data/estimate_all.json,MDLM_ancestral/A_future/cheap+h_local(3layers)/d_conc,RECOMPUTED_FROM_SAVED_METRICS. Repeated splits are dependent; corrected interval is authoritative.
PATHLL_MDLM_CONFIDENCE_A_PERTOK_D_R2,2026-09-02,state-centered candidate Path-LL readout,POST_HOC_RESCUE_VALID_CURRENT,MDLM,169.6M,OpenWebText continuations,OpenWebText continuations,confidence,Path-LL,A_pertok,ridge linear probe,cheap + h_local (3 validation-fixed layers),candidate within state,8,,16,24,400,400,2400,14400,14400,within-state R2,0,0.01045105698,0.01045105698,0.007326554533,0.01357555943,1.790152471e-08,50 repeated document splits; Nadeau-Bengio corrected t interval,50 splits; 50/50 positive,positive,supporting,data/estimate_all.json,MDLM_confidence/A_pertok/cheap+h_local(3layers)/d_r2,RECOMPUTED_FROM_SAVED_METRICS. Repeated splits are dependent; corrected interval is authoritative.
PATHLL_MDLM_CONFIDENCE_A_PERTOK_D_CONC,2026-09-02,state-centered candidate Path-LL readout,POST_HOC_RESCUE_VALID_CURRENT,MDLM,169.6M,OpenWebText continuations,OpenWebText continuations,confidence,Path-LL,A_pertok,ridge linear probe,cheap + h_local (3 validation-fixed layers),candidate within state,8,,16,24,400,400,2400,14400,14400,pairwise concordance,0,0.003162222222,0.003162222222,-0.0006818323832,0.007006276828,0.1046981876,50 repeated document splits; Nadeau-Bengio corrected t interval,50 splits; 42/50 positive,positive,supporting,data/estimate_all.json,MDLM_confidence/A_pertok/cheap+h_local(3layers)/d_conc,RECOMPUTED_FROM_SAVED_METRICS. Repeated splits are dependent; corrected interval is authoritative.
PATHLL_MDLM_CONFIDENCE_A_FUTURE_D_R2,2026-09-02,state-centered candidate Path-LL readout,POST_HOC_RESCUE_VALID_CURRENT,MDLM,169.6M,OpenWebText continuations,OpenWebText continuations,confidence,Path-LL,A_future,ridge linear probe,cheap + h_local (3 validation-fixed layers),candidate within state,8,,16,24,400,400,2400,14400,14400,within-state R2,0,0.0190168262,0.0190168262,0.01353992801,0.02449372438,7.184792761e-09,50 repeated document splits; Nadeau-Bengio corrected t interval,50 splits; 50/50 positive,positive,supporting,data/estimate_all.json,MDLM_confidence/A_future/cheap+h_local(3layers)/d_r2,RECOMPUTED_FROM_SAVED_METRICS. Repeated splits are dependent; corrected interval is authoritative.
PATHLL_MDLM_CONFIDENCE_A_FUTURE_D_CONC,2026-09-02,state-centered candidate Path-LL readout,POST_HOC_RESCUE_VALID_CURRENT,MDLM,169.6M,OpenWebText continuations,OpenWebText continuations,confidence,Path-LL,A_future,ridge linear probe,cheap + h_local (3 validation-fixed layers),candidate within state,8,,16,24,400,400,2400,14400,14400,pairwise concordance,0,0.006028888889,0.006028888889,0.0001804016399,0.01187737614,0.04359228154,50 repeated document splits; Nadeau-Bengio corrected t interval,50 splits; 46/50 positive,positive,supporting,data/estimate_all.json,MDLM_confidence/A_future/cheap+h_local(3layers)/d_conc,RECOMPUTED_FROM_SAVED_METRICS. Repeated splits are dependent; corrected interval is authoritative.
PATHLL_SEDD_ANCESTRAL_A_PERTOK_D_R2,2026-09-02,state-centered candidate Path-LL readout,POST_HOC_RESCUE_VALID_CURRENT,SEDD,169.6M,OpenWebText continuations,OpenWebText continuations,ancestral,Path-LL,A_pertok,ridge linear probe,cheap + h_local (3 validation-fixed layers),candidate within state,9,,16,24,400,400,2400,14400,14400,within-state R2,0,0.01143453677,0.01143453677,0.008006448789,0.01486262475,1.913994851e-08,50 repeated document splits; Nadeau-Bengio corrected t interval,50 splits; 50/50 positive,positive,supporting,data/estimate_all.json,SEDD_ancestral/A_pertok/cheap+h_local(3layers)/d_r2,RECOMPUTED_FROM_SAVED_METRICS. Repeated splits are dependent; corrected interval is authoritative.
PATHLL_SEDD_ANCESTRAL_A_PERTOK_D_CONC,2026-09-02,state-centered candidate Path-LL readout,POST_HOC_RESCUE_VALID_CURRENT,SEDD,169.6M,OpenWebText continuations,OpenWebText continuations,ancestral,Path-LL,A_pertok,ridge linear probe,cheap + h_local (3 validation-fixed layers),candidate within state,9,,16,24,400,400,2400,14400,14400,pairwise concordance,0,0.001253333333,0.001253333333,-0.00306667396,0.005573340627,0.5625509795,50 repeated document splits; Nadeau-Bengio corrected t interval,50 splits; 35/50 positive,positive,supporting,data/estimate_all.json,SEDD_ancestral/A_pertok/cheap+h_local(3layers)/d_conc,RECOMPUTED_FROM_SAVED_METRICS. Repeated splits are dependent; corrected interval is authoritative.
PATHLL_SEDD_ANCESTRAL_A_FUTURE_D_R2,2026-09-02,state-centered candidate Path-LL readout,POST_HOC_RESCUE_VALID_CURRENT,SEDD,169.6M,OpenWebText continuations,OpenWebText continuations,ancestral,Path-LL,A_future,ridge linear probe,cheap + h_local (3 validation-fixed layers),candidate within state,9,,16,24,400,400,2400,14400,14400,within-state R2,0,0.02318628087,0.02318628087,0.01737016254,0.02900239921,1.836160113e-10,50 repeated document splits; Nadeau-Bengio corrected t interval,50 splits; 50/50 positive,positive,supporting,data/estimate_all.json,SEDD_ancestral/A_future/cheap+h_local(3layers)/d_r2,RECOMPUTED_FROM_SAVED_METRICS. Repeated splits are dependent; corrected interval is authoritative.
PATHLL_SEDD_ANCESTRAL_A_FUTURE_D_CONC,2026-09-02,state-centered candidate Path-LL readout,POST_HOC_RESCUE_VALID_CURRENT,SEDD,169.6M,OpenWebText continuations,OpenWebText continuations,ancestral,Path-LL,A_future,ridge linear probe,cheap + h_local (3 validation-fixed layers),candidate within state,9,,16,24,400,400,2400,14400,14400,pairwise concordance,0,0.009273333333,0.009273333333,0.003803873928,0.01474279274,0.001319834044,50 repeated document splits; Nadeau-Bengio corrected t interval,50 splits; 50/50 positive,positive,supporting,data/estimate_all.json,SEDD_ancestral/A_future/cheap+h_local(3layers)/d_conc,RECOMPUTED_FROM_SAVED_METRICS. Repeated splits are dependent; corrected interval is authoritative.
FAIR_ARM1_ANCESTRAL_A_PERTOK_S0_D_R2,2026-09-02,candidate Path-LL fair-split audit,POST_HOC_AUDIT,MDLM,169.6M,OpenWebText continuations,OpenWebText continuations,arm1 ancestral,Path-LL,A_pertok,ridge linear probe,cheap + h_local,candidate within state,9,,16,24,400,400,2400,14400,14400,within-state R2,0,0.006528952615,0.006528952615,0.003371735896,0.009661822373,,"document-cluster bootstrap, 10,000 resamples",split seed 0; 100 test documents,positive,supporting,rescue_audit/results/A_fairtest_corrected_ci.json,arm1 ancestral/A_pertok/seed=0/d_r2,RECOMPUTED_FROM_SAVED_METRICS.
FAIR_ARM1_ANCESTRAL_A_PERTOK_S0_D_CONC,2026-09-02,candidate Path-LL fair-split audit,POST_HOC_AUDIT,MDLM,169.6M,OpenWebText continuations,OpenWebText continuations,arm1 ancestral,Path-LL,A_pertok,ridge linear probe,cheap + h_local,candidate within state,9,,16,24,400,400,2400,14400,14400,pairwise concordance,0,0.005333333333,0.005333333333,0.001444444444,0.009333333333,,"document-cluster bootstrap, 10,000 resamples",split seed 0; 100 test documents,positive,supporting,rescue_audit/results/A_fairtest_corrected_ci.json,arm1 ancestral/A_pertok/seed=0/d_conc,RECOMPUTED_FROM_SAVED_METRICS.
FAIR_ARM1_ANCESTRAL_A_PERTOK_S1_D_R2,2026-09-02,candidate Path-LL fair-split audit,POST_HOC_AUDIT,MDLM,169.6M,OpenWebText continuations,OpenWebText continuations,arm1 ancestral,Path-LL,A_pertok,ridge linear probe,cheap + h_local,candidate within state,8,,16,24,400,400,2400,14400,14400,within-state R2,0,0.001269306662,0.001269306662,-0.003573615392,0.005942171574,,"document-cluster bootstrap, 10,000 resamples",split seed 1; 100 test documents,positive,supporting,rescue_audit/results/A_fairtest_corrected_ci.json,arm1 ancestral/A_pertok/seed=1/d_r2,RECOMPUTED_FROM_SAVED_METRICS.
FAIR_ARM1_ANCESTRAL_A_PERTOK_S1_D_CONC,2026-09-02,candidate Path-LL fair-split audit,POST_HOC_AUDIT,MDLM,169.6M,OpenWebText continuations,OpenWebText continuations,arm1 ancestral,Path-LL,A_pertok,ridge linear probe,cheap + h_local,candidate within state,8,,16,24,400,400,2400,14400,14400,pairwise concordance,0,0.005,0.005,0.0006666666667,0.009444444444,,"document-cluster bootstrap, 10,000 resamples",split seed 1; 100 test documents,positive,supporting,rescue_audit/results/A_fairtest_corrected_ci.json,arm1 ancestral/A_pertok/seed=1/d_conc,RECOMPUTED_FROM_SAVED_METRICS.
FAIR_ARM1_ANCESTRAL_A_PERTOK_S2_D_R2,2026-09-02,candidate Path-LL fair-split audit,POST_HOC_AUDIT,MDLM,169.6M,OpenWebText continuations,OpenWebText continuations,arm1 ancestral,Path-LL,A_pertok,ridge linear probe,cheap + h_local,candidate within state,8,,16,24,400,400,2400,14400,14400,within-state R2,0,0.003923874407,0.003923874407,0.000410518274,0.007415047051,,"document-cluster bootstrap, 10,000 resamples",split seed 2; 100 test documents,positive,supporting,rescue_audit/results/A_fairtest_corrected_ci.json,arm1 ancestral/A_pertok/seed=2/d_r2,RECOMPUTED_FROM_SAVED_METRICS.
FAIR_ARM1_ANCESTRAL_A_PERTOK_S2_D_CONC,2026-09-02,candidate Path-LL fair-split audit,POST_HOC_AUDIT,MDLM,169.6M,OpenWebText continuations,OpenWebText continuations,arm1 ancestral,Path-LL,A_pertok,ridge linear probe,cheap + h_local,candidate within state,8,,16,24,400,400,2400,14400,14400,pairwise concordance,0,0.002777777778,0.002777777778,-0.0008888888889,0.006666666667,,"document-cluster bootstrap, 10,000 resamples",split seed 2; 100 test documents,positive,supporting,rescue_audit/results/A_fairtest_corrected_ci.json,arm1 ancestral/A_pertok/seed=2/d_conc,RECOMPUTED_FROM_SAVED_METRICS.
FAIR_ARM1_ANCESTRAL_A_FUTURE_S0_D_R2,2026-09-02,candidate Path-LL fair-split audit,POST_HOC_AUDIT,MDLM,169.6M,OpenWebText continuations,OpenWebText continuations,arm1 ancestral,Path-LL,A_future,ridge linear probe,cheap + h_local,candidate within state,9,,16,24,400,400,2400,14400,14400,within-state R2,0,0.01241828269,0.01241828269,0.006980755387,0.01780893719,,"document-cluster bootstrap, 10,000 resamples",split seed 0; 100 test documents,positive,supporting,rescue_audit/results/A_fairtest_corrected_ci.json,arm1 ancestral/A_future/seed=0/d_r2,RECOMPUTED_FROM_SAVED_METRICS.
FAIR_ARM1_ANCESTRAL_A_FUTURE_S0_D_CONC,2026-09-02,candidate Path-LL fair-split audit,POST_HOC_AUDIT,MDLM,169.6M,OpenWebText continuations,OpenWebText continuations,arm1 ancestral,Path-LL,A_future,ridge linear probe,cheap + h_local,candidate within state,9,,16,24,400,400,2400,14400,14400,pairwise concordance,0,0.008888888889,0.008888888889,0.003777777778,0.01377777778,,"document-cluster bootstrap, 10,000 resamples",split seed 0; 100 test documents,positive,supporting,rescue_audit/results/A_fairtest_corrected_ci.json,arm1 ancestral/A_future/seed=0/d_conc,RECOMPUTED_FROM_SAVED_METRICS.
FAIR_ARM1_ANCESTRAL_A_FUTURE_S1_D_R2,2026-09-02,candidate Path-LL fair-split audit,POST_HOC_AUDIT,MDLM,169.6M,OpenWebText continuations,OpenWebText continuations,arm1 ancestral,Path-LL,A_future,ridge linear probe,cheap + h_local,candidate within state,8,,16,24,400,400,2400,14400,14400,within-state R2,0,0.0048180956,0.0048180956,-0.005401810338,0.01486742724,,"document-cluster bootstrap, 10,000 resamples",split seed 1; 100 test documents,positive,supporting,rescue_audit/results/A_fairtest_corrected_ci.json,arm1 ancestral/A_future/seed=1/d_r2,RECOMPUTED_FROM_SAVED_METRICS.
FAIR_ARM1_ANCESTRAL_A_FUTURE_S1_D_CONC,2026-09-02,candidate Path-LL fair-split audit,POST_HOC_AUDIT,MDLM,169.6M,OpenWebText continuations,OpenWebText continuations,arm1 ancestral,Path-LL,A_future,ridge linear probe,cheap + h_local,candidate within state,8,,16,24,400,400,2400,14400,14400,pairwise concordance,0,0.008777777778,0.008777777778,0.002,0.01555555556,,"document-cluster bootstrap, 10,000 resamples",split seed 1; 100 test documents,positive,supporting,rescue_audit/results/A_fairtest_corrected_ci.json,arm1 ancestral/A_future/seed=1/d_conc,RECOMPUTED_FROM_SAVED_METRICS.
FAIR_ARM1_ANCESTRAL_A_FUTURE_S2_D_R2,2026-09-02,candidate Path-LL fair-split audit,POST_HOC_AUDIT,MDLM,169.6M,OpenWebText continuations,OpenWebText continuations,arm1 ancestral,Path-LL,A_future,ridge linear probe,cheap + h_local,candidate within state,8,,16,24,400,400,2400,14400,14400,within-state R2,0,0.0002677593381,0.0002677593381,-0.009922143318,0.01022718742,,"document-cluster bootstrap, 10,000 resamples",split seed 2; 100 test documents,positive,supporting,rescue_audit/results/A_fairtest_corrected_ci.json,arm1 ancestral/A_future/seed=2/d_r2,RECOMPUTED_FROM_SAVED_METRICS.
FAIR_ARM1_ANCESTRAL_A_FUTURE_S2_D_CONC,2026-09-02,candidate Path-LL fair-split audit,POST_HOC_AUDIT,MDLM,169.6M,OpenWebText continuations,OpenWebText continuations,arm1 ancestral,Path-LL,A_future,ridge linear probe,cheap + h_local,candidate within state,8,,16,24,400,400,2400,14400,14400,pairwise concordance,0,0.002888888889,0.002888888889,-0.004666666667,0.01077777778,,"document-cluster bootstrap, 10,000 resamples",split seed 2; 100 test documents,positive,supporting,rescue_audit/results/A_fairtest_corrected_ci.json,arm1 ancestral/A_future/seed=2/d_conc,RECOMPUTED_FROM_SAVED_METRICS.
FAIR_ARM2_CONFIDENCE_A_PERTOK_S0_D_R2,2026-09-02,candidate Path-LL fair-split audit,POST_HOC_AUDIT,MDLM,169.6M,OpenWebText continuations,OpenWebText continuations,arm2 confidence,Path-LL,A_pertok,ridge linear probe,cheap + h_local,candidate within state,8,,16,24,400,400,2400,14400,14400,within-state R2,0,0.01043099999,0.01043099999,0.006267167153,0.01433000149,,"document-cluster bootstrap, 10,000 resamples",split seed 0; 100 test documents,positive,supporting,rescue_audit/results/A_fairtest_corrected_ci.json,arm2 confidence/A_pertok/seed=0/d_r2,RECOMPUTED_FROM_SAVED_METRICS.
FAIR_ARM2_CONFIDENCE_A_PERTOK_S0_D_CONC,2026-09-02,candidate Path-LL fair-split audit,POST_HOC_AUDIT,MDLM,169.6M,OpenWebText continuations,OpenWebText continuations,arm2 confidence,Path-LL,A_pertok,ridge linear probe,cheap + h_local,candidate within state,8,,16,24,400,400,2400,14400,14400,pairwise concordance,0,0.006,0.006,0.0004444444444,0.01155555556,,"document-cluster bootstrap, 10,000 resamples",split seed 0; 100 test documents,positive,supporting,rescue_audit/results/A_fairtest_corrected_ci.json,arm2 confidence/A_pertok/seed=0/d_conc,RECOMPUTED_FROM_SAVED_METRICS.
FAIR_ARM2_CONFIDENCE_A_PERTOK_S1_D_R2,2026-09-02,candidate Path-LL fair-split audit,POST_HOC_AUDIT,MDLM,169.6M,OpenWebText continuations,OpenWebText continuations,arm2 confidence,Path-LL,A_pertok,ridge linear probe,cheap + h_local,candidate within state,8,,16,24,400,400,2400,14400,14400,within-state R2,0,0.01048169301,0.01048169301,0.007255189713,0.01362836232,,"document-cluster bootstrap, 10,000 resamples",split seed 1; 100 test documents,positive,supporting,rescue_audit/results/A_fairtest_corrected_ci.json,arm2 confidence/A_pertok/seed=1/d_r2,RECOMPUTED_FROM_SAVED_METRICS.
FAIR_ARM2_CONFIDENCE_A_PERTOK_S1_D_CONC,2026-09-02,candidate Path-LL fair-split audit,POST_HOC_AUDIT,MDLM,169.6M,OpenWebText continuations,OpenWebText continuations,arm2 confidence,Path-LL,A_pertok,ridge linear probe,cheap + h_local,candidate within state,8,,16,24,400,400,2400,14400,14400,pairwise concordance,0,0.002555555556,0.002555555556,-0.002111111111,0.007222222222,,"document-cluster bootstrap, 10,000 resamples",split seed 1; 100 test documents,positive,supporting,rescue_audit/results/A_fairtest_corrected_ci.json,arm2 confidence/A_pertok/seed=1/d_conc,RECOMPUTED_FROM_SAVED_METRICS.
FAIR_ARM2_CONFIDENCE_A_PERTOK_S2_D_R2,2026-09-02,candidate Path-LL fair-split audit,POST_HOC_AUDIT,MDLM,169.6M,OpenWebText continuations,OpenWebText continuations,arm2 confidence,Path-LL,A_pertok,ridge linear probe,cheap + h_local,candidate within state,9,,16,24,400,400,2400,14400,14400,within-state R2,0,0.00864375183,0.00864375183,0.004058953268,0.01334544557,,"document-cluster bootstrap, 10,000 resamples",split seed 2; 100 test documents,positive,supporting,rescue_audit/results/A_fairtest_corrected_ci.json,arm2 confidence/A_pertok/seed=2/d_r2,RECOMPUTED_FROM_SAVED_METRICS.
FAIR_ARM2_CONFIDENCE_A_PERTOK_S2_D_CONC,2026-09-02,candidate Path-LL fair-split audit,POST_HOC_AUDIT,MDLM,169.6M,OpenWebText continuations,OpenWebText continuations,arm2 confidence,Path-LL,A_pertok,ridge linear probe,cheap + h_local,candidate within state,9,,16,24,400,400,2400,14400,14400,pairwise concordance,0,0.002222222222,0.002222222222,-0.002777777778,0.007111111111,,"document-cluster bootstrap, 10,000 resamples",split seed 2; 100 test documents,positive,supporting,rescue_audit/results/A_fairtest_corrected_ci.json,arm2 confidence/A_pertok/seed=2/d_conc,RECOMPUTED_FROM_SAVED_METRICS.
FAIR_ARM2_CONFIDENCE_A_FUTURE_S0_D_R2,2026-09-02,candidate Path-LL fair-split audit,POST_HOC_AUDIT,MDLM,169.6M,OpenWebText continuations,OpenWebText continuations,arm2 confidence,Path-LL,A_future,ridge linear probe,cheap + h_local,candidate within state,8,,16,24,400,400,2400,14400,14400,within-state R2,0,0.01920077541,0.01920077541,0.01121147668,0.02675651127,,"document-cluster bootstrap, 10,000 resamples",split seed 0; 100 test documents,positive,supporting,rescue_audit/results/A_fairtest_corrected_ci.json,arm2 confidence/A_future/seed=0/d_r2,RECOMPUTED_FROM_SAVED_METRICS.
FAIR_ARM2_CONFIDENCE_A_FUTURE_S0_D_CONC,2026-09-02,candidate Path-LL fair-split audit,POST_HOC_AUDIT,MDLM,169.6M,OpenWebText continuations,OpenWebText continuations,arm2 confidence,Path-LL,A_future,ridge linear probe,cheap + h_local,candidate within state,8,,16,24,400,400,2400,14400,14400,pairwise concordance,0,0.01,0.01,0.002777777778,0.01711111111,,"document-cluster bootstrap, 10,000 resamples",split seed 0; 100 test documents,positive,supporting,rescue_audit/results/A_fairtest_corrected_ci.json,arm2 confidence/A_future/seed=0/d_conc,RECOMPUTED_FROM_SAVED_METRICS.
FAIR_ARM2_CONFIDENCE_A_FUTURE_S1_D_R2,2026-09-02,candidate Path-LL fair-split audit,POST_HOC_AUDIT,MDLM,169.6M,OpenWebText continuations,OpenWebText continuations,arm2 confidence,Path-LL,A_future,ridge linear probe,cheap + h_local,candidate within state,8,,16,24,400,400,2400,14400,14400,within-state R2,0,0.01981932345,0.01981932345,0.01369317645,0.02581831294,,"document-cluster bootstrap, 10,000 resamples",split seed 1; 100 test documents,positive,supporting,rescue_audit/results/A_fairtest_corrected_ci.json,arm2 confidence/A_future/seed=1/d_r2,RECOMPUTED_FROM_SAVED_METRICS.
FAIR_ARM2_CONFIDENCE_A_FUTURE_S1_D_CONC,2026-09-02,candidate Path-LL fair-split audit,POST_HOC_AUDIT,MDLM,169.6M,OpenWebText continuations,OpenWebText continuations,arm2 confidence,Path-LL,A_future,ridge linear probe,cheap + h_local,candidate within state,8,,16,24,400,400,2400,14400,14400,pairwise concordance,0,0.003111111111,0.003111111111,-0.003555555556,0.009888888889,,"document-cluster bootstrap, 10,000 resamples",split seed 1; 100 test documents,positive,supporting,rescue_audit/results/A_fairtest_corrected_ci.json,arm2 confidence/A_future/seed=1/d_conc,RECOMPUTED_FROM_SAVED_METRICS.
FAIR_ARM2_CONFIDENCE_A_FUTURE_S2_D_R2,2026-09-02,candidate Path-LL fair-split audit,POST_HOC_AUDIT,MDLM,169.6M,OpenWebText continuations,OpenWebText continuations,arm2 confidence,Path-LL,A_future,ridge linear probe,cheap + h_local,candidate within state,9,,16,24,400,400,2400,14400,14400,within-state R2,0,0.01522354397,0.01522354397,0.006887545129,0.02336480161,,"document-cluster bootstrap, 10,000 resamples",split seed 2; 100 test documents,positive,supporting,rescue_audit/results/A_fairtest_corrected_ci.json,arm2 confidence/A_future/seed=2/d_r2,RECOMPUTED_FROM_SAVED_METRICS.
FAIR_ARM2_CONFIDENCE_A_FUTURE_S2_D_CONC,2026-09-02,candidate Path-LL fair-split audit,POST_HOC_AUDIT,MDLM,169.6M,OpenWebText continuations,OpenWebText continuations,arm2 confidence,Path-LL,A_future,ridge linear probe,cheap + h_local,candidate within state,9,,16,24,400,400,2400,14400,14400,pairwise concordance,0,0.001555555556,0.001555555556,-0.004888888889,0.008111111111,,"document-cluster bootstrap, 10,000 resamples",split seed 2; 100 test documents,positive,supporting,rescue_audit/results/A_fairtest_corrected_ci.json,arm2 confidence/A_future/seed=2/d_conc,RECOMPUTED_FROM_SAVED_METRICS.
STATE_GSM8K_TASKC_R2,2026-09-02,task-state readout,VALID_CURRENT_UNDERPOWERED,Nemotron-Diffusion-3B,3B,GSM8K(taskC),GSM8K(taskC),ancestral,task correctness,V_task,linear probe,cheap + h_global,state,12,,completion,8,180,180,720,,720,R2,0,0.06982925893,0.06982925893,-0.06111804109,0.200776559,0.2891358421,50 repeated document splits; Nadeau-Bengio corrected t interval,50 splits; 43/50 nonzero positive,positive,supporting,data/task_state_readout.json,GSM8K(taskC)/hidden/r2,RECOMPUTED_FROM_SAVED_METRICS. Positive point estimate and sign consistency; corrected CI crosses zero at this sample size.
STATE_GSM8K_TASKC_AUC,2026-09-02,task-state readout,VALID_CURRENT_UNDERPOWERED,Nemotron-Diffusion-3B,3B,GSM8K(taskC),GSM8K(taskC),ancestral,task correctness,V_task,linear probe,cheap + h_global,state,12,,completion,8,180,180,720,,720,AUC,0,0.02515554544,0.02515554544,-0.01207202345,0.06238311433,0.1807103209,50 repeated document splits; Nadeau-Bengio corrected t interval,50 splits; 41/50 nonzero positive,positive,supporting,data/task_state_readout.json,GSM8K(taskC)/hidden/auc,RECOMPUTED_FROM_SAVED_METRICS. Positive point estimate and sign consistency; corrected CI crosses zero at this sample size.
STATE_SVAMP_TASKE_R2,2026-09-02,task-state readout,VALID_CURRENT_UNDERPOWERED,Nemotron-Diffusion-3B,3B,SVAMP(taskE),SVAMP(taskE),ancestral,task correctness,V_task,linear probe,cheap + h_global,state,11,,completion,8,200,200,800,,800,R2,0,0.04300390588,0.04300390588,-0.03542349843,0.1214313102,0.2758859122,50 repeated document splits; Nadeau-Bengio corrected t interval,50 splits; 39/47 nonzero positive,positive,supporting,data/task_state_readout.json,SVAMP(taskE)/hidden/r2,RECOMPUTED_FROM_SAVED_METRICS. Positive point estimate and sign consistency; corrected CI crosses zero at this sample size.
STATE_SVAMP_TASKE_AUC,2026-09-02,task-state readout,VALID_CURRENT_UNDERPOWERED,Nemotron-Diffusion-3B,3B,SVAMP(taskE),SVAMP(taskE),ancestral,task correctness,V_task,linear probe,cheap + h_global,state,11,,completion,8,200,200,800,,800,AUC,0,0.03977456544,0.03977456544,-0.0129407141,0.09248984497,0.1358793344,50 repeated document splits; Nadeau-Bengio corrected t interval,50 splits; 40/46 nonzero positive,positive,supporting,data/task_state_readout.json,SVAMP(taskE)/hidden/auc,RECOMPUTED_FROM_SAVED_METRICS. Positive point estimate and sign consistency; corrected CI crosses zero at this sample size.
TASK_CD_BILINEAR_VS_CHEAP_ONLY,2026-09-02,five-fold candidate task-utility cross-fit,POST_HOC_CROSSFIT_BOUNDARY,Nemotron-Diffusion-3B,3B,GSM8K C+D,GSM8K C+D,ancestral,task correctness,A_task,low-rank bilinear probe,cheap + hidden,candidate within state,2,,completion,8,750,750,3000,18000,18000,pairwise concordance delta,0,0.01425178147,0.01425178147,-0.009098741413,0.03693673529,0.1097,"5-fold document cross-fit + 10,000 document-cluster bootstraps",5 folds,positive,supporting,rescue_audit/results/taskCD_crossfit_confirmatory.json,comparisons.bilinear_vs_cheap_only,"RECOMPUTED_FROM_SAVED_METRICS. bilinear vs cheap; CI crosses zero, so not evidence for a stable candidate task-utility effect."
TASK_CD_BILINEAR_VS_NO_STATE_INTERACTION,2026-09-02,five-fold candidate task-utility cross-fit,POST_HOC_CROSSFIT_BOUNDARY,Nemotron-Diffusion-3B,3B,GSM8K C+D,GSM8K C+D,ancestral,task correctness,A_task,low-rank bilinear probe,cheap + hidden,candidate within state,2,,completion,8,750,750,3000,18000,18000,pairwise concordance delta,0,-0.002235573564,-0.002235573564,-0.02199521331,0.01738639982,0.5858,"5-fold document cross-fit + 10,000 document-cluster bootstraps",5 folds,negative_or_zero,supporting,rescue_audit/results/taskCD_crossfit_confirmatory.json,comparisons.bilinear_vs_no_state_interaction,"RECOMPUTED_FROM_SAVED_METRICS. state-action interaction; CI crosses zero, so not evidence for a stable candidate task-utility effect."
TASK_E_BILINEAR_VS_CHEAP_ONLY,2026-09-02,five-fold candidate task-utility cross-fit,POST_HOC_CROSSFIT_BOUNDARY,Nemotron-Diffusion-3B,3B,SVAMP E,SVAMP E,ancestral,task correctness,A_task,low-rank bilinear probe,cheap + hidden,candidate within state,2,,completion,8,200,200,800,4800,4800,pairwise concordance delta,0,0.01326053042,0.01326053042,-0.03687014111,0.06539932198,0.3104,"5-fold document cross-fit + 10,000 document-cluster bootstraps",5 folds,positive,supporting,rescue_audit/results/taskE_svamp_crossfit.json,comparisons.bilinear_vs_cheap_only,"RECOMPUTED_FROM_SAVED_METRICS. bilinear vs cheap; CI crosses zero, so not evidence for a stable candidate task-utility effect."
TASK_E_BILINEAR_VS_NO_STATE_INTERACTION,2026-09-02,five-fold candidate task-utility cross-fit,POST_HOC_CROSSFIT_BOUNDARY,Nemotron-Diffusion-3B,3B,SVAMP E,SVAMP E,ancestral,task correctness,A_task,low-rank bilinear probe,cheap + hidden,candidate within state,2,,completion,8,200,200,800,4800,4800,pairwise concordance delta,0,0.01092043682,0.01092043682,-0.02617086106,0.04985369885,0.2891,"5-fold document cross-fit + 10,000 document-cluster bootstraps",5 folds,positive,supporting,rescue_audit/results/taskE_svamp_crossfit.json,comparisons.bilinear_vs_no_state_interaction,"RECOMPUTED_FROM_SAVED_METRICS. state-action interaction; CI crosses zero, so not evidence for a stable candidate task-utility effect."
TASK_D_FROZEN_PRIMARY_BILINEAR_VS_CHEAP_ONLY,2026-09-02,sealed frozen Task C to Task D transfer,CONFIRMATORY_NEGATIVE,Nemotron-Diffusion-3B,3B,GSM8K D,GSM8K D,ancestral,task correctness,A_task,frozen low-rank bilinear probe,cheap + hidden,candidate within state,0,,completion,8,570,570,2280,13680,13680,pairwise concordance delta,0,-0.03555389222,-0.03555389222,-0.05665073796,-0.01507717107,0.9998,"sealed application + 10,000 document-cluster bootstraps",frozen before Task D labels,negative_or_zero,supporting,rescue_audit/results/CONFIRMATORY_taskD_frozen.json,comparisons.primary_bilinear_vs_cheap_only,RECOMPUTED_FROM_SAVED_METRICS. Clean domain-transfer failure; narrows rather than reverses the state-level claim.
TASK_D_FROZEN_RELATIONAL_BILINEAR_VS_NO_STATE_INTERACTION,2026-09-02,sealed frozen Task C to Task D transfer,CONFIRMATORY_NEGATIVE,Nemotron-Diffusion-3B,3B,GSM8K D,GSM8K D,ancestral,task correctness,A_task,frozen low-rank bilinear probe,cheap + hidden,candidate within state,0,,completion,8,570,570,2280,13680,13680,pairwise concordance delta,0,-0.0130988024,-0.0130988024,-0.02606856022,-0.0001840908697,0.9772,"sealed application + 10,000 document-cluster bootstraps",frozen before Task D labels,negative_or_zero,supporting,rescue_audit/results/CONFIRMATORY_taskD_frozen.json,comparisons.relational_bilinear_vs_no_state_interaction,RECOMPUTED_FROM_SAVED_METRICS. Clean domain-transfer failure; narrows rather than reverses the state-level claim.
ALIGN_GSM8K_A,2026-09-02,Path-LL/task-reward alignment,VALID_CURRENT,Nemotron-Diffusion-3B,3B,GSM8K A,GSM8K A,ancestral,task correctness vs Path-LL,A_task vs A_pertok,none; direct correlation,rollout labels,candidate,,,completion,8,135,135,,1056,1056,Pearson r,0,0.09573630597,0.09573630597,0.0248489982,0.172727744,,"document-cluster bootstrap, 10,000 resamples",bootstrap seed 20260902,positive,supporting,data/labels_taskA/shard_*.npz; iclr_direction1/TASK_REWARD_ALIGNMENT_RECOMPUTE.json,GSM8K A,RECOMPUTED_FROM_RAW_FEATURES. Shows that task reward and Path-LL are related but non-equivalent targets.
ALIGN_GSM8K_B,2026-09-02,Path-LL/task-reward alignment,VALID_CURRENT,Nemotron-Diffusion-3B,3B,GSM8K B,GSM8K B,ancestral,task correctness vs Path-LL,A_task vs A_pertok,none; direct correlation,rollout labels,candidate,,,completion,8,138,138,,1184,1184,Pearson r,0,-0.01742124876,-0.01742124876,-0.1058809194,0.06666068134,,"document-cluster bootstrap, 10,000 resamples",bootstrap seed 20260902,negative_or_zero,supporting,data/labels_taskB/shard_*.npz; iclr_direction1/TASK_REWARD_ALIGNMENT_RECOMPUTE.json,GSM8K B,RECOMPUTED_FROM_RAW_FEATURES. Shows that task reward and Path-LL are related but non-equivalent targets.
ALIGN_GSM8K_C,2026-09-02,Path-LL/task-reward alignment,VALID_CURRENT,Nemotron-Diffusion-3B,3B,GSM8K C,GSM8K C,ancestral,task correctness vs Path-LL,A_task vs A_pertok,none; direct correlation,rollout labels,candidate,,,completion,8,180,180,,4320,4320,Pearson r,0,0.04934820845,0.04934820845,-0.02221051279,0.1208256563,,"document-cluster bootstrap, 10,000 resamples",bootstrap seed 20260902,positive,supporting,data/labels_taskC/shard_*.npz; iclr_direction1/TASK_REWARD_ALIGNMENT_RECOMPUTE.json,GSM8K C,RECOMPUTED_FROM_RAW_FEATURES. Shows that task reward and Path-LL are related but non-equivalent targets.
ALIGN_SVAMP_E,2026-09-02,Path-LL/task-reward alignment,VALID_CURRENT,Nemotron-Diffusion-3B,3B,SVAMP E,SVAMP E,ancestral,task correctness vs Path-LL,A_task vs A_pertok,none; direct correlation,rollout labels,candidate,,,completion,8,200,200,,4800,4800,Pearson r,0,0.2246104135,0.2246104135,0.1390984428,0.309439991,,"document-cluster bootstrap, 10,000 resamples",bootstrap seed 20260902,positive,supporting,data/labels_taskE_svamp/shard_*.npz; iclr_direction1/TASK_REWARD_ALIGNMENT_RECOMPUTE.json,SVAMP E,RECOMPUTED_FROM_RAW_FEATURES. Shows that task reward and Path-LL are related but non-equivalent targets.
VREAD_WITHIN_PROMPT_DIRECT,2026-09-02,prompt-centered state-value probe,VALID_CURRENT_BOUNDARY,Nemotron-Diffusion-3B,3B,GSM8K,GSM8K,Nemotron diffusion decoding,task correctness,centered V_reward,prompt-centered linear probe,centered cheap + centered hidden,state within prompt,"0,3,...,24",,completion,8,800,800,4411,,4411,incremental R2,0.0013,0.0013,0,,,,direct prompt-centered fitting,,negative_or_zero,supporting,data/v_audit.json; iclr_direction1/VREAD_INDEPENDENT_RECOMPUTE.log,within_signal_var; direct centered probe,"RECOMPUTED_FROM_RAW_FEATURES. Nonzero within-prompt target variance=0.01285314281, noise ceiling=0.8699, but hidden delta is approximately zero."
OLD_HORIZON_H32_RELATIONAL,2026-09-02,legacy horizon × timestep × layer sweep,LEGACY_EXPLORATORY_BOUNDARY,MDLM,169.6M,OpenWebText continuations,OpenWebText continuations,ancestral,Path-LL,A_pertok,legacy relational probe,hidden interaction,candidate within state,,,32,16,,,,14400,,relational concordance delta,0,-0.005,-0.005,,,,report-level pooled/temporal summary,,negative_or_zero,supporting,rescue_audit/FINAL_RESCUE_REPORT.md,section 9 horizon table H=32,SOURCE_SUMMARY_ONLY. Label ceiling fell to 0.656/SNR 1.91; long-horizon candidate effect was washed out. Do not mix with the corrected H=16 state-centered analysis.
STATE_AUC_META_FIXED,2026-09-02,state-level cross-task synthesis,VALID_CURRENT_SYNTHESIS,Nemotron-Diffusion-3B,3B,GSM8K + SVAMP,GSM8K + SVAMP,multiple,task correctness,V_task,linear probes,hidden vs cheap,state,,,,,1180,1180,5931,,,Delta AUC,0,0.04800561901,0.04800561901,0.02684937619,0.06916186184,,fixed effect,3 study estimates,positive,supporting,data/v_audit.json; data/task_state_readout.json,independent study estimates,"RECOMPUTED_FROM_SAVED_METRICS; tau2=0.000205291, I2=35.1%. Supporting synthesis; component studies differ in model and sample size."
STATE_AUC_META_DERSIMONIAN-LAIRD,2026-09-02,state-level cross-task synthesis,VALID_CURRENT_SYNTHESIS,Nemotron-Diffusion-3B,3B,GSM8K + SVAMP,GSM8K + SVAMP,multiple,task correctness,V_task,linear probes,hidden vs cheap,state,,,,,1180,1180,5931,,,Delta AUC,0,0.04631997961,0.04631997961,0.01914610133,0.0734938579,,DerSimonian-Laird random effects,3 study estimates,positive,supporting,data/v_audit.json; data/task_state_readout.json,independent study estimates,"RECOMPUTED_FROM_SAVED_METRICS; tau2=0.000205291, I2=35.1%. Supporting synthesis; component studies differ in model and sample size."
