270	2026-09-02T20:52:12.2782290480	./.gitattributes
19	2026-09-02T20:52:12.4942285630	./.gitignore
2620	2026-09-02T20:52:12.9182276120	./DATA_AND_RESULTS.md
1864	2026-09-02T20:55:02.5378474510	./MODEL_ASSETS.md
7501	2026-08-23T21:32:31.3598773610	./README.md
7184	2026-09-01T16:54:43.8799117660	./data/A_fairtest.json
12159	2026-09-01T22:09:37.1947117220	./data/_smoke.json
6918	2026-09-02T00:42:19.9486473110	./data/_smoke2.json
188229	2026-09-01T23:45:40.1010338830	./data/estimate_all.json
55563	2026-09-02T01:59:45.0038593450	./data/estimate_task.json
2188	2026-08-19T12:44:17.9421914590	./data/labels_a/meta.json
46782599	2026-08-19T12:44:12.2622086810	./data/labels_a/shard_000.npz
46784412	2026-08-19T12:44:14.6582014160	./data/labels_a/shard_001.npz
46785563	2026-08-19T12:44:17.0581941380	./data/labels_a/shard_002.npz
15601188	2026-08-19T12:44:17.9221915190	./data/labels_a/shard_003.npz
2089	2026-08-23T17:02:38.4509657390	./data/labels_a2/meta.json
46801799	2026-08-23T16:41:30.8705796240	./data/labels_a2/shard_000.npz
46800656	2026-08-23T16:50:34.9850269570	./data/labels_a2/shard_001.npz
46803998	2026-08-23T16:59:36.7954829730	./data/labels_a2/shard_002.npz
15608182	2026-08-23T17:02:38.4509657390	./data/labels_a2/shard_003.npz
2162	2026-08-26T23:00:19.1586509100	./data/labels_a3/meta.json
47347958	2026-08-26T23:00:09.5826784150	./data/labels_a3/shard_000.npz
47346074	2026-08-26T23:00:13.5466670290	./data/labels_a3/shard_001.npz
47348633	2026-08-26T23:00:17.5586555050	./data/labels_a3/shard_002.npz
15790215	2026-08-26T23:00:19.1306509900	./data/labels_a3/shard_003.npz
2191	2026-08-19T12:46:15.9138337990	./data/labels_b/meta.json
46790627	2026-08-19T12:46:10.2818508710	./data/labels_b/shard_000.npz
46793858	2026-08-19T12:46:12.6538436810	./data/labels_b/shard_001.npz
46785418	2026-08-19T12:46:15.0458364300	./data/labels_b/shard_002.npz
15601244	2026-08-19T12:46:15.8938338600	./data/labels_b/shard_003.npz
2091	2026-08-23T17:02:40.3829602390	./data/labels_b2/meta.json
46808239	2026-08-23T16:41:31.6985772600	./data/labels_b2/shard_000.npz
46811317	2026-08-23T16:50:36.0250239910	./data/labels_b2/shard_001.npz
46802098	2026-08-23T16:59:38.7394774370	./data/labels_b2/shard_002.npz
15607281	2026-08-23T17:02:40.3829602390	./data/labels_b2/shard_003.npz
2164	2026-08-26T23:15:40.8280085790	./data/labels_b3/meta.json
47352206	2026-08-26T23:15:32.7800316110	./data/labels_b3/shard_000.npz
47357853	2026-08-26T23:15:36.2680216290	./data/labels_b3/shard_001.npz
47347684	2026-08-26T23:15:39.4920124020	./data/labels_b3/shard_002.npz
15790632	2026-08-26T23:15:40.8000086590	./data/labels_b3/shard_003.npz
2134	2026-08-23T21:02:45.5889752080	./data/labels_c1/meta.json
46803687	2026-08-23T20:40:56.6244446390	./data/labels_c1/shard_000.npz
46804451	2026-08-23T20:50:14.1909744570	./data/labels_c1/shard_001.npz
46807878	2026-08-23T20:59:35.2574834040	./data/labels_c1/shard_002.npz
15612833	2026-08-23T21:02:45.5889752080	./data/labels_c1/shard_003.npz
2136	2026-08-23T21:02:37.7849960670	./data/labels_c2/meta.json
46809084	2026-08-23T20:40:53.8604518950	./data/labels_c2/shard_000.npz
46809709	2026-08-23T20:50:11.0869826740	./data/labels_c2/shard_001.npz
46813564	2026-08-23T20:59:28.1775022850	./data/labels_c2/shard_002.npz
15611100	2026-08-23T21:02:37.7809960790	./data/labels_c2/shard_003.npz
2162	2026-08-26T23:05:26.0977698740	./data/labels_c3/meta.json
47349264	2026-08-26T23:05:16.6337970220	./data/labels_c3/shard_000.npz
47350624	2026-08-26T23:05:21.1017842050	./data/labels_c3/shard_001.npz
47351662	2026-08-26T23:05:24.7297737980	./data/labels_c3/shard_002.npz
15793221	2026-08-26T23:05:26.0737699430	./data/labels_c3/shard_003.npz
2164	2026-08-26T23:27:21.1899795120	./data/labels_d3/meta.json
47353235	2026-08-26T23:27:15.3579971490	./data/labels_d3/shard_000.npz
47357170	2026-08-26T23:27:17.8379896490	./data/labels_d3/shard_001.npz
47357122	2026-08-26T23:27:20.2819822580	./data/labels_d3/shard_002.npz
15795071	2026-08-26T23:27:21.1659795850	./data/labels_d3/shard_003.npz
2093	2026-08-23T16:31:51.2002364270	./data/labels_fixsmoke/meta.json
9367068	2026-08-23T16:31:51.1962364390	./data/labels_fixsmoke/shard_000.npz
2160	2026-08-31T18:38:29.1446477000	./data/labels_freshA/meta.json
47753752	2026-08-31T17:27:31.3597716100	./data/labels_freshA/shard_000.npz
47745211	2026-08-31T17:56:57.8511735650	./data/labels_freshA/shard_001.npz
47747437	2026-08-31T18:28:17.8462655040	./data/labels_freshA/shard_002.npz
15924809	2026-08-31T18:38:29.1446477000	./data/labels_freshA/shard_003.npz
303	2026-08-31T16:59:52.8003684910	./data/labels_freshA_SEALED.txt
2155	2026-08-25T22:40:40.2865298290	./data/labels_h32a/meta.json
47354799	2026-08-25T21:20:30.9065846040	./data/labels_h32a/shard_000.npz
47352824	2026-08-25T21:54:37.9517616310	./data/labels_h32a/shard_001.npz
47355563	2026-08-25T22:29:00.0529716380	./data/labels_h32a/shard_002.npz
15792838	2026-08-25T22:40:40.2865298290	./data/labels_h32a/shard_003.npz
2157	2026-08-25T22:40:17.5306093940	./data/labels_h32b/meta.json
47359829	2026-08-25T21:20:37.7625644780	./data/labels_h32b/shard_000.npz
47364441	2026-08-25T21:54:45.4077370160	./data/labels_h32b/shard_001.npz
47353841	2026-08-25T22:28:53.1569937930	./data/labels_h32b/shard_002.npz
15792912	2026-08-25T22:40:17.5306093940	./data/labels_h32b/shard_003.npz
2132	2026-08-25T15:19:55.1877898330	./data/labels_h8a/meta.json
47059629	2026-08-25T14:58:31.7716615780	./data/labels_h8a/shard_000.npz
47057664	2026-08-25T15:07:41.1460467760	./data/labels_h8a/shard_001.npz
47060626	2026-08-25T15:16:50.4123596920	./data/labels_h8a/shard_002.npz
15694147	2026-08-25T15:19:55.1877898330	./data/labels_h8a/shard_003.npz
2134	2026-08-25T15:19:52.0757994220	./data/labels_h8b/meta.json
47064008	2026-08-25T14:58:30.4316655200	./data/labels_h8b/shard_000.npz
47070192	2026-08-25T15:07:40.1260497720	./data/labels_h8b/shard_001.npz
47059603	2026-08-25T15:16:48.0123671000	./data/labels_h8b/shard_002.npz
15694402	2026-08-25T15:19:52.0757994220	./data/labels_h8b/shard_003.npz
2035	2026-08-19T11:24:01.4275330180	./data/labels_pilot/meta.json
2072024	2026-08-19T11:24:01.4275330180	./data/labels_pilot/shard_000.npz
375	2026-08-31T22:37:21.2297672460	./data/labels_prev_a3/meta.json
305042214	2026-08-31T22:37:21.2297672460	./data/labels_prev_a3/shard_000.npz
378	2026-08-31T22:48:04.4917764360	./data/labels_prev_b3/meta.json
305081538	2026-08-31T22:48:04.4917764360	./data/labels_prev_b3/shard_000.npz
2153	2026-08-25T22:36:31.0234038260	./data/labels_s1/meta.json
47226970	2026-08-25T21:23:21.3620150590	./data/labels_s1/shard_000.npz
47227662	2026-08-25T21:54:42.3917469720	./data/labels_s1/shard_001.npz
47226246	2026-08-25T22:26:02.6295426870	./data/labels_s1/shard_002.npz
15749343	2026-08-25T22:36:31.0234038260	./data/labels_s1/shard_003.npz
2154	2026-08-25T22:36:26.6514192040	./data/labels_s2/meta.json
47228624	2026-08-25T21:23:19.4420215050	./data/labels_s2/shard_000.npz
47227467	2026-08-25T21:54:38.4037601380	./data/labels_s2/shard_001.npz
47228832	2026-08-25T22:25:58.1695570700	./data/labels_s2/shard_002.npz
15750663	2026-08-25T22:36:26.6474192180	./data/labels_s2/shard_003.npz
2157	2026-08-25T20:51:36.3557817670	./data/labels_sedsmoke/meta.json
4732624	2026-08-25T20:51:36.3557817670	./data/labels_sedsmoke/shard_000.npz
2074	2026-08-19T11:42:21.3522084380	./data/labels_smoke/meta.json
4684718	2026-08-19T11:42:21.3522084380	./data/labels_smoke/shard_000.npz
352	2026-08-30T12:07:29.5262892650	./data/labels_taskA/meta.json
23496	2026-08-30T10:21:19.5911705090	./data/labels_taskA/screen.json
50578555	2026-08-30T11:04:02.7633659270	./data/labels_taskA/shard_000.npz
50569129	2026-08-30T11:43:29.5951617420	./data/labels_taskA/shard_001.npz
31047241	2026-08-30T12:07:29.5262892650	./data/labels_taskA/shard_002.npz
354	2026-08-30T12:27:24.1459472630	./data/labels_taskB/meta.json
23496	2026-08-30T10:22:39.7269280830	./data/labels_taskB/screen.json
50574550	2026-08-30T11:08:51.4503798550	./data/labels_taskB/shard_000.npz
50577551	2026-08-30T11:51:06.5615929950	./data/labels_taskB/shard_001.npz
47065510	2026-08-30T12:27:24.1459472630	./data/labels_taskB/shard_002.npz
912	2026-09-01T08:42:00.8229899310	./data/labels_taskC/meta.json
731	2026-08-31T23:10:15.0114483670	./data/labels_taskC/meta_worker0.json
731	2026-08-31T23:16:00.1663187930	./data/labels_taskC/meta_worker1.json
27776	2026-08-31T22:06:57.2593544630	./data/labels_taskC/screen.json
51077195	2026-08-31T19:40:14.5973682220	./data/labels_taskC/shard_000.npz
51071334	2026-08-31T20:16:46.4027647700	./data/labels_taskC/shard_001.npz
51071173	2026-08-31T20:52:24.8563369110	./data/labels_taskC/shard_002.npz
51058703	2026-08-31T21:19:38.9434163430	./data/labels_taskC/shard_003.npz
51057287	2026-08-31T22:03:56.3918648370	./data/labels_taskC/shard_w0_004.npz
51048954	2026-08-31T22:35:56.4460258440	./data/labels_taskC/shard_w0_005.npz
51033887	2026-08-31T23:02:59.5088815980	./data/labels_taskC/shard_w0_006.npz
15022075	2026-08-31T23:10:15.0114483670	./data/labels_taskC/shard_w0_007.npz
51066448	2026-08-31T22:09:36.8989011750	./data/labels_taskC/shard_w1_004.npz
51052460	2026-08-31T22:42:02.0649125890	./data/labels_taskC/shard_w1_005.npz
51051681	2026-08-31T23:07:51.9119188560	./data/labels_taskC/shard_w1_006.npz
15023599	2026-08-31T23:16:00.1663187930	./data/labels_taskC/shard_w1_007.npz
27776	2026-08-31T18:48:50.1987380290	./data/labels_taskCp/screen.json
2031	2026-09-02T14:55:59.6664887510	./data/labels_taskD/meta.json
824	2026-09-02T11:45:13.1451864640	./data/labels_taskD/meta_worker0.json
824	2026-09-02T12:32:31.7473404030	./data/labels_taskD/meta_worker1.json
29345	2026-09-01T15:02:09.1302875410	./data/labels_taskD/screen.json
14665	2026-09-01T09:56:08.2501174880	./data/labels_taskD/screen_part_0.json
14665	2026-09-01T10:08:25.2119136800	./data/labels_taskD/screen_part_1.json
12021654	2026-09-01T15:27:29.3936623300	./data/labels_taskD/shard_w0_000.npz
12016513	2026-09-01T15:33:44.8444156220	./data/labels_taskD/shard_w0_001.npz
12021929	2026-09-01T15:40:44.0510104840	./data/labels_taskD/shard_w0_002.npz
12019501	2026-09-01T15:47:51.0215989740	./data/labels_taskD/shard_w0_003.npz
12019632	2026-09-01T15:55:10.2721173390	./data/labels_taskD/shard_w0_004.npz
12013620	2026-09-01T16:01:03.7229462410	./data/labels_taskD/shard_w0_005.npz
12013980	2026-09-01T16:07:44.3896393730	./data/labels_taskD/shard_w0_006.npz
12023356	2026-09-01T16:22:52.4907181350	./data/labels_taskD/shard_w0_007.npz
12016242	2026-09-01T16:28:07.9775622780	./data/labels_taskD/shard_w0_008.npz
12023840	2026-09-01T16:38:33.3673118660	./data/labels_taskD/shard_w0_009.npz
12014754	2026-09-01T16:44:34.0540361730	./data/labels_taskD/shard_w0_010.npz
12023499	2026-09-01T16:53:27.1481769870	./data/labels_taskD/shard_w0_011.npz
12016582	2026-09-01T17:00:38.6946316160	./data/labels_taskD/shard_w0_012.npz
12022708	2026-09-01T17:08:32.5449111710	./data/labels_taskD/shard_w0_013.npz
12022260	2026-09-01T17:17:35.8229601460	./data/labels_taskD/shard_w0_014.npz
12025029	2026-09-01T17:25:54.9531852370	./data/labels_taskD/shard_w0_015.npz
12021347	2026-09-01T17:34:55.2592902300	./data/labels_taskD/shard_w0_016.npz
12023033	2026-09-01T17:43:12.2015715860	./data/labels_taskD/shard_w0_017.npz
12018835	2026-09-01T17:49:35.9842512750	./data/labels_taskD/shard_w0_018.npz
12017761	2026-09-01T17:56:01.9789288880	./data/labels_taskD/shard_w0_019.npz
12015457	2026-09-01T18:00:34.5299982180	./data/labels_taskD/shard_w0_020.npz
12023137	2026-09-01T18:08:26.8364038640	./data/labels_taskD/shard_w0_021.npz
12022480	2026-09-01T18:16:44.2707915430	./data/labels_taskD/shard_w0_022.npz
12023164	2026-09-01T18:26:07.1929652360	./data/labels_taskD/shard_w0_023.npz
12021190	2026-09-01T18:34:43.4512889080	./data/labels_taskD/shard_w0_024.npz
12023573	2026-09-01T18:43:32.5615835590	./data/labels_taskD/shard_w0_025.npz
12017793	2026-09-01T18:48:48.0246174850	./data/labels_taskD/shard_w0_026.npz
12025021	2026-09-01T18:58:37.7788033190	./data/labels_taskD/shard_w0_027.npz
12017910	2026-09-01T19:05:25.9815589780	./data/labels_taskD/shard_w0_028.npz
12020196	2026-09-01T19:12:44.6082207990	./data/labels_taskD/shard_w0_029.npz
12014532	2026-09-01T19:18:15.3352076140	./data/labels_taskD/shard_w0_030.npz
12018469	2026-09-01T19:23:31.9902344510	./data/labels_taskD/shard_w0_031.npz
12023962	2026-09-01T19:32:30.1485742550	./data/labels_taskD/shard_w0_032.npz
12021410	2026-09-01T19:41:27.6589852530	./data/labels_taskD/shard_w0_033.npz
12016266	2026-09-01T19:47:07.2219973360	./data/labels_taskD/shard_w0_034.npz
12016740	2026-09-01T19:53:18.2209158090	./data/labels_taskD/shard_w0_035.npz
12013700	2026-09-01T19:59:02.9359317400	./data/labels_taskD/shard_w0_036.npz
12022040	2026-09-01T20:08:23.9423168590	./data/labels_taskD/shard_w0_037.npz
12013456	2026-09-01T20:14:23.7252733520	./data/labels_taskD/shard_w0_038.npz
12016572	2026-09-02T08:30:54.8086686240	./data/labels_taskD/shard_w0_039.npz
12018106	2026-09-02T08:37:15.7155911100	./data/labels_taskD/shard_w0_040.npz
12009480	2026-09-02T08:43:07.0105961690	./data/labels_taskD/shard_w0_041.npz
12020343	2026-09-02T08:48:58.9575985460	./data/labels_taskD/shard_w0_042.npz
12016262	2026-09-02T08:54:11.1687130470	./data/labels_taskD/shard_w0_043.npz
12010170	2026-09-02T08:57:51.1440888630	./data/labels_taskD/shard_w0_044.npz
12010592	2026-09-02T09:02:49.0472361020	./data/labels_taskD/shard_w0_045.npz
12015722	2026-09-02T09:08:05.0342835920	./data/labels_taskD/shard_w0_046.npz
12021607	2026-09-02T09:16:14.7888143700	./data/labels_taskD/shard_w0_047.npz
12017591	2026-09-02T09:20:58.7599660940	./data/labels_taskD/shard_w0_048.npz
12020831	2026-09-02T09:26:38.6469539690	./data/labels_taskD/shard_w0_049.npz
12017446	2026-09-02T09:34:04.5696309120	./data/labels_taskD/shard_w0_050.npz
12020816	2026-09-02T09:42:23.1240646280	./data/labels_taskD/shard_w0_051.npz
12021340	2026-09-02T09:49:18.1707044830	./data/labels_taskD/shard_w0_052.npz
12019448	2026-09-02T09:55:08.6055643960	./data/labels_taskD/shard_w0_053.npz
12014412	2026-09-02T10:01:00.3204271370	./data/labels_taskD/shard_w0_054.npz
12021877	2026-09-02T10:10:10.0946621340	./data/labels_taskD/shard_w0_055.npz
12010929	2026-09-02T10:14:06.5778906900	./data/labels_taskD/shard_w0_056.npz
12016901	2026-09-02T10:20:23.9245836650	./data/labels_taskD/shard_w0_057.npz
12020482	2026-09-02T10:27:54.5310355270	./data/labels_taskD/shard_w0_058.npz
12017488	2026-09-02T10:34:08.2938702130	./data/labels_taskD/shard_w0_059.npz
12024459	2026-09-02T10:41:40.7245569720	./data/labels_taskD/shard_w0_060.npz
12018304	2026-09-02T10:47:01.6356178260	./data/labels_taskD/shard_w0_061.npz
12020212	2026-09-02T10:52:09.9829376100	./data/labels_taskD/shard_w0_062.npz
12022985	2026-09-02T10:59:50.1899375480	./data/labels_taskD/shard_w0_063.npz
12017075	2026-09-02T11:08:03.6606607180	./data/labels_taskD/shard_w0_064.npz
12020052	2026-09-02T11:12:35.5037909020	./data/labels_taskD/shard_w0_065.npz
12016866	2026-09-02T11:18:58.6465664070	./data/labels_taskD/shard_w0_066.npz
12018195	2026-09-02T11:25:39.9172308960	./data/labels_taskD/shard_w0_067.npz
12015310	2026-09-02T11:31:17.6240565090	./data/labels_taskD/shard_w0_068.npz
12018374	2026-09-02T11:38:33.1145546650	./data/labels_taskD/shard_w0_069.npz
12020460	2026-09-02T11:43:53.2814588000	./data/labels_taskD/shard_w0_070.npz
3010037	2026-09-02T11:45:13.1451864640	./data/labels_taskD/shard_w0_071.npz
51064853	2026-09-01T15:37:47.3555994280	./data/labels_taskD/shard_w1_000.npz
51074313	2026-09-01T16:13:30.1525277300	./data/labels_taskD/shard_w1_001.npz
51076967	2026-09-01T16:47:18.2854602100	./data/labels_taskD/shard_w1_002.npz
51078274	2026-09-01T17:25:55.8571820380	./data/labels_taskD/shard_w1_003.npz
51055717	2026-09-01T17:53:41.7394087280	./data/labels_taskD/shard_w1_004.npz
51069726	2026-09-01T18:30:14.9281609810	./data/labels_taskD/shard_w1_005.npz
51070977	2026-09-01T19:02:02.0261788780	./data/labels_taskD/shard_w1_006.npz
51062411	2026-09-01T19:29:07.4852003460	./data/labels_taskD/shard_w1_007.npz
51070232	2026-09-01T20:00:11.5877349820	./data/labels_taskD/shard_w1_008.npz
12020631	2026-09-02T08:31:23.6525870800	./data/labels_taskD/shard_w1_039.npz
12023172	2026-09-02T08:40:03.7911152220	./data/labels_taskD/shard_w1_040.npz
12023405	2026-09-02T08:48:13.6657269620	./data/labels_taskD/shard_w1_041.npz
12020969	2026-09-02T08:58:54.9559077540	./data/labels_taskD/shard_w1_042.npz
12015047	2026-09-02T09:05:52.0426840220	./data/labels_taskD/shard_w1_043.npz
12017234	2026-09-02T09:12:22.3775105580	./data/labels_taskD/shard_w1_044.npz
12017358	2026-09-02T09:20:38.5760263040	./data/labels_taskD/shard_w1_045.npz
12005451	2026-09-02T09:24:24.4793530980	./data/labels_taskD/shard_w1_046.npz
12018906	2026-09-02T09:31:25.4541024120	./data/labels_taskD/shard_w1_047.npz
12017241	2026-09-02T09:37:33.9090115420	./data/labels_taskD/shard_w1_048.npz
12022123	2026-09-02T09:45:48.4233904460	./data/labels_taskD/shard_w1_049.npz
12022558	2026-09-02T09:54:30.3136886230	./data/labels_taskD/shard_w1_050.npz
12022681	2026-09-02T10:04:28.0077586390	./data/labels_taskD/shard_w1_051.npz
12020204	2026-09-02T10:11:00.7865001120	./data/labels_taskD/shard_w1_052.npz
12023512	2026-09-02T10:20:18.7406015530	./data/labels_taskD/shard_w1_053.npz
12019672	2026-09-02T10:27:01.8072160030	./data/labels_taskD/shard_w1_054.npz
12024680	2026-09-02T10:39:30.8289353530	./data/labels_taskD/shard_w1_055.npz
12015635	2026-09-02T10:47:22.8115556460	./data/labels_taskD/shard_w1_056.npz
12016349	2026-09-02T10:53:34.6587574380	./data/labels_taskD/shard_w1_057.npz
12016196	2026-09-02T10:59:30.9499803510	./data/labels_taskD/shard_w1_058.npz
12020094	2026-09-02T11:05:37.6771281970	./data/labels_taskD/shard_w1_059.npz
12019028	2026-09-02T11:12:01.4918996820	./data/labels_taskD/shard_w1_060.npz
12020431	2026-09-02T11:20:07.4623466460	./data/labels_taskD/shard_w1_061.npz
12025649	2026-09-02T11:31:06.8400938740	./data/labels_taskD/shard_w1_062.npz
12009664	2026-09-02T11:35:29.3711866800	./data/labels_taskD/shard_w1_063.npz
12020357	2026-09-02T11:43:30.1615377140	./data/labels_taskD/shard_w1_064.npz
12019999	2026-09-02T11:49:43.6522668970	./data/labels_taskD/shard_w1_065.npz
12018763	2026-09-02T11:56:40.0508595110	./data/labels_taskD/shard_w1_066.npz
12021184	2026-09-02T12:04:49.7651371570	./data/labels_taskD/shard_w1_067.npz
12012591	2026-09-02T12:10:08.3880152280	./data/labels_taskD/shard_w1_068.npz
12018127	2026-09-02T12:14:36.6910747330	./data/labels_taskD/shard_w1_069.npz
12020537	2026-09-02T12:23:56.2411247100	./data/labels_taskD/shard_w1_070.npz
12020437	2026-09-02T12:32:31.7473404030	./data/labels_taskD/shard_w1_071.npz
521	2026-09-02T14:55:59.6664887510	./data/labels_taskD/validation.json
1107	2026-09-01T20:14:06.1533244490	./data/labels_taskE_svamp/meta.json
14644	2026-09-01T15:17:22.4236251250	./data/labels_taskE_svamp/screen.json
7315	2026-09-01T10:09:28.8757240050	./data/labels_taskE_svamp/screen_part_0.json
7315	2026-09-01T15:17:22.4196251390	./data/labels_taskE_svamp/screen_part_1.json
12011439	2026-09-01T15:25:40.4100113040	./data/labels_taskE_svamp/shard_000.npz
12015098	2026-09-01T15:33:24.7644836260	./data/labels_taskE_svamp/shard_001.npz
12013724	2026-09-01T15:40:54.7709749030	./data/labels_taskE_svamp/shard_002.npz
12021478	2026-09-01T15:50:13.8891137040	./data/labels_taskE_svamp/shard_003.npz
12010646	2026-09-01T15:53:28.7684570400	./data/labels_taskE_svamp/shard_004.npz
12012519	2026-09-01T16:00:33.1070469810	./data/labels_taskE_svamp/shard_005.npz
12018321	2026-09-01T16:10:06.8411796520	./data/labels_taskE_svamp/shard_006.npz
12017590	2026-09-01T16:19:43.8673415750	./data/labels_taskE_svamp/shard_007.npz
12013530	2026-09-01T16:26:26.7979313770	./data/labels_taskE_svamp/shard_008.npz
12018833	2026-09-01T16:38:39.3552905620	./data/labels_taskE_svamp/shard_009.npz
12015848	2026-09-01T16:45:46.9617801190	./data/labels_taskE_svamp/shard_010.npz
12013447	2026-09-01T16:53:58.2520694090	./data/labels_taskE_svamp/shard_011.npz
12020278	2026-09-01T17:03:04.8060990070	./data/labels_taskE_svamp/shard_012.npz
12017941	2026-09-01T17:15:59.4753047680	./data/labels_taskE_svamp/shard_013.npz
12020475	2026-09-01T17:26:41.5450204010	./data/labels_taskE_svamp/shard_014.npz
11995640	2026-09-01T17:28:25.1406543840	./data/labels_taskE_svamp/shard_015.npz
11994564	2026-09-01T17:32:38.0957665530	./data/labels_taskE_svamp/shard_016.npz
12011721	2026-09-01T17:38:17.2825902460	./data/labels_taskE_svamp/shard_017.npz
12001478	2026-09-01T17:41:51.6778493530	./data/labels_taskE_svamp/shard_018.npz
11991490	2026-09-01T17:43:19.2375473280	./data/labels_taskE_svamp/shard_019.npz
12008651	2026-09-01T17:49:07.7883480830	./data/labels_taskE_svamp/shard_020.npz
11992902	2026-09-01T17:50:15.4281158980	./data/labels_taskE_svamp/shard_021.npz
12000079	2026-09-01T17:52:24.6836726720	./data/labels_taskE_svamp/shard_022.npz
11986970	2026-09-01T17:53:16.6554946260	./data/labels_taskE_svamp/shard_023.npz
12007386	2026-09-01T17:57:43.4825820020	./data/labels_taskE_svamp/shard_024.npz
12002017	2026-09-01T17:59:58.2901218260	./data/labels_taskE_svamp/shard_025.npz
11996595	2026-09-01T18:01:23.7418304320	./data/labels_taskE_svamp/shard_026.npz
12000243	2026-09-01T18:04:48.1571342860	./data/labels_taskE_svamp/shard_027.npz
12003291	2026-09-01T18:07:25.0046041680	./data/labels_taskE_svamp/shard_028.npz
12009917	2026-09-01T18:15:37.9870064740	./data/labels_taskE_svamp/shard_029.npz
12012914	2026-09-01T18:19:45.5662035490	./data/labels_taskE_svamp/shard_030.npz
12009861	2026-09-01T18:25:21.3131141480	./data/labels_taskE_svamp/shard_031.npz
11994686	2026-09-01T18:27:31.0926928960	./data/labels_taskE_svamp/shard_032.npz
11998150	2026-09-01T18:29:10.1963711570	./data/labels_taskE_svamp/shard_033.npz
11995500	2026-09-01T18:30:59.0560176920	./data/labels_taskE_svamp/shard_034.npz
12004810	2026-09-01T18:33:40.4674934880	./data/labels_taskE_svamp/shard_035.npz
11993388	2026-09-01T18:36:29.3469449050	./data/labels_taskE_svamp/shard_036.npz
12003593	2026-09-01T18:40:42.5661221260	./data/labels_taskE_svamp/shard_037.npz
12004049	2026-09-01T18:46:25.4050546410	./data/labels_taskE_svamp/shard_038.npz
11993416	2026-09-01T18:47:46.7688053240	./data/labels_taskE_svamp/shard_039.npz
11992543	2026-09-01T18:49:32.6804804760	./data/labels_taskE_svamp/shard_040.npz
12009329	2026-09-01T18:53:13.1398031990	./data/labels_taskE_svamp/shard_041.npz
12004790	2026-09-01T18:58:25.6188408240	./data/labels_taskE_svamp/shard_042.npz
11993061	2026-09-01T18:59:29.3666441630	./data/labels_taskE_svamp/shard_043.npz
12011634	2026-09-01T19:07:38.6571549100	./data/labels_taskE_svamp/shard_044.npz
12005127	2026-09-01T19:10:24.0606503030	./data/labels_taskE_svamp/shard_045.npz
12007421	2026-09-01T19:13:29.1280846140	./data/labels_taskE_svamp/shard_046.npz
12000276	2026-09-01T19:15:05.9517882120	./data/labels_taskE_svamp/shard_047.npz
12000669	2026-09-01T19:16:44.0034877500	./data/labels_taskE_svamp/shard_048.npz
11998166	2026-09-01T19:19:09.2550421120	./data/labels_taskE_svamp/shard_049.npz
524	2026-09-01T20:14:06.1533244490	./data/labels_taskE_svamp/validation.json
351	2026-08-30T09:38:18.7902979020	./data/labels_tasksmoke/meta.json
903	2026-08-30T09:36:19.8586203760	./data/labels_tasksmoke/screen.json
2506441	2026-08-30T09:38:18.7902979020	./data/labels_tasksmoke/shard_000.npz
1517	2026-08-30T19:19:31.6894768400	./data/labels_vreadA/meta.json
90450613	2026-08-30T17:11:33.2569492640	./data/labels_vreadA/shard_000.npz
89569549	2026-08-30T17:32:28.9015607600	./data/labels_vreadA/shard_001.npz
90466718	2026-08-30T17:53:28.8819336410	./data/labels_vreadA/shard_002.npz
90457392	2026-08-30T18:14:11.6620345770	./data/labels_vreadA/shard_003.npz
89249294	2026-08-30T18:31:21.7546614720	./data/labels_vreadA/shard_004.npz
90756139	2026-08-30T18:52:29.8906249510	./data/labels_vreadA/shard_005.npz
89869489	2026-08-30T19:13:18.9627855210	./data/labels_vreadA/shard_006.npz
28562411	2026-08-30T19:19:31.6894768400	./data/labels_vreadA/shard_007.npz
1518	2026-08-30T19:21:49.1809994210	./data/labels_vreadB/meta.json
90466454	2026-08-30T17:16:15.1681853400	./data/labels_vreadB/shard_000.npz
89571063	2026-08-30T17:35:42.4610413500	./data/labels_vreadB/shard_001.npz
89244266	2026-08-30T17:55:02.3736514150	./data/labels_vreadB/shard_002.npz
90765168	2026-08-30T18:15:44.9057419020	./data/labels_vreadB/shard_003.npz
90445782	2026-08-30T18:35:37.3698348040	./data/labels_vreadB/shard_004.npz
89575763	2026-08-30T18:55:49.0980246420	./data/labels_vreadB/shard_005.npz
90456009	2026-08-30T19:16:21.2621427430	./data/labels_vreadB/shard_006.npz
22617742	2026-08-30T19:21:49.1809994210	./data/labels_vreadB/shard_007.npz
1515	2026-08-30T16:48:24.3646175990	./data/labels_vsmoke/meta.json
6249264	2026-08-30T16:48:24.3646175990	./data/labels_vsmoke/shard_000.npz
5604848	2026-08-19T23:38:29.4778661200	./data/owt_windows_L1024.npz
307218	2026-08-19T11:04:03.1275527430	./data/owt_windows_L128.npz
1486776	2026-08-19T11:15:04.3852965140	./data/owt_windows_L256.npz
1159371	2026-08-19T11:04:10.7795266250	./data/owt_windows_L512.npz
7240	2026-09-02T02:04:21.7990925770	./data/task_state_readout.json
2875	2026-09-01T16:19:32.3033780530	./data/v_audit.json
5174	2026-08-30T19:25:45.8321840060	./data/v_readout_results.json
11341	2026-08-30T12:13:31.0129665990	./docs/AUDIT.md
64344	2026-09-02T16:40:40.3863563810	./docs/EXPERIMENT_LEDGER.md
44160	2026-09-02T08:28:38.2610545390	./docs/EXPERIMENT_LEDGER.md.bak
7986	2026-08-28T08:52:11.3754978440	./docs/EXPERIMENT_QUEUE.md
22293	2026-08-27T11:21:12.2966664620	./docs/FINDINGS.md
9578	2026-08-28T08:53:07.5993347310	./docs/HANDOFF.md
12088	2026-09-02T00:02:42.9945975760	./docs/PAPER_TOPICS.md
10714	2026-08-23T22:39:09.5155712200	./docs/PREREGISTRATION.md
3458	2026-08-19T11:52:12.3623960310	./docs/PRIOR_ART_UPDATE.md
21171	2026-09-01T23:59:21.8510821280	./docs/TOP_TIER_SCIENTIFIC_WRITING_SKILL(2).md
76842	2026-09-02T21:35:02.8577533570	./iclr_direction1/CLAUDE_PRIOR_REPORT_SNAPSHOT.md
0	2026-09-02T21:35:02.8617533430	./iclr_direction1/FILE_INVENTORY.tsv
992	2026-09-02T21:34:50.5777948180	./iclr_direction1/GIT_PROVENANCE.txt
1745	2026-08-26T23:15:41.6320062770	./logs/backfill_v_ab3.log
1745	2026-08-26T23:27:21.7579777950	./logs/backfill_v_cd3.log
2015	2026-08-19T12:41:32.2986938670	./logs/collect_a.log
1996	2026-08-23T17:02:39.0549640190	./logs/collect_a2.log
2039	2026-08-24T01:47:37.2609764300	./logs/collect_a3.log
2015	2026-08-19T12:41:34.4586873140	./logs/collect_b.log
1996	2026-08-23T17:02:41.0349583830	./logs/collect_b2.log
2041	2026-08-24T01:54:46.6753410210	./logs/collect_b3.log
1997	2026-08-23T21:02:46.3849730800	./logs/collect_c1.log
1998	2026-08-23T21:02:38.5329940680	./logs/collect_c2.log
2019	2026-08-24T00:04:58.0793960410	./logs/collect_c3.log
2019	2026-08-24T00:05:00.2953886700	./logs/collect_d3.log
2025	2026-08-25T22:40:40.8785277600	./logs/collect_h32a.log
2025	2026-08-25T22:40:18.1346072820	./logs/collect_h32b.log
1995	2026-08-25T15:19:55.7757880210	./logs/collect_h8a.log
1994	2026-08-25T15:19:52.6677975980	./logs/collect_h8b.log
1877	2026-08-25T22:36:31.6714015460	./logs/collect_s1.log
1877	2026-08-25T22:36:27.2994169240	./logs/collect_s2.log
9649	2026-08-30T12:07:30.3222866240	./logs/collect_taskA.log
9686	2026-08-30T12:27:24.9819442660	./logs/collect_taskB.log
1032	2026-09-01T23:45:40.1010338830	./logs/estimate_all.log
485	2026-09-02T01:59:45.0038593450	./logs/estimate_task.log
8332	2026-08-23T21:30:39.7362050830	./logs/exp1_conf.log
8248	2026-08-19T13:17:24.3162655200	./logs/exp1_final.log
8517	2026-08-24T17:39:52.6250206980	./logs/exp1_k24.log
8524	2026-08-24T17:39:39.3410640380	./logs/exp1_k24conf.log
9018	2026-08-26T23:25:11.2583727130	./logs/exp1_sedd.log
6116	2026-08-30T13:11:00.5003161680	./logs/exp1_task.log
2963	2026-08-26T22:31:17.8116222980	./logs/exp1b_h32.log
2960	2026-08-25T16:59:10.2455445420	./logs/exp1b_h8.log
3288	2026-08-26T22:31:22.5636088570	./logs/exp1b_sedd.log
2253	2026-08-30T12:30:13.6933406930	./logs/exp1b_task.log
1345	2026-08-23T21:23:37.4814471380	./logs/exp2_conf.log
1335	2026-08-24T16:20:58.8162592390	./logs/exp2_k24.log
1325	2026-08-24T16:20:59.6962564630	./logs/exp2_k24conf.log
1426	2026-08-24T22:57:20.1968619970	./logs/exp2_k24confhp.log
1425	2026-08-24T22:57:18.4568668760	./logs/exp2_k24hp.log
1756	2026-08-26T22:36:14.8787775270	./logs/exp2_sedd.log
714	2026-08-29T00:04:58.0063536630	./logs/killed_vllm_cmdlines.txt
3670	2026-08-25T08:58:06.5671730780	./logs/null_k24.log
2074	2026-08-19T11:55:51.8977188400	./logs/phase_s_full.log
2314	2026-08-27T23:28:19.0453649300	./logs/phase_s_nemotron.log
3934	2026-08-24T23:50:02.1199763190	./logs/refit_anc.log
3936	2026-08-24T23:50:06.1799646360	./logs/refit_conf.log
56	2026-09-02T15:05:45.6010293810	./logs/screen_taskD_all_quick.log
62	2026-09-02T15:03:33.5053600530	./logs/screen_taskE_svamp_all_quick.log
1318	2026-09-02T15:23:06.7740721290	./logs/taskCD_crossfit_confirmatory.log
16161	2026-09-02T11:45:13.1451864640	./logs/taskD_worker0_detached.log
16230	2026-09-02T12:32:31.7473404030	./logs/taskD_worker1_detached.log
1303	2026-09-02T15:18:08.1029612120	./logs/taskE_svamp_crossfit.log
510	2026-09-02T02:04:21.7990925770	./logs/task_state_readout.log
5072	2026-08-30T19:19:31.6894768400	./logs/vreadA.log
5079	2026-08-30T19:21:49.1809994210	./logs/vreadB.log
31889	2026-08-31T23:00:31.7893565590	./rescue_audit/AUDITOR_A_FINDINGS.md
34992	2026-08-31T23:11:19.2352376330	./rescue_audit/AUDITOR_B_FINDINGS.md
12190	2026-09-01T20:17:39.4207034060	./rescue_audit/CLAUDE_CROSS_AUDIT.md
318663	2026-09-02T16:40:52.8023272590	./rescue_audit/EXPERIMENT_REGISTRY.csv
39286	2026-09-02T16:40:40.5983558840	./rescue_audit/FINAL_RESCUE_REPORT.md
3476	2026-09-01T20:18:21.0765818830	./rescue_audit/LONG_RUN_RECOVERY.md
7098	2026-08-31T20:59:16.3191335720	./rescue_audit/PRIOR_ART_RESCUE_2026_08_31.md
158903	2026-08-31T16:20:48.4071534440	./rescue_audit/PRIOR_REPORT_SNAPSHOT.html
76842	2026-08-31T16:22:29.0028561960	./rescue_audit/PRIOR_REPORT_SNAPSHOT.md
11824	2026-08-31T16:52:12.8376914440	./rescue_audit/REPORT_TO_CODE_AUDIT.md
8217	2026-08-31T17:53:32.3677178500	./rescue_audit/RESCUE_PREREGISTRATION.md
22120	2026-08-31T23:21:32.5732372290	./rescue_audit/REVIEW_ROUND2.md
2287	2026-09-01T09:08:12.0544229390	./rescue_audit/TASKD_PREREGISTRATION.md
1416	2026-09-01T09:27:16.1151352030	./rescue_audit/TASKE_SVAMP_PREREGISTRATION.md
2307	2026-08-31T16:30:10.7614919690	./rescue_audit/WHAT_OLD_MLP_DID_AND_DID_NOT_TEST.md
22341	2026-08-31T22:58:09.5658148520	./rescue_audit/__pycache__/auditor_b_recheck.cpython-310.pyc
12462	2026-08-31T21:04:55.5901006290	./rescue_audit/__pycache__/confirm_fresh.cpython-310.pyc
12072	2026-09-02T15:03:11.7414144450	./rescue_audit/__pycache__/export_batch_catalog.cpython-312.pyc
5495	2026-09-01T16:34:22.3722088880	./rescue_audit/__pycache__/fairtest_corrected_ci.cpython-310.pyc
10477	2026-09-01T20:18:09.2326164430	./rescue_audit/__pycache__/fairtest_corrected_ci.cpython-312.pyc
8706	2026-09-01T15:05:03.9898033600	./rescue_audit/__pycache__/parallel_task_screen.cpython-312.pyc
16132	2026-09-01T16:36:21.1077835550	./rescue_audit/__pycache__/probe_suite.cpython-310.pyc
32821	2026-09-01T09:11:26.4458587530	./rescue_audit/__pycache__/probe_suite.cpython-312.pyc
6023	2026-09-01T09:25:37.8514137780	./rescue_audit/__pycache__/qualify_svamp.cpython-312.pyc
5744	2026-08-31T22:00:50.3123893380	./rescue_audit/__pycache__/stratified_concordance.cpython-310.pyc
6610	2026-08-31T21:19:51.6473777870	./rescue_audit/__pycache__/synthetic_tests.cpython-310.pyc
6536	2026-09-01T16:36:20.2077867720	./rescue_audit/__pycache__/taskC_crossfit_positive.cpython-310.pyc
12630	2026-09-02T14:56:07.4064696030	./rescue_audit/__pycache__/taskC_crossfit_positive.cpython-312.pyc
6531	2026-09-01T09:00:26.9117734130	./rescue_audit/__pycache__/taskC_locked_replication.cpython-312.pyc
7515	2026-09-01T09:26:45.3232225060	./rescue_audit/__pycache__/taskD_apply_frozen_primary.cpython-312.pyc
6036	2026-09-01T09:11:26.4378587760	./rescue_audit/__pycache__/taskD_fit_frozen_primary.cpython-312.pyc
9770	2026-09-01T09:00:26.9197733890	./rescue_audit/__pycache__/task_utility_analysis.cpython-312.pyc
4022	2026-09-01T16:04:59.0421761560	./rescue_audit/__pycache__/validate_task_collection.cpython-310.pyc
308	2026-08-31T16:58:22.7446277920	./rescue_audit/_run_fresh.sh
364	2026-08-31T22:08:31.1910891960	./rescue_audit/_run_taskexp.sh
21172	2026-08-31T22:55:06.1704073230	./rescue_audit/auditA2_round2_recheck.py
21707	2026-08-31T22:54:48.9304631070	./rescue_audit/auditor_b_recheck.py
9174	2026-08-31T22:30:07.5070931220	./rescue_audit/collect_prev_hidden.py
14266	2026-08-31T17:56:32.3152413210	./rescue_audit/confirm_fresh.py
2164	2026-08-31T21:04:46.2781289640	./rescue_audit/confirm_stale_history_sensitivity.py
6513	2026-09-02T15:02:37.6814995150	./rescue_audit/export_batch_catalog.py
4788	2026-09-02T20:52:12.7062280870	./rescue_audit/export_full_asset_manifest.py
5651	2026-09-01T16:34:13.0362424090	./rescue_audit/fairtest_corrected_ci.py
7158	2026-08-31T18:03:32.3981264300	./rescue_audit/horizon_timestep_layer.py
10348	2026-08-31T21:01:38.0667018620	./rescue_audit/label_reliability_ceiling.py
1006	2026-08-31T22:53:12.7427746400	./rescue_audit/logs/auditA2_cap_B.log
997	2026-08-31T22:53:24.4827365900	./rescue_audit/logs/auditA2_cap_F.log
990	2026-08-31T22:50:49.6992388590	./rescue_audit/logs/auditA2_cap_real.log
2023	2026-08-31T18:38:29.1446477000	./rescue_audit/logs/collect_freshA.log
8287	2026-08-31T21:19:58.6993563860	./rescue_audit/logs/collect_taskC.log
5245	2026-08-31T22:27:56.1194962940	./rescue_audit/logs/collect_taskC2.log
1932	2026-08-31T19:17:44.5734744830	./rescue_audit/logs/confirm_fresh.log
1833	2026-08-31T18:16:24.3801306900	./rescue_audit/logs/horizon.log
1681	2026-08-31T22:25:30.9279426970	./rescue_audit/logs/nonlinear_retest_real.log
3196	2026-08-31T22:09:18.2189563340	./rescue_audit/logs/nonlinear_retest_syn.log
638	2026-08-31T21:37:08.9282931640	./rescue_audit/logs/posthoc_fresh_L8.log
1483	2026-08-31T22:48:04.5277763190	./rescue_audit/logs/prev_b3.log
2875	2026-08-31T17:23:39.9443966140	./rescue_audit/logs/r1_deep_mdlm_anc.log
3541	2026-08-31T18:43:17.4637587820	./rescue_audit/logs/r1_deep_sedd.log
16514	2026-08-31T17:58:52.3388693890	./rescue_audit/logs/r1_mdlm_anc_broad.log
1291	2026-08-31T17:12:34.0942068980	./rescue_audit/logs/synthetic.log
620	2026-08-31T17:57:50.4030340230	./rescue_audit/logs/synthetic_E.log
6147	2026-08-31T18:40:34.4682607890	./rescue_audit/logs/task_utility.log
7889	2026-08-31T21:35:32.6685514260	./rescue_audit/nonlinear_retest.py
4565	2026-09-01T15:01:09.0064546730	./rescue_audit/parallel_task_screen.py
17271	2026-09-01T09:10:47.6979712030	./rescue_audit/probe_suite.py
3109	2026-09-01T09:13:36.7454806430	./rescue_audit/qualify_svamp.py
6493	2026-08-31T16:26:42.4861072590	./rescue_audit/r0_static_checks.py
11379	2026-08-31T16:44:32.1950125150	./rescue_audit/r1_screen.py
12142	2026-08-31T17:25:32.2680897460	./rescue_audit/r2_stats.py
8011	2026-08-31T21:20:16.9313010570	./rescue_audit/relational_recheck.py
31787	2026-08-31T22:55:20.0943622800	./rescue_audit/results/AUDITOR_B_recheck.json
7886	2026-09-01T20:15:49.9490224300	./rescue_audit/results/A_fairtest_corrected_ci.json
63075	2026-08-31T19:17:44.5694744960	./rescue_audit/results/CONFIRMATORY_freshA.json
31002	2026-08-31T21:29:45.0135783730	./rescue_audit/results/CONFIRMATORY_freshA_posthoc_no_stale_C2.json
21244	2026-09-02T14:56:33.2784055680	./rescue_audit/results/CONFIRMATORY_taskD_frozen.json
32600	2026-08-31T21:37:08.9282931640	./rescue_audit/results/POSTHOC_fresh_L8.json
4128	2026-08-31T16:26:51.4020809170	./rescue_audit/results/R0_gridcounts.json
10181	2026-08-31T16:26:51.3980809300	./rescue_audit/results/R0_static_checks.json
503290	2026-08-31T17:58:52.3348694000	./rescue_audit/results/R1_MDLM_anc_broad.json
59496	2026-08-31T17:23:39.2763984370	./rescue_audit/results/R1deep_MDLM_anc_A_pertok_L11.json
59414	2026-08-31T17:04:56.1594940680	./rescue_audit/results/R1deep_MDLM_anc_A_pertok_L3.json
59393	2026-08-31T17:10:49.2064905860	./rescue_audit/results/R1deep_MDLM_anc_A_pertok_L6.json
59242	2026-08-31T17:17:25.4414167250	./rescue_audit/results/R1deep_MDLM_anc_A_pertok_L9.json
59317	2026-08-31T18:43:16.7197610710	./rescue_audit/results/R1deep_SEDD_anc_A_pertok_L11.json
59464	2026-08-31T18:06:34.7416573660	./rescue_audit/results/R1deep_SEDD_anc_A_pertok_L3.json
59349	2026-08-31T18:21:58.0392606780	./rescue_audit/results/R1deep_SEDD_anc_A_pertok_L6.json
59379	2026-08-31T18:35:53.0970664850	./rescue_audit/results/R1deep_SEDD_anc_A_pertok_L9.json
32683	2026-08-31T17:42:21.5374787380	./rescue_audit/results/R2stats_MDLM_anc_A_pertok_L6_within_r2.json
3428	2026-08-31T22:50:26.7673133850	./rescue_audit/results/auditA2_arcsin.json
6445	2026-08-31T22:48:45.6356424100	./rescue_audit/results/auditA2_boot.json
415	2026-08-31T22:55:33.9983173110	./rescue_audit/results/auditA2_bootcal.json
6181	2026-08-31T22:53:11.9787771160	./rescue_audit/results/auditA2_capacity_MDLM_anc_B_bilinear.json
6116	2026-08-31T22:53:23.9347383660	./rescue_audit/results/auditA2_capacity_MDLM_anc_F_null.json
6138	2026-08-31T22:50:49.1632406010	./rescue_audit/results/auditA2_capacity_MDLM_anc_real.json
912	2026-08-31T22:47:11.0319507310	./rescue_audit/results/auditA2_nest.json
991136	2026-08-31T22:36:59.0258349440	./rescue_audit/results/auditB_cache/D1_L6.npz
487	2026-08-31T22:36:59.0258349440	./rescue_audit/results/auditB_cache/D1_L6_meta.json
991185	2026-08-31T22:38:06.4576294090	./rescue_audit/results/auditB_cache/D1_L8.npz
472	2026-08-31T22:38:06.4576294090	./rescue_audit/results/auditB_cache/D1_L8_meta.json
263366	2026-08-31T22:41:46.1569609250	./rescue_audit/results/auditB_cache/FRESH_D2_L8.npz
447	2026-08-31T22:41:46.1569609250	./rescue_audit/results/auditB_cache/FRESH_D2_L8_meta.json
521397	2026-08-31T22:43:03.1447270810	./rescue_audit/results/auditB_cache/MDLM_D2_L6.npz
487	2026-08-31T22:43:03.1447270810	./rescue_audit/results/auditB_cache/MDLM_D2_L6_meta.json
521414	2026-08-31T22:39:16.2814167640	./rescue_audit/results/auditB_cache/MDLM_D2_L8.npz
472	2026-08-31T22:39:16.2814167640	./rescue_audit/results/auditB_cache/MDLM_D2_L8_meta.json
520796	2026-08-31T22:40:48.8051352620	./rescue_audit/results/auditB_cache/SEDD_D2_L8.npz
460	2026-08-31T22:40:48.8051352620	./rescue_audit/results/auditB_cache/SEDD_D2_L8_meta.json
84134	2026-09-02T15:02:58.6734470920	./rescue_audit/results/batch_exports/batch_catalog.csv
3837	2026-09-02T15:02:45.0174811970	./rescue_audit/results/batch_exports/cards/taskC/shard_000.json
3856	2026-09-02T15:02:45.1134809580	./rescue_audit/results/batch_exports/cards/taskC/shard_001.json
3854	2026-09-02T15:02:45.3254804280	./rescue_audit/results/batch_exports/cards/taskC/shard_002.json
3855	2026-09-02T15:02:45.5654798290	./rescue_audit/results/batch_exports/cards/taskC/shard_003.json
3880	2026-09-02T15:02:45.7854792790	./rescue_audit/results/batch_exports/cards/taskC/shard_w0_004.json
3850	2026-09-02T15:02:46.0214786910	./rescue_audit/results/batch_exports/cards/taskC/shard_w0_005.json
3870	2026-09-02T15:02:46.2254781820	./rescue_audit/results/batch_exports/cards/taskC/shard_w0_006.json
3852	2026-09-02T15:02:46.2894780210	./rescue_audit/results/batch_exports/cards/taskC/shard_w0_007.json
3879	2026-09-02T15:02:46.3894777710	./rescue_audit/results/batch_exports/cards/taskC/shard_w1_004.json
3854	2026-09-02T15:02:46.6334771630	./rescue_audit/results/batch_exports/cards/taskC/shard_w1_005.json
3865	2026-09-02T15:02:46.7974767520	./rescue_audit/results/batch_exports/cards/taskC/shard_w1_006.json
3851	2026-09-02T15:02:46.9094764730	./rescue_audit/results/batch_exports/cards/taskC/shard_w1_007.json
3814	2026-09-02T15:02:46.9774763030	./rescue_audit/results/batch_exports/cards/taskD/shard_w0_000.json
3832	2026-09-02T15:02:47.0054762340	./rescue_audit/results/batch_exports/cards/taskD/shard_w0_001.json
3797	2026-09-02T15:02:47.0334761630	./rescue_audit/results/batch_exports/cards/taskD/shard_w0_002.json
3787	2026-09-02T15:02:47.0774760530	./rescue_audit/results/batch_exports/cards/taskD/shard_w0_003.json
3803	2026-09-02T15:02:47.1214759430	./rescue_audit/results/batch_exports/cards/taskD/shard_w0_004.json
3835	2026-09-02T15:02:47.1614758430	./rescue_audit/results/batch_exports/cards/taskD/shard_w0_005.json
3817	2026-09-02T15:02:47.2294756740	./rescue_audit/results/batch_exports/cards/taskD/shard_w0_006.json
3827	2026-09-02T15:02:47.2734755640	./rescue_audit/results/batch_exports/cards/taskD/shard_w0_007.json
3832	2026-09-02T15:02:47.3174754540	./rescue_audit/results/batch_exports/cards/taskD/shard_w0_008.json
3832	2026-09-02T15:02:47.3614753440	./rescue_audit/results/batch_exports/cards/taskD/shard_w0_009.json
3826	2026-09-02T15:02:47.4494751240	./rescue_audit/results/batch_exports/cards/taskD/shard_w0_010.json
3824	2026-09-02T15:02:47.5134749650	./rescue_audit/results/batch_exports/cards/taskD/shard_w0_011.json
3800	2026-09-02T15:02:47.6134747150	./rescue_audit/results/batch_exports/cards/taskD/shard_w0_012.json
3832	2026-09-02T15:02:47.6894745250	./rescue_audit/results/batch_exports/cards/taskD/shard_w0_013.json
3825	2026-09-02T15:02:47.7334744150	./rescue_audit/results/batch_exports/cards/taskD/shard_w0_014.json
3808	2026-09-02T15:02:47.7814742950	./rescue_audit/results/batch_exports/cards/taskD/shard_w0_015.json
3827	2026-09-02T15:02:47.8214741960	./rescue_audit/results/batch_exports/cards/taskD/shard_w0_016.json
3808	2026-09-02T15:02:47.8934740150	./rescue_audit/results/batch_exports/cards/taskD/shard_w0_017.json
3807	2026-09-02T15:02:47.9574738550	./rescue_audit/results/batch_exports/cards/taskD/shard_w0_018.json
3827	2026-09-02T15:02:48.0614735960	./rescue_audit/results/batch_exports/cards/taskD/shard_w0_019.json
3827	2026-09-02T15:02:48.1414733960	./rescue_audit/results/batch_exports/cards/taskD/shard_w0_020.json
3831	2026-09-02T15:02:48.1894732760	./rescue_audit/results/batch_exports/cards/taskD/shard_w0_021.json
3839	2026-09-02T15:02:48.2294731760	./rescue_audit/results/batch_exports/cards/taskD/shard_w0_022.json
3812	2026-09-02T15:02:48.2734730670	./rescue_audit/results/batch_exports/cards/taskD/shard_w0_023.json
3832	2026-09-02T15:02:48.3294729270	./rescue_audit/results/batch_exports/cards/taskD/shard_w0_024.json
3807	2026-09-02T15:02:48.4014727470	./rescue_audit/results/batch_exports/cards/taskD/shard_w0_025.json
3819	2026-09-02T15:02:48.4334726670	./rescue_audit/results/batch_exports/cards/taskD/shard_w0_026.json
3823	2026-09-02T15:02:48.4574726070	./rescue_audit/results/batch_exports/cards/taskD/shard_w0_027.json
3825	2026-09-02T15:02:48.4854725380	./rescue_audit/results/batch_exports/cards/taskD/shard_w0_028.json
3698	2026-09-02T15:02:48.5174724570	./rescue_audit/results/batch_exports/cards/taskD/shard_w0_029.json
3835	2026-09-02T15:02:48.5614723470	./rescue_audit/results/batch_exports/cards/taskD/shard_w0_030.json
3697	2026-09-02T15:02:48.6614720970	./rescue_audit/results/batch_exports/cards/taskD/shard_w0_031.json
3816	2026-09-02T15:02:48.7534718680	./rescue_audit/results/batch_exports/cards/taskD/shard_w0_032.json
3827	2026-09-02T15:02:48.8414716480	./rescue_audit/results/batch_exports/cards/taskD/shard_w0_033.json
3762	2026-09-02T15:02:48.9334714180	./rescue_audit/results/batch_exports/cards/taskD/shard_w0_034.json
3814	2026-09-02T15:02:49.0134712180	./rescue_audit/results/batch_exports/cards/taskD/shard_w0_035.json
3809	2026-09-02T15:02:49.0894710290	./rescue_audit/results/batch_exports/cards/taskD/shard_w0_036.json
3789	2026-09-02T15:02:49.1334709190	./rescue_audit/results/batch_exports/cards/taskD/shard_w0_037.json
3700	2026-09-02T15:02:49.1734708200	./rescue_audit/results/batch_exports/cards/taskD/shard_w0_038.json
3834	2026-09-02T15:02:49.2294706800	./rescue_audit/results/batch_exports/cards/taskD/shard_w0_039.json
3828	2026-09-02T15:02:49.3294704290	./rescue_audit/results/batch_exports/cards/taskD/shard_w0_040.json
3816	2026-09-02T15:02:49.3854702890	./rescue_audit/results/batch_exports/cards/taskD/shard_w0_041.json
3829	2026-09-02T15:02:49.4294701800	./rescue_audit/results/batch_exports/cards/taskD/shard_w0_042.json
3728	2026-09-02T15:02:49.4694700800	./rescue_audit/results/batch_exports/cards/taskD/shard_w0_043.json
3836	2026-09-02T15:02:49.5294699300	./rescue_audit/results/batch_exports/cards/taskD/shard_w0_044.json
3813	2026-09-02T15:02:49.6214697000	./rescue_audit/results/batch_exports/cards/taskD/shard_w0_045.json
3758	2026-09-02T15:02:49.6654695900	./rescue_audit/results/batch_exports/cards/taskD/shard_w0_046.json
3831	2026-09-02T15:02:49.7094694800	./rescue_audit/results/batch_exports/cards/taskD/shard_w0_047.json
3680	2026-09-02T15:02:49.7534693700	./rescue_audit/results/batch_exports/cards/taskD/shard_w0_048.json
3809	2026-09-02T15:02:49.7934692710	./rescue_audit/results/batch_exports/cards/taskD/shard_w0_049.json
3727	2026-09-02T15:02:49.8454691410	./rescue_audit/results/batch_exports/cards/taskD/shard_w0_050.json
3832	2026-09-02T15:02:49.9414689020	./rescue_audit/results/batch_exports/cards/taskD/shard_w0_051.json
3821	2026-09-02T15:02:50.0174687110	./rescue_audit/results/batch_exports/cards/taskD/shard_w0_052.json
3776	2026-09-02T15:02:50.0574686110	./rescue_audit/results/batch_exports/cards/taskD/shard_w0_053.json
3828	2026-09-02T15:02:50.1014685020	./rescue_audit/results/batch_exports/cards/taskD/shard_w0_054.json
3730	2026-09-02T15:02:50.1454683920	./rescue_audit/results/batch_exports/cards/taskD/shard_w0_055.json
3830	2026-09-02T15:02:50.2054682410	./rescue_audit/results/batch_exports/cards/taskD/shard_w0_056.json
3828	2026-09-02T15:02:50.2494681320	./rescue_audit/results/batch_exports/cards/taskD/shard_w0_057.json
3803	2026-09-02T15:02:50.3134679730	./rescue_audit/results/batch_exports/cards/taskD/shard_w0_058.json
3815	2026-09-02T15:02:50.4014677520	./rescue_audit/results/batch_exports/cards/taskD/shard_w0_059.json
3783	2026-09-02T15:02:50.4734675730	./rescue_audit/results/batch_exports/cards/taskD/shard_w0_060.json
3805	2026-09-02T15:02:50.5614673530	./rescue_audit/results/batch_exports/cards/taskD/shard_w0_061.json
3816	2026-09-02T15:02:50.6334671730	./rescue_audit/results/batch_exports/cards/taskD/shard_w0_062.json
3796	2026-09-02T15:02:50.6814670530	./rescue_audit/results/batch_exports/cards/taskD/shard_w0_063.json
3833	2026-09-02T15:02:50.7254669430	./rescue_audit/results/batch_exports/cards/taskD/shard_w0_064.json
3773	2026-09-02T15:02:50.7854667940	./rescue_audit/results/batch_exports/cards/taskD/shard_w0_065.json
3813	2026-09-02T15:02:50.8774665640	./rescue_audit/results/batch_exports/cards/taskD/shard_w0_066.json
3828	2026-09-02T15:02:50.9174664630	./rescue_audit/results/batch_exports/cards/taskD/shard_w0_067.json
3818	2026-09-02T15:02:50.9774663140	./rescue_audit/results/batch_exports/cards/taskD/shard_w0_068.json
3821	2026-09-02T15:02:51.0494661340	./rescue_audit/results/batch_exports/cards/taskD/shard_w0_069.json
3817	2026-09-02T15:02:51.1494658850	./rescue_audit/results/batch_exports/cards/taskD/shard_w0_070.json
3698	2026-09-02T15:02:51.1934657750	./rescue_audit/results/batch_exports/cards/taskD/shard_w0_071.json
3869	2026-09-02T15:02:51.3894652850	./rescue_audit/results/batch_exports/cards/taskD/shard_w1_000.json
3864	2026-09-02T15:02:51.5894647850	./rescue_audit/results/batch_exports/cards/taskD/shard_w1_001.json
3847	2026-09-02T15:02:51.7614643560	./rescue_audit/results/batch_exports/cards/taskD/shard_w1_002.json
3860	2026-09-02T15:02:51.9854637960	./rescue_audit/results/batch_exports/cards/taskD/shard_w1_003.json
3857	2026-09-02T15:02:52.2414631580	./rescue_audit/results/batch_exports/cards/taskD/shard_w1_004.json
3878	2026-09-02T15:02:52.4894625370	./rescue_audit/results/batch_exports/cards/taskD/shard_w1_005.json
3875	2026-09-02T15:02:52.7294619380	./rescue_audit/results/batch_exports/cards/taskD/shard_w1_006.json
3868	2026-09-02T15:02:52.9734613280	./rescue_audit/results/batch_exports/cards/taskD/shard_w1_007.json
3870	2026-09-02T15:02:53.2254606990	./rescue_audit/results/batch_exports/cards/taskD/shard_w1_008.json
3829	2026-09-02T15:02:53.3054605000	./rescue_audit/results/batch_exports/cards/taskD/shard_w1_039.json
3730	2026-09-02T15:02:53.3534603800	./rescue_audit/results/batch_exports/cards/taskD/shard_w1_040.json
3832	2026-09-02T15:02:53.3934602800	./rescue_audit/results/batch_exports/cards/taskD/shard_w1_041.json
3828	2026-09-02T15:02:53.4654601010	./rescue_audit/results/batch_exports/cards/taskD/shard_w1_042.json
3813	2026-09-02T15:02:53.5414599100	./rescue_audit/results/batch_exports/cards/taskD/shard_w1_043.json
3832	2026-09-02T15:02:53.6294596900	./rescue_audit/results/batch_exports/cards/taskD/shard_w1_044.json
3835	2026-09-02T15:02:53.7014595110	./rescue_audit/results/batch_exports/cards/taskD/shard_w1_045.json
3811	2026-09-02T15:02:53.7974592710	./rescue_audit/results/batch_exports/cards/taskD/shard_w1_046.json
3813	2026-09-02T15:02:53.8694590920	./rescue_audit/results/batch_exports/cards/taskD/shard_w1_047.json
3807	2026-09-02T15:02:53.9454589010	./rescue_audit/results/batch_exports/cards/taskD/shard_w1_048.json
3795	2026-09-02T15:02:53.9854588010	./rescue_audit/results/batch_exports/cards/taskD/shard_w1_049.json
3804	2026-09-02T15:02:54.0254587020	./rescue_audit/results/batch_exports/cards/taskD/shard_w1_050.json
3831	2026-09-02T15:02:54.0654586010	./rescue_audit/results/batch_exports/cards/taskD/shard_w1_051.json
3832	2026-09-02T15:02:54.1574583720	./rescue_audit/results/batch_exports/cards/taskD/shard_w1_052.json
3818	2026-09-02T15:02:54.2294581920	./rescue_audit/results/batch_exports/cards/taskD/shard_w1_053.json
3805	2026-09-02T15:02:54.2694580920	./rescue_audit/results/batch_exports/cards/taskD/shard_w1_054.json
3802	2026-09-02T15:02:54.3134579820	./rescue_audit/results/batch_exports/cards/taskD/shard_w1_055.json
3794	2026-09-02T15:02:54.3894577920	./rescue_audit/results/batch_exports/cards/taskD/shard_w1_056.json
3823	2026-09-02T15:02:54.5014575120	./rescue_audit/results/batch_exports/cards/taskD/shard_w1_057.json
3829	2026-09-02T15:02:54.5614573620	./rescue_audit/results/batch_exports/cards/taskD/shard_w1_058.json
3784	2026-09-02T15:02:54.6414571630	./rescue_audit/results/batch_exports/cards/taskD/shard_w1_059.json
3820	2026-09-02T15:02:54.7334569340	./rescue_audit/results/batch_exports/cards/taskD/shard_w1_060.json
3817	2026-09-02T15:02:54.8254567030	./rescue_audit/results/batch_exports/cards/taskD/shard_w1_061.json
3722	2026-09-02T15:02:54.9094564930	./rescue_audit/results/batch_exports/cards/taskD/shard_w1_062.json
3829	2026-09-02T15:02:54.9774563240	./rescue_audit/results/batch_exports/cards/taskD/shard_w1_063.json
3838	2026-09-02T15:02:55.0694560940	./rescue_audit/results/batch_exports/cards/taskD/shard_w1_064.json
3828	2026-09-02T15:02:55.1574558740	./rescue_audit/results/batch_exports/cards/taskD/shard_w1_065.json
3700	2026-09-02T15:02:55.2454556540	./rescue_audit/results/batch_exports/cards/taskD/shard_w1_066.json
3812	2026-09-02T15:02:55.3094554940	./rescue_audit/results/batch_exports/cards/taskD/shard_w1_067.json
3762	2026-09-02T15:02:55.3574553740	./rescue_audit/results/batch_exports/cards/taskD/shard_w1_068.json
3811	2026-09-02T15:02:55.4014552640	./rescue_audit/results/batch_exports/cards/taskD/shard_w1_069.json
3829	2026-09-02T15:02:55.4934550350	./rescue_audit/results/batch_exports/cards/taskD/shard_w1_070.json
3809	2026-09-02T15:02:55.5654548550	./rescue_audit/results/batch_exports/cards/taskD/shard_w1_071.json
3799	2026-09-02T15:02:55.6894545450	./rescue_audit/results/batch_exports/cards/taskE_svamp/shard_000.json
3808	2026-09-02T15:02:55.7574543750	./rescue_audit/results/batch_exports/cards/taskE_svamp/shard_001.json
3814	2026-09-02T15:02:55.7974542760	./rescue_audit/results/batch_exports/cards/taskE_svamp/shard_002.json
3826	2026-09-02T15:02:55.8654541060	./rescue_audit/results/batch_exports/cards/taskE_svamp/shard_003.json
3843	2026-09-02T15:02:55.9534538860	./rescue_audit/results/batch_exports/cards/taskE_svamp/shard_004.json
3820	2026-09-02T15:02:55.9934537860	./rescue_audit/results/batch_exports/cards/taskE_svamp/shard_005.json
3828	2026-09-02T15:02:56.0854535560	./rescue_audit/results/batch_exports/cards/taskE_svamp/shard_006.json
3806	2026-09-02T15:02:56.1254534570	./rescue_audit/results/batch_exports/cards/taskE_svamp/shard_007.json
3827	2026-09-02T15:02:56.1814533170	./rescue_audit/results/batch_exports/cards/taskE_svamp/shard_008.json
3837	2026-09-02T15:02:56.2814530670	./rescue_audit/results/batch_exports/cards/taskE_svamp/shard_009.json
3830	2026-09-02T15:02:56.3534528870	./rescue_audit/results/batch_exports/cards/taskE_svamp/shard_010.json
3805	2026-09-02T15:02:56.4454526570	./rescue_audit/results/batch_exports/cards/taskE_svamp/shard_011.json
3810	2026-09-02T15:02:56.5214524670	./rescue_audit/results/batch_exports/cards/taskE_svamp/shard_012.json
3825	2026-09-02T15:02:56.5654523570	./rescue_audit/results/batch_exports/cards/taskE_svamp/shard_013.json
3831	2026-09-02T15:02:56.6054522580	./rescue_audit/results/batch_exports/cards/taskE_svamp/shard_014.json
3826	2026-09-02T15:02:56.6454521570	./rescue_audit/results/batch_exports/cards/taskE_svamp/shard_015.json
3758	2026-09-02T15:02:56.6854520580	./rescue_audit/results/batch_exports/cards/taskE_svamp/shard_016.json
3815	2026-09-02T15:02:56.7254519580	./rescue_audit/results/batch_exports/cards/taskE_svamp/shard_017.json
3726	2026-09-02T15:02:56.8094517470	./rescue_audit/results/batch_exports/cards/taskE_svamp/shard_018.json
3706	2026-09-02T15:02:56.8694515980	./rescue_audit/results/batch_exports/cards/taskE_svamp/shard_019.json
3821	2026-09-02T15:02:56.9094514990	./rescue_audit/results/batch_exports/cards/taskE_svamp/shard_020.json
3712	2026-09-02T15:02:56.9534513890	./rescue_audit/results/batch_exports/cards/taskE_svamp/shard_021.json
3830	2026-09-02T15:02:56.9894512980	./rescue_audit/results/batch_exports/cards/taskE_svamp/shard_022.json
3713	2026-09-02T15:02:57.0294511990	./rescue_audit/results/batch_exports/cards/taskE_svamp/shard_023.json
3737	2026-09-02T15:02:57.0654511090	./rescue_audit/results/batch_exports/cards/taskE_svamp/shard_024.json
3746	2026-09-02T15:02:57.1094509990	./rescue_audit/results/batch_exports/cards/taskE_svamp/shard_025.json
3706	2026-09-02T15:02:57.1454509080	./rescue_audit/results/batch_exports/cards/taskE_svamp/shard_026.json
3817	2026-09-02T15:02:57.1894507980	./rescue_audit/results/batch_exports/cards/taskE_svamp/shard_027.json
3705	2026-09-02T15:02:57.2294506990	./rescue_audit/results/batch_exports/cards/taskE_svamp/shard_028.json
3796	2026-09-02T15:02:57.2694505990	./rescue_audit/results/batch_exports/cards/taskE_svamp/shard_029.json
3818	2026-09-02T15:02:57.3134504890	./rescue_audit/results/batch_exports/cards/taskE_svamp/shard_030.json
3729	2026-09-02T15:02:57.3574503790	./rescue_audit/results/batch_exports/cards/taskE_svamp/shard_031.json
3743	2026-09-02T15:02:57.3974502790	./rescue_audit/results/batch_exports/cards/taskE_svamp/shard_032.json
3709	2026-09-02T15:02:57.4654501100	./rescue_audit/results/batch_exports/cards/taskE_svamp/shard_033.json
3836	2026-09-02T15:02:57.5374499290	./rescue_audit/results/batch_exports/cards/taskE_svamp/shard_034.json
3843	2026-09-02T15:02:57.5934497890	./rescue_audit/results/batch_exports/cards/taskE_svamp/shard_035.json
3826	2026-09-02T15:02:57.6894495500	./rescue_audit/results/batch_exports/cards/taskE_svamp/shard_036.json
3729	2026-09-02T15:02:57.7254494600	./rescue_audit/results/batch_exports/cards/taskE_svamp/shard_037.json
3812	2026-09-02T15:02:57.7694493510	./rescue_audit/results/batch_exports/cards/taskE_svamp/shard_038.json
3776	2026-09-02T15:02:57.8094492500	./rescue_audit/results/batch_exports/cards/taskE_svamp/shard_039.json
3741	2026-09-02T15:02:57.8574491310	./rescue_audit/results/batch_exports/cards/taskE_svamp/shard_040.json
3823	2026-09-02T15:02:57.9494489010	./rescue_audit/results/batch_exports/cards/taskE_svamp/shard_041.json
3841	2026-09-02T15:02:58.0174487300	./rescue_audit/results/batch_exports/cards/taskE_svamp/shard_042.json
3706	2026-09-02T15:02:58.1094485000	./rescue_audit/results/batch_exports/cards/taskE_svamp/shard_043.json
3804	2026-09-02T15:02:58.2014482710	./rescue_audit/results/batch_exports/cards/taskE_svamp/shard_044.json
3703	2026-09-02T15:02:58.2774480810	./rescue_audit/results/batch_exports/cards/taskE_svamp/shard_045.json
3841	2026-09-02T15:02:58.3654478610	./rescue_audit/results/batch_exports/cards/taskE_svamp/shard_046.json
3738	2026-09-02T15:02:58.4374476810	./rescue_audit/results/batch_exports/cards/taskE_svamp/shard_047.json
3769	2026-09-02T15:02:58.5174474820	./rescue_audit/results/batch_exports/cards/taskE_svamp/shard_048.json
3831	2026-09-02T15:02:58.6094472510	./rescue_audit/results/batch_exports/cards/taskE_svamp/shard_049.json
1906	2026-09-02T15:02:58.6774470820	./rescue_audit/results/batch_exports/dataset_summary.json
20374	2026-09-02T15:02:58.6734470920	./rescue_audit/results/batch_exports/trend_summary.csv
4173	2026-08-31T23:10:48.9673369170	./rescue_audit/results/bootfix_verify.json
604	2026-08-31T16:42:07.5314265310	./rescue_audit/results/exact_toy.json
106167	2026-09-02T20:52:39.7821673470	./rescue_audit/results/full_inventory/asset_manifest.csv
10207	2026-09-02T20:52:28.8661918330	./rescue_audit/results/full_inventory/cards/data/labels_a/shard_000.json
10198	2026-09-02T20:52:28.9621916180	./rescue_audit/results/full_inventory/cards/data/labels_a/shard_001.json
10192	2026-09-02T20:52:29.0621913930	./rescue_audit/results/full_inventory/cards/data/labels_a/shard_002.json
10174	2026-09-02T20:52:29.1021913030	./rescue_audit/results/full_inventory/cards/data/labels_a/shard_003.json
10694	2026-09-02T20:52:29.2061910700	./rescue_audit/results/full_inventory/cards/data/labels_a2/shard_000.json
10678	2026-09-02T20:52:29.3021908550	./rescue_audit/results/full_inventory/cards/data/labels_a2/shard_001.json
10670	2026-09-02T20:52:29.4061906210	./rescue_audit/results/full_inventory/cards/data/labels_a2/shard_002.json
10648	2026-09-02T20:52:29.4461905320	./rescue_audit/results/full_inventory/cards/data/labels_a2/shard_003.json
11035	2026-09-02T20:52:29.5221903620	./rescue_audit/results/full_inventory/cards/data/labels_a3/shard_000.json
11010	2026-09-02T20:52:29.5941902000	./rescue_audit/results/full_inventory/cards/data/labels_a3/shard_001.json
11001	2026-09-02T20:52:29.6661900390	./rescue_audit/results/full_inventory/cards/data/labels_a3/shard_002.json
10985	2026-09-02T20:52:29.7021899580	./rescue_audit/results/full_inventory/cards/data/labels_a3/shard_003.json
10204	2026-09-02T20:52:29.7701898060	./rescue_audit/results/full_inventory/cards/data/labels_b/shard_000.json
10185	2026-09-02T20:52:29.8341896620	./rescue_audit/results/full_inventory/cards/data/labels_b/shard_001.json
10180	2026-09-02T20:52:29.9021895090	./rescue_audit/results/full_inventory/cards/data/labels_b/shard_002.json
10154	2026-09-02T20:52:29.9301894470	./rescue_audit/results/full_inventory/cards/data/labels_b/shard_003.json
10691	2026-09-02T20:52:29.9981892940	./rescue_audit/results/full_inventory/cards/data/labels_b2/shard_000.json
10670	2026-09-02T20:52:30.0661891410	./rescue_audit/results/full_inventory/cards/data/labels_b2/shard_001.json
10680	2026-09-02T20:52:30.1301889980	./rescue_audit/results/full_inventory/cards/data/labels_b2/shard_002.json
10633	2026-09-02T20:52:30.1581889350	./rescue_audit/results/full_inventory/cards/data/labels_b2/shard_003.json
11041	2026-09-02T20:52:30.2301887730	./rescue_audit/results/full_inventory/cards/data/labels_b3/shard_000.json
11010	2026-09-02T20:52:30.3021886120	./rescue_audit/results/full_inventory/cards/data/labels_b3/shard_001.json
11021	2026-09-02T20:52:30.3781884420	./rescue_audit/results/full_inventory/cards/data/labels_b3/shard_002.json
10956	2026-09-02T20:52:30.4101883690	./rescue_audit/results/full_inventory/cards/data/labels_b3/shard_003.json
10686	2026-09-02T20:52:30.4781882170	./rescue_audit/results/full_inventory/cards/data/labels_c1/shard_000.json
10671	2026-09-02T20:52:30.5421880730	./rescue_audit/results/full_inventory/cards/data/labels_c1/shard_001.json
10666	2026-09-02T20:52:30.6101879200	./rescue_audit/results/full_inventory/cards/data/labels_c1/shard_002.json
10627	2026-09-02T20:52:30.6461878400	./rescue_audit/results/full_inventory/cards/data/labels_c1/shard_003.json
10677	2026-09-02T20:52:30.7101876970	./rescue_audit/results/full_inventory/cards/data/labels_c2/shard_000.json
10678	2026-09-02T20:52:30.7741875530	./rescue_audit/results/full_inventory/cards/data/labels_c2/shard_001.json
10663	2026-09-02T20:52:30.8421874010	./rescue_audit/results/full_inventory/cards/data/labels_c2/shard_002.json
10620	2026-09-02T20:52:30.8701873380	./rescue_audit/results/full_inventory/cards/data/labels_c2/shard_003.json
11022	2026-09-02T20:52:30.9381871850	./rescue_audit/results/full_inventory/cards/data/labels_c3/shard_000.json
11025	2026-09-02T20:52:31.0101870240	./rescue_audit/results/full_inventory/cards/data/labels_c3/shard_001.json
11008	2026-09-02T20:52:31.0821868620	./rescue_audit/results/full_inventory/cards/data/labels_c3/shard_002.json
10957	2026-09-02T20:52:31.1141867910	./rescue_audit/results/full_inventory/cards/data/labels_c3/shard_003.json
11005	2026-09-02T20:52:31.1821866380	./rescue_audit/results/full_inventory/cards/data/labels_d3/shard_000.json
11013	2026-09-02T20:52:31.2541864760	./rescue_audit/results/full_inventory/cards/data/labels_d3/shard_001.json
10993	2026-09-02T20:52:31.3261863150	./rescue_audit/results/full_inventory/cards/data/labels_d3/shard_002.json
10983	2026-09-02T20:52:31.3581862430	./rescue_audit/results/full_inventory/cards/data/labels_d3/shard_003.json
10654	2026-09-02T20:52:31.3781861980	./rescue_audit/results/full_inventory/cards/data/labels_fixsmoke/shard_000.json
12013	2026-09-02T20:52:31.4621860090	./rescue_audit/results/full_inventory/cards/data/labels_freshA/shard_000.json
12048	2026-09-02T20:52:31.5421858310	./rescue_audit/results/full_inventory/cards/data/labels_freshA/shard_001.json
12035	2026-09-02T20:52:31.6261856420	./rescue_audit/results/full_inventory/cards/data/labels_freshA/shard_002.json
11992	2026-09-02T20:52:31.6581855700	./rescue_audit/results/full_inventory/cards/data/labels_freshA/shard_003.json
12048	2026-09-02T20:52:31.7341854000	./rescue_audit/results/full_inventory/cards/data/labels_h32a/shard_000.json
12018	2026-09-02T20:52:31.8061852380	./rescue_audit/results/full_inventory/cards/data/labels_h32a/shard_001.json
12032	2026-09-02T20:52:31.8781850760	./rescue_audit/results/full_inventory/cards/data/labels_h32a/shard_002.json
11994	2026-09-02T20:52:31.9101850050	./rescue_audit/results/full_inventory/cards/data/labels_h32a/shard_003.json
12059	2026-09-02T20:52:31.9821848430	./rescue_audit/results/full_inventory/cards/data/labels_h32b/shard_000.json
12026	2026-09-02T20:52:32.0501846900	./rescue_audit/results/full_inventory/cards/data/labels_h32b/shard_001.json
12039	2026-09-02T20:52:32.1221845290	./rescue_audit/results/full_inventory/cards/data/labels_h32b/shard_002.json
11966	2026-09-02T20:52:32.1541844570	./rescue_audit/results/full_inventory/cards/data/labels_h32b/shard_003.json
10685	2026-09-02T20:52:32.2221843050	./rescue_audit/results/full_inventory/cards/data/labels_h8a/shard_000.json
10663	2026-09-02T20:52:32.2901841530	./rescue_audit/results/full_inventory/cards/data/labels_h8a/shard_001.json
10656	2026-09-02T20:52:32.3581840000	./rescue_audit/results/full_inventory/cards/data/labels_h8a/shard_002.json
10642	2026-09-02T20:52:32.3861839370	./rescue_audit/results/full_inventory/cards/data/labels_h8a/shard_003.json
10689	2026-09-02T20:52:32.4581837750	./rescue_audit/results/full_inventory/cards/data/labels_h8b/shard_000.json
10663	2026-09-02T20:52:32.5261836230	./rescue_audit/results/full_inventory/cards/data/labels_h8b/shard_001.json
10673	2026-09-02T20:52:32.5981834610	./rescue_audit/results/full_inventory/cards/data/labels_h8b/shard_002.json
10602	2026-09-02T20:52:32.6301833900	./rescue_audit/results/full_inventory/cards/data/labels_h8b/shard_003.json
6242	2026-09-02T20:52:32.6381833710	./rescue_audit/results/full_inventory/cards/data/labels_pilot/shard_000.json
1655	2026-09-02T20:52:32.9541826630	./rescue_audit/results/full_inventory/cards/data/labels_prev_a3/shard_000.json
1655	2026-09-02T20:52:33.2461820080	./rescue_audit/results/full_inventory/cards/data/labels_prev_b3/shard_000.json
12081	2026-09-02T20:52:33.3221818380	./rescue_audit/results/full_inventory/cards/data/labels_s1/shard_000.json
12052	2026-09-02T20:52:33.3941816760	./rescue_audit/results/full_inventory/cards/data/labels_s1/shard_001.json
12065	2026-09-02T20:52:33.4661815150	./rescue_audit/results/full_inventory/cards/data/labels_s1/shard_002.json
12020	2026-09-02T20:52:33.4981814420	./rescue_audit/results/full_inventory/cards/data/labels_s1/shard_003.json
12068	2026-09-02T20:52:33.5701812810	./rescue_audit/results/full_inventory/cards/data/labels_s2/shard_000.json
12062	2026-09-02T20:52:33.6421811200	./rescue_audit/results/full_inventory/cards/data/labels_s2/shard_001.json
12064	2026-09-02T20:52:33.7141809580	./rescue_audit/results/full_inventory/cards/data/labels_s2/shard_002.json
12006	2026-09-02T20:52:33.7461808870	./rescue_audit/results/full_inventory/cards/data/labels_s2/shard_003.json
12028	2026-09-02T20:52:33.7621808500	./rescue_audit/results/full_inventory/cards/data/labels_sedsmoke/shard_000.json
10168	2026-09-02T20:52:33.7741808230	./rescue_audit/results/full_inventory/cards/data/labels_smoke/shard_000.json
6581	2026-09-02T20:52:33.8341806890	./rescue_audit/results/full_inventory/cards/data/labels_taskA/shard_000.json
6606	2026-09-02T20:52:33.8901805640	./rescue_audit/results/full_inventory/cards/data/labels_taskA/shard_001.json
6599	2026-09-02T20:52:33.9301804740	./rescue_audit/results/full_inventory/cards/data/labels_taskA/shard_002.json
6596	2026-09-02T20:52:33.9861803480	./rescue_audit/results/full_inventory/cards/data/labels_taskB/shard_000.json
6623	2026-09-02T20:52:34.0421802230	./rescue_audit/results/full_inventory/cards/data/labels_taskB/shard_001.json
6576	2026-09-02T20:52:34.0981800970	./rescue_audit/results/full_inventory/cards/data/labels_taskB/shard_002.json
6578	2026-09-02T20:52:34.1541799720	./rescue_audit/results/full_inventory/cards/data/labels_taskC/shard_000.json
6593	2026-09-02T20:52:34.2101798460	./rescue_audit/results/full_inventory/cards/data/labels_taskC/shard_001.json
6588	2026-09-02T20:52:34.2701797110	./rescue_audit/results/full_inventory/cards/data/labels_taskC/shard_002.json
6594	2026-09-02T20:52:34.3261795860	./rescue_audit/results/full_inventory/cards/data/labels_taskC/shard_003.json
6636	2026-09-02T20:52:34.3821794600	./rescue_audit/results/full_inventory/cards/data/labels_taskC/shard_w0_004.json
6582	2026-09-02T20:52:34.4421793250	./rescue_audit/results/full_inventory/cards/data/labels_taskC/shard_w0_005.json
6610	2026-09-02T20:52:34.4981792000	./rescue_audit/results/full_inventory/cards/data/labels_taskC/shard_w0_006.json
6537	2026-09-02T20:52:34.5221791460	./rescue_audit/results/full_inventory/cards/data/labels_taskC/shard_w0_007.json
6631	2026-09-02T20:52:34.5821790110	./rescue_audit/results/full_inventory/cards/data/labels_taskC/shard_w1_004.json
6587	2026-09-02T20:52:34.6381788860	./rescue_audit/results/full_inventory/cards/data/labels_taskC/shard_w1_005.json
6599	2026-09-02T20:52:34.6981787510	./rescue_audit/results/full_inventory/cards/data/labels_taskC/shard_w1_006.json
6554	2026-09-02T20:52:34.7221786970	./rescue_audit/results/full_inventory/cards/data/labels_taskC/shard_w1_007.json
6512	2026-09-02T20:52:34.7421786530	./rescue_audit/results/full_inventory/cards/data/labels_taskD/shard_w0_000.json
6541	2026-09-02T20:52:34.7581786160	./rescue_audit/results/full_inventory/cards/data/labels_taskD/shard_w0_001.json
6493	2026-09-02T20:52:34.7821785630	./rescue_audit/results/full_inventory/cards/data/labels_taskD/shard_w0_002.json
6488	2026-09-02T20:52:34.8021785170	./rescue_audit/results/full_inventory/cards/data/labels_taskD/shard_w0_003.json
6488	2026-09-02T20:52:34.8221784720	./rescue_audit/results/full_inventory/cards/data/labels_taskD/shard_w0_004.json
6542	2026-09-02T20:52:34.8421784280	./rescue_audit/results/full_inventory/cards/data/labels_taskD/shard_w0_005.json
6509	2026-09-02T20:52:34.8581783920	./rescue_audit/results/full_inventory/cards/data/labels_taskD/shard_w0_006.json
6529	2026-09-02T20:52:34.8781783470	./rescue_audit/results/full_inventory/cards/data/labels_taskD/shard_w0_007.json
6529	2026-09-02T20:52:34.8981783020	./rescue_audit/results/full_inventory/cards/data/labels_taskD/shard_w0_008.json
6527	2026-09-02T20:52:34.9181782570	./rescue_audit/results/full_inventory/cards/data/labels_taskD/shard_w0_009.json
6535	2026-09-02T20:52:34.9341782210	./rescue_audit/results/full_inventory/cards/data/labels_taskD/shard_w0_010.json
6521	2026-09-02T20:52:34.9541781760	./rescue_audit/results/full_inventory/cards/data/labels_taskD/shard_w0_011.json
6499	2026-09-02T20:52:34.9741781310	./rescue_audit/results/full_inventory/cards/data/labels_taskD/shard_w0_012.json
6536	2026-09-02T20:52:34.9941780870	./rescue_audit/results/full_inventory/cards/data/labels_taskD/shard_w0_013.json
6522	2026-09-02T20:52:35.0101780510	./rescue_audit/results/full_inventory/cards/data/labels_taskD/shard_w0_014.json
6505	2026-09-02T20:52:35.0301780060	./rescue_audit/results/full_inventory/cards/data/labels_taskD/shard_w0_015.json
6529	2026-09-02T20:52:35.0501779610	./rescue_audit/results/full_inventory/cards/data/labels_taskD/shard_w0_016.json
6488	2026-09-02T20:52:35.0741779080	./rescue_audit/results/full_inventory/cards/data/labels_taskD/shard_w0_017.json
6493	2026-09-02T20:52:35.0941778630	./rescue_audit/results/full_inventory/cards/data/labels_taskD/shard_w0_018.json
6516	2026-09-02T20:52:35.1141778180	./rescue_audit/results/full_inventory/cards/data/labels_taskD/shard_w0_019.json
6535	2026-09-02T20:52:35.1341777730	./rescue_audit/results/full_inventory/cards/data/labels_taskD/shard_w0_020.json
6517	2026-09-02T20:52:35.1541777280	./rescue_audit/results/full_inventory/cards/data/labels_taskD/shard_w0_021.json
6533	2026-09-02T20:52:35.1741776830	./rescue_audit/results/full_inventory/cards/data/labels_taskD/shard_w0_022.json
6517	2026-09-02T20:52:35.1941776390	./rescue_audit/results/full_inventory/cards/data/labels_taskD/shard_w0_023.json
6525	2026-09-02T20:52:35.2141775940	./rescue_audit/results/full_inventory/cards/data/labels_taskD/shard_w0_024.json
6486	2026-09-02T20:52:35.2341775490	./rescue_audit/results/full_inventory/cards/data/labels_taskD/shard_w0_025.json
6524	2026-09-02T20:52:35.2541775040	./rescue_audit/results/full_inventory/cards/data/labels_taskD/shard_w0_026.json
6519	2026-09-02T20:52:35.2741774590	./rescue_audit/results/full_inventory/cards/data/labels_taskD/shard_w0_027.json
6515	2026-09-02T20:52:35.2941774140	./rescue_audit/results/full_inventory/cards/data/labels_taskD/shard_w0_028.json
6373	2026-09-02T20:52:35.3141773690	./rescue_audit/results/full_inventory/cards/data/labels_taskD/shard_w0_029.json
6536	2026-09-02T20:52:35.3341773240	./rescue_audit/results/full_inventory/cards/data/labels_taskD/shard_w0_030.json
6360	2026-09-02T20:52:35.3541772800	./rescue_audit/results/full_inventory/cards/data/labels_taskD/shard_w0_031.json
6492	2026-09-02T20:52:35.3741772350	./rescue_audit/results/full_inventory/cards/data/labels_taskD/shard_w0_032.json
6536	2026-09-02T20:52:35.3941771900	./rescue_audit/results/full_inventory/cards/data/labels_taskD/shard_w0_033.json
6463	2026-09-02T20:52:35.4181771360	./rescue_audit/results/full_inventory/cards/data/labels_taskD/shard_w0_034.json
6520	2026-09-02T20:52:35.4381770910	./rescue_audit/results/full_inventory/cards/data/labels_taskD/shard_w0_035.json
6497	2026-09-02T20:52:35.4581770470	./rescue_audit/results/full_inventory/cards/data/labels_taskD/shard_w0_036.json
6487	2026-09-02T20:52:35.4781770020	./rescue_audit/results/full_inventory/cards/data/labels_taskD/shard_w0_037.json
6375	2026-09-02T20:52:35.5021769470	./rescue_audit/results/full_inventory/cards/data/labels_taskD/shard_w0_038.json
6541	2026-09-02T20:52:35.5221769020	./rescue_audit/results/full_inventory/cards/data/labels_taskD/shard_w0_039.json
6524	2026-09-02T20:52:35.5421768570	./rescue_audit/results/full_inventory/cards/data/labels_taskD/shard_w0_040.json
6509	2026-09-02T20:52:35.5621768130	./rescue_audit/results/full_inventory/cards/data/labels_taskD/shard_w0_041.json
6543	2026-09-02T20:52:35.5781767770	./rescue_audit/results/full_inventory/cards/data/labels_taskD/shard_w0_042.json
6394	2026-09-02T20:52:35.5981767320	./rescue_audit/results/full_inventory/cards/data/labels_taskD/shard_w0_043.json
6530	2026-09-02T20:52:35.6181766870	./rescue_audit/results/full_inventory/cards/data/labels_taskD/shard_w0_044.json
6502	2026-09-02T20:52:35.6381766430	./rescue_audit/results/full_inventory/cards/data/labels_taskD/shard_w0_045.json
6459	2026-09-02T20:52:35.6581765980	./rescue_audit/results/full_inventory/cards/data/labels_taskD/shard_w0_046.json
6534	2026-09-02T20:52:35.6781765530	./rescue_audit/results/full_inventory/cards/data/labels_taskD/shard_w0_047.json
6350	2026-09-02T20:52:35.6981765080	./rescue_audit/results/full_inventory/cards/data/labels_taskD/shard_w0_048.json
6491	2026-09-02T20:52:35.7181764630	./rescue_audit/results/full_inventory/cards/data/labels_taskD/shard_w0_049.json
6397	2026-09-02T20:52:35.7381764180	./rescue_audit/results/full_inventory/cards/data/labels_taskD/shard_w0_050.json
6533	2026-09-02T20:52:35.7581763730	./rescue_audit/results/full_inventory/cards/data/labels_taskD/shard_w0_051.json
6534	2026-09-02T20:52:35.7781763280	./rescue_audit/results/full_inventory/cards/data/labels_taskD/shard_w0_052.json
6469	2026-09-02T20:52:35.7981762830	./rescue_audit/results/full_inventory/cards/data/labels_taskD/shard_w0_053.json
6534	2026-09-02T20:52:35.8181762390	./rescue_audit/results/full_inventory/cards/data/labels_taskD/shard_w0_054.json
6405	2026-09-02T20:52:35.8381761940	./rescue_audit/results/full_inventory/cards/data/labels_taskD/shard_w0_055.json
6526	2026-09-02T20:52:35.8581761490	./rescue_audit/results/full_inventory/cards/data/labels_taskD/shard_w0_056.json
6542	2026-09-02T20:52:35.8741761140	./rescue_audit/results/full_inventory/cards/data/labels_taskD/shard_w0_057.json
6497	2026-09-02T20:52:35.8941760690	./rescue_audit/results/full_inventory/cards/data/labels_taskD/shard_w0_058.json
6501	2026-09-02T20:52:35.9141760240	./rescue_audit/results/full_inventory/cards/data/labels_taskD/shard_w0_059.json
6481	2026-09-02T20:52:35.9301759870	./rescue_audit/results/full_inventory/cards/data/labels_taskD/shard_w0_060.json
6502	2026-09-02T20:52:35.9501759430	./rescue_audit/results/full_inventory/cards/data/labels_taskD/shard_w0_061.json
6511	2026-09-02T20:52:35.9701758980	./rescue_audit/results/full_inventory/cards/data/labels_taskD/shard_w0_062.json
6490	2026-09-02T20:52:35.9901758530	./rescue_audit/results/full_inventory/cards/data/labels_taskD/shard_w0_063.json
6544	2026-09-02T20:52:36.0061758170	./rescue_audit/results/full_inventory/cards/data/labels_taskD/shard_w0_064.json
6478	2026-09-02T20:52:36.0261757730	./rescue_audit/results/full_inventory/cards/data/labels_taskD/shard_w0_065.json
6515	2026-09-02T20:52:36.0461757280	./rescue_audit/results/full_inventory/cards/data/labels_taskD/shard_w0_066.json
6516	2026-09-02T20:52:36.0661756830	./rescue_audit/results/full_inventory/cards/data/labels_taskD/shard_w0_067.json
6527	2026-09-02T20:52:36.0861756380	./rescue_audit/results/full_inventory/cards/data/labels_taskD/shard_w0_068.json
6519	2026-09-02T20:52:36.1061755930	./rescue_audit/results/full_inventory/cards/data/labels_taskD/shard_w0_069.json
6519	2026-09-02T20:52:36.1221755570	./rescue_audit/results/full_inventory/cards/data/labels_taskD/shard_w0_070.json
6350	2026-09-02T20:52:36.1301755390	./rescue_audit/results/full_inventory/cards/data/labels_taskD/shard_w0_071.json
6609	2026-09-02T20:52:36.1861754140	./rescue_audit/results/full_inventory/cards/data/labels_taskD/shard_w1_000.json
6595	2026-09-02T20:52:36.2461752790	./rescue_audit/results/full_inventory/cards/data/labels_taskD/shard_w1_001.json
6589	2026-09-02T20:52:36.3021751530	./rescue_audit/results/full_inventory/cards/data/labels_taskD/shard_w1_002.json
6599	2026-09-02T20:52:36.3621750180	./rescue_audit/results/full_inventory/cards/data/labels_taskD/shard_w1_003.json
6587	2026-09-02T20:52:36.4221748830	./rescue_audit/results/full_inventory/cards/data/labels_taskD/shard_w1_004.json
6634	2026-09-02T20:52:36.4781747580	./rescue_audit/results/full_inventory/cards/data/labels_taskD/shard_w1_005.json
6603	2026-09-02T20:52:36.5381746240	./rescue_audit/results/full_inventory/cards/data/labels_taskD/shard_w1_006.json
6609	2026-09-02T20:52:36.5981744890	./rescue_audit/results/full_inventory/cards/data/labels_taskD/shard_w1_007.json
6610	2026-09-02T20:52:36.6581743540	./rescue_audit/results/full_inventory/cards/data/labels_taskD/shard_w1_008.json
6536	2026-09-02T20:52:36.6781743100	./rescue_audit/results/full_inventory/cards/data/labels_taskD/shard_w1_039.json
6404	2026-09-02T20:52:36.6941742730	./rescue_audit/results/full_inventory/cards/data/labels_taskD/shard_w1_040.json
6526	2026-09-02T20:52:36.7141742290	./rescue_audit/results/full_inventory/cards/data/labels_taskD/shard_w1_041.json
6527	2026-09-02T20:52:36.7341741850	./rescue_audit/results/full_inventory/cards/data/labels_taskD/shard_w1_042.json
6514	2026-09-02T20:52:36.7541741400	./rescue_audit/results/full_inventory/cards/data/labels_taskD/shard_w1_043.json
6541	2026-09-02T20:52:36.7741740950	./rescue_audit/results/full_inventory/cards/data/labels_taskD/shard_w1_044.json
6521	2026-09-02T20:52:36.7901740580	./rescue_audit/results/full_inventory/cards/data/labels_taskD/shard_w1_045.json
6514	2026-09-02T20:52:36.8101740140	./rescue_audit/results/full_inventory/cards/data/labels_taskD/shard_w1_046.json
6508	2026-09-02T20:52:36.8301739690	./rescue_audit/results/full_inventory/cards/data/labels_taskD/shard_w1_047.json
6503	2026-09-02T20:52:36.8501739240	./rescue_audit/results/full_inventory/cards/data/labels_taskD/shard_w1_048.json
6495	2026-09-02T20:52:36.8661738880	./rescue_audit/results/full_inventory/cards/data/labels_taskD/shard_w1_049.json
6497	2026-09-02T20:52:36.8861738440	./rescue_audit/results/full_inventory/cards/data/labels_taskD/shard_w1_050.json
6531	2026-09-02T20:52:36.9061737990	./rescue_audit/results/full_inventory/cards/data/labels_taskD/shard_w1_051.json
6517	2026-09-02T20:52:36.9221737620	./rescue_audit/results/full_inventory/cards/data/labels_taskD/shard_w1_052.json
6523	2026-09-02T20:52:36.9421737180	./rescue_audit/results/full_inventory/cards/data/labels_taskD/shard_w1_053.json
6505	2026-09-02T20:52:36.9621736730	./rescue_audit/results/full_inventory/cards/data/labels_taskD/shard_w1_054.json
6498	2026-09-02T20:52:36.9781736360	./rescue_audit/results/full_inventory/cards/data/labels_taskD/shard_w1_055.json
6490	2026-09-02T20:52:36.9981735910	./rescue_audit/results/full_inventory/cards/data/labels_taskD/shard_w1_056.json
6530	2026-09-02T20:52:37.0181735480	./rescue_audit/results/full_inventory/cards/data/labels_taskD/shard_w1_057.json
6530	2026-09-02T20:52:37.0341735110	./rescue_audit/results/full_inventory/cards/data/labels_taskD/shard_w1_058.json
6469	2026-09-02T20:52:37.0541734660	./rescue_audit/results/full_inventory/cards/data/labels_taskD/shard_w1_059.json
6502	2026-09-02T20:52:37.0741734210	./rescue_audit/results/full_inventory/cards/data/labels_taskD/shard_w1_060.json
6516	2026-09-02T20:52:37.0901733850	./rescue_audit/results/full_inventory/cards/data/labels_taskD/shard_w1_061.json
6400	2026-09-02T20:52:37.1101733400	./rescue_audit/results/full_inventory/cards/data/labels_taskD/shard_w1_062.json
6540	2026-09-02T20:52:37.1301732950	./rescue_audit/results/full_inventory/cards/data/labels_taskD/shard_w1_063.json
6540	2026-09-02T20:52:37.1461732600	./rescue_audit/results/full_inventory/cards/data/labels_taskD/shard_w1_064.json
6541	2026-09-02T20:52:37.1661732150	./rescue_audit/results/full_inventory/cards/data/labels_taskD/shard_w1_065.json
6364	2026-09-02T20:52:37.1861731700	./rescue_audit/results/full_inventory/cards/data/labels_taskD/shard_w1_066.json
6498	2026-09-02T20:52:37.2061731250	./rescue_audit/results/full_inventory/cards/data/labels_taskD/shard_w1_067.json
6468	2026-09-02T20:52:37.2261730810	./rescue_audit/results/full_inventory/cards/data/labels_taskD/shard_w1_068.json
6502	2026-09-02T20:52:37.2421730440	./rescue_audit/results/full_inventory/cards/data/labels_taskD/shard_w1_069.json
6529	2026-09-02T20:52:37.2621729990	./rescue_audit/results/full_inventory/cards/data/labels_taskD/shard_w1_070.json
6516	2026-09-02T20:52:37.2821729550	./rescue_audit/results/full_inventory/cards/data/labels_taskD/shard_w1_071.json
6495	2026-09-02T20:52:37.3021729100	./rescue_audit/results/full_inventory/cards/data/labels_taskE_svamp/shard_000.json
6504	2026-09-02T20:52:37.3221728660	./rescue_audit/results/full_inventory/cards/data/labels_taskE_svamp/shard_001.json
6492	2026-09-02T20:52:37.3381728290	./rescue_audit/results/full_inventory/cards/data/labels_taskE_svamp/shard_002.json
6520	2026-09-02T20:52:37.3581727850	./rescue_audit/results/full_inventory/cards/data/labels_taskE_svamp/shard_003.json
6533	2026-09-02T20:52:37.3741727480	./rescue_audit/results/full_inventory/cards/data/labels_taskE_svamp/shard_004.json
6507	2026-09-02T20:52:37.3941727030	./rescue_audit/results/full_inventory/cards/data/labels_taskE_svamp/shard_005.json
6535	2026-09-02T20:52:37.4141726580	./rescue_audit/results/full_inventory/cards/data/labels_taskE_svamp/shard_006.json
6494	2026-09-02T20:52:37.4341726140	./rescue_audit/results/full_inventory/cards/data/labels_taskE_svamp/shard_007.json
6531	2026-09-02T20:52:37.4501725780	./rescue_audit/results/full_inventory/cards/data/labels_taskE_svamp/shard_008.json
6537	2026-09-02T20:52:37.4701725330	./rescue_audit/results/full_inventory/cards/data/labels_taskE_svamp/shard_009.json
6536	2026-09-02T20:52:37.4901724890	./rescue_audit/results/full_inventory/cards/data/labels_taskE_svamp/shard_010.json
6497	2026-09-02T20:52:37.5101724440	./rescue_audit/results/full_inventory/cards/data/labels_taskE_svamp/shard_011.json
6500	2026-09-02T20:52:37.5301723990	./rescue_audit/results/full_inventory/cards/data/labels_taskE_svamp/shard_012.json
6510	2026-09-02T20:52:37.5501723540	./rescue_audit/results/full_inventory/cards/data/labels_taskE_svamp/shard_013.json
6523	2026-09-02T20:52:37.5661723180	./rescue_audit/results/full_inventory/cards/data/labels_taskE_svamp/shard_014.json
6507	2026-09-02T20:52:37.5861722730	./rescue_audit/results/full_inventory/cards/data/labels_taskE_svamp/shard_015.json
6451	2026-09-02T20:52:37.6061722280	./rescue_audit/results/full_inventory/cards/data/labels_taskE_svamp/shard_016.json
6507	2026-09-02T20:52:37.6221721930	./rescue_audit/results/full_inventory/cards/data/labels_taskE_svamp/shard_017.json
6385	2026-09-02T20:52:37.6421721480	./rescue_audit/results/full_inventory/cards/data/labels_taskE_svamp/shard_018.json
6378	2026-09-02T20:52:37.6621721030	./rescue_audit/results/full_inventory/cards/data/labels_taskE_svamp/shard_019.json
6492	2026-09-02T20:52:37.6821720580	./rescue_audit/results/full_inventory/cards/data/labels_taskE_svamp/shard_020.json
6388	2026-09-02T20:52:37.7021720130	./rescue_audit/results/full_inventory/cards/data/labels_taskE_svamp/shard_021.json
6529	2026-09-02T20:52:37.7221719680	./rescue_audit/results/full_inventory/cards/data/labels_taskE_svamp/shard_022.json
6371	2026-09-02T20:52:37.7381719320	./rescue_audit/results/full_inventory/cards/data/labels_taskE_svamp/shard_023.json
6413	2026-09-02T20:52:37.7581718870	./rescue_audit/results/full_inventory/cards/data/labels_taskE_svamp/shard_024.json
6421	2026-09-02T20:52:37.7781718430	./rescue_audit/results/full_inventory/cards/data/labels_taskE_svamp/shard_025.json
6370	2026-09-02T20:52:37.7941718070	./rescue_audit/results/full_inventory/cards/data/labels_taskE_svamp/shard_026.json
6499	2026-09-02T20:52:37.8141717620	./rescue_audit/results/full_inventory/cards/data/labels_taskE_svamp/shard_027.json
6355	2026-09-02T20:52:37.8341717170	./rescue_audit/results/full_inventory/cards/data/labels_taskE_svamp/shard_028.json
6472	2026-09-02T20:52:37.8541716720	./rescue_audit/results/full_inventory/cards/data/labels_taskE_svamp/shard_029.json
6502	2026-09-02T20:52:37.8701716360	./rescue_audit/results/full_inventory/cards/data/labels_taskE_svamp/shard_030.json
6380	2026-09-02T20:52:37.8901715910	./rescue_audit/results/full_inventory/cards/data/labels_taskE_svamp/shard_031.json
6427	2026-09-02T20:52:37.9101715470	./rescue_audit/results/full_inventory/cards/data/labels_taskE_svamp/shard_032.json
6380	2026-09-02T20:52:37.9261715110	./rescue_audit/results/full_inventory/cards/data/labels_taskE_svamp/shard_033.json
6537	2026-09-02T20:52:37.9461714660	./rescue_audit/results/full_inventory/cards/data/labels_taskE_svamp/shard_034.json
6530	2026-09-02T20:52:37.9661714210	./rescue_audit/results/full_inventory/cards/data/labels_taskE_svamp/shard_035.json
6519	2026-09-02T20:52:37.9821713850	./rescue_audit/results/full_inventory/cards/data/labels_taskE_svamp/shard_036.json
6383	2026-09-02T20:52:38.0021713400	./rescue_audit/results/full_inventory/cards/data/labels_taskE_svamp/shard_037.json
6510	2026-09-02T20:52:38.0221712950	./rescue_audit/results/full_inventory/cards/data/labels_taskE_svamp/shard_038.json
6488	2026-09-02T20:52:38.0381712600	./rescue_audit/results/full_inventory/cards/data/labels_taskE_svamp/shard_039.json
6408	2026-09-02T20:52:38.0581712150	./rescue_audit/results/full_inventory/cards/data/labels_taskE_svamp/shard_040.json
6514	2026-09-02T20:52:38.0781711700	./rescue_audit/results/full_inventory/cards/data/labels_taskE_svamp/shard_041.json
6539	2026-09-02T20:52:38.0941711330	./rescue_audit/results/full_inventory/cards/data/labels_taskE_svamp/shard_042.json
6379	2026-09-02T20:52:38.1141710890	./rescue_audit/results/full_inventory/cards/data/labels_taskE_svamp/shard_043.json
6491	2026-09-02T20:52:38.1341710440	./rescue_audit/results/full_inventory/cards/data/labels_taskE_svamp/shard_044.json
6378	2026-09-02T20:52:38.1501710080	./rescue_audit/results/full_inventory/cards/data/labels_taskE_svamp/shard_045.json
6547	2026-09-02T20:52:38.1701709640	./rescue_audit/results/full_inventory/cards/data/labels_taskE_svamp/shard_046.json
6404	2026-09-02T20:52:38.1861709270	./rescue_audit/results/full_inventory/cards/data/labels_taskE_svamp/shard_047.json
6466	2026-09-02T20:52:38.2061708820	./rescue_audit/results/full_inventory/cards/data/labels_taskE_svamp/shard_048.json
6506	2026-09-02T20:52:38.2261708370	./rescue_audit/results/full_inventory/cards/data/labels_taskE_svamp/shard_049.json
6495	2026-09-02T20:52:38.2341708190	./rescue_audit/results/full_inventory/cards/data/labels_tasksmoke/shard_000.json
2215	2026-09-02T20:52:38.3221706230	./rescue_audit/results/full_inventory/cards/data/labels_vreadA/shard_000.json
2217	2026-09-02T20:52:38.4101704250	./rescue_audit/results/full_inventory/cards/data/labels_vreadA/shard_001.json
2202	2026-09-02T20:52:38.4981702270	./rescue_audit/results/full_inventory/cards/data/labels_vreadA/shard_002.json
2228	2026-09-02T20:52:38.5861700300	./rescue_audit/results/full_inventory/cards/data/labels_vreadA/shard_003.json
2215	2026-09-02T20:52:38.6741698330	./rescue_audit/results/full_inventory/cards/data/labels_vreadA/shard_004.json
2222	2026-09-02T20:52:38.7621696350	./rescue_audit/results/full_inventory/cards/data/labels_vreadA/shard_005.json
2223	2026-09-02T20:52:38.8501694380	./rescue_audit/results/full_inventory/cards/data/labels_vreadA/shard_006.json
2219	2026-09-02T20:52:38.8821693660	./rescue_audit/results/full_inventory/cards/data/labels_vreadA/shard_007.json
2224	2026-09-02T20:52:38.9701691680	./rescue_audit/results/full_inventory/cards/data/labels_vreadB/shard_000.json
2223	2026-09-02T20:52:39.0581689720	./rescue_audit/results/full_inventory/cards/data/labels_vreadB/shard_001.json
2223	2026-09-02T20:52:39.1461687740	./rescue_audit/results/full_inventory/cards/data/labels_vreadB/shard_002.json
2217	2026-09-02T20:52:39.2341685760	./rescue_audit/results/full_inventory/cards/data/labels_vreadB/shard_003.json
2207	2026-09-02T20:52:39.3221683800	./rescue_audit/results/full_inventory/cards/data/labels_vreadB/shard_004.json
2223	2026-09-02T20:52:39.4061681900	./rescue_audit/results/full_inventory/cards/data/labels_vreadB/shard_005.json
2206	2026-09-02T20:52:39.4941679940	./rescue_audit/results/full_inventory/cards/data/labels_vreadB/shard_006.json
2212	2026-09-02T20:52:39.5221679310	./rescue_audit/results/full_inventory/cards/data/labels_vreadB/shard_007.json
2213	2026-09-02T20:52:39.5301679130	./rescue_audit/results/full_inventory/cards/data/labels_vsmoke/shard_000.json
660	2026-09-02T20:52:39.5381678940	./rescue_audit/results/full_inventory/cards/data/owt_windows_L1024.json
814	2026-09-02T20:52:39.5461678760	./rescue_audit/results/full_inventory/cards/data/owt_windows_L128.json
815	2026-09-02T20:52:39.5781678050	./rescue_audit/results/full_inventory/cards/data/owt_windows_L256.json
815	2026-09-02T20:52:39.6021677510	./rescue_audit/results/full_inventory/cards/data/owt_windows_L512.json
5127	2026-09-02T20:52:39.6261676980	./rescue_audit/results/full_inventory/cards/rescue_audit/results/auditB_cache/D1_L6.json
5126	2026-09-02T20:52:39.6381676710	./rescue_audit/results/full_inventory/cards/rescue_audit/results/auditB_cache/D1_L8.json
5134	2026-09-02T20:52:39.6461676530	./rescue_audit/results/full_inventory/cards/rescue_audit/results/auditB_cache/FRESH_D2_L8.json
5137	2026-09-02T20:52:39.6541676350	./rescue_audit/results/full_inventory/cards/rescue_audit/results/auditB_cache/MDLM_D2_L6.json
5135	2026-09-02T20:52:39.6661676080	./rescue_audit/results/full_inventory/cards/rescue_audit/results/auditB_cache/MDLM_D2_L8.json
5145	2026-09-02T20:52:39.6741675900	./rescue_audit/results/full_inventory/cards/rescue_audit/results/auditB_cache/SEDD_D2_L8.json
5323	2026-09-02T20:52:39.7141675000	./rescue_audit/results/full_inventory/cards/rescue_audit/sealed_taskD_primary/bilinear.json
5036	2026-09-02T20:52:39.7341674550	./rescue_audit/results/full_inventory/cards/rescue_audit/sealed_taskD_primary/cheap_only.json
5194	2026-09-02T20:52:39.7541674100	./rescue_audit/results/full_inventory/cards/rescue_audit/sealed_taskD_primary/no_state_interaction.json
1155	2026-09-02T20:52:39.7541674100	./rescue_audit/results/full_inventory/cards/results/exp1/heatmap.json
1164	2026-09-02T20:52:39.7541674100	./rescue_audit/results/full_inventory/cards/results/exp1_conf/heatmap.json
1163	2026-09-02T20:52:39.7541674100	./rescue_audit/results/full_inventory/cards/results/exp1_fixed/heatmap.json
1159	2026-09-02T20:52:39.7581674020	./rescue_audit/results/full_inventory/cards/results/exp1_k24/heatmap.json
1162	2026-09-02T20:52:39.7581674020	./rescue_audit/results/full_inventory/cards/results/exp1_k24conf/heatmap.json
1177	2026-09-02T20:52:39.7581674020	./rescue_audit/results/full_inventory/cards/results/exp1_null_check/heatmap.json
1162	2026-09-02T20:52:39.7581674020	./rescue_audit/results/full_inventory/cards/results/exp1_partial/heatmap.json
1160	2026-09-02T20:52:39.7621673920	./rescue_audit/results/full_inventory/cards/results/exp1_sedd/heatmap.json
1153	2026-09-02T20:52:39.7621673920	./rescue_audit/results/full_inventory/cards/results/exp1_task/heatmap.json
1538	2026-09-02T20:52:39.7621673920	./rescue_audit/results/full_inventory/cards/results/exp1b_heatmaps.json
1545	2026-09-02T20:52:39.7661673840	./rescue_audit/results/full_inventory/cards/results/exp1b_heatmaps_a2b2.json
1547	2026-09-02T20:52:39.7661673840	./rescue_audit/results/full_inventory/cards/results/exp1b_heatmaps_a3b3.json
1543	2026-09-02T20:52:39.7661673840	./rescue_audit/results/full_inventory/cards/results/exp1b_heatmaps_c3d3.json
1550	2026-09-02T20:52:39.7661673840	./rescue_audit/results/full_inventory/cards/results/exp1b_heatmaps_h32ah32b.json
1547	2026-09-02T20:52:39.7701673750	./rescue_audit/results/full_inventory/cards/results/exp1b_heatmaps_h8ah8b.json
1542	2026-09-02T20:52:39.7701673750	./rescue_audit/results/full_inventory/cards/results/exp1b_heatmaps_s1s2.json
1516	2026-09-02T20:52:39.7701673750	./rescue_audit/results/full_inventory/cards/results/exp1b_heatmaps_taskAtaskB.json
1170	2026-09-02T20:52:39.7781673570	./rescue_audit/results/full_inventory/cards/results/null_k24/heatmap.json
392	2026-09-02T20:52:39.7781673570	./rescue_audit/results/full_inventory/cards/results/phase_s_nemotron/rewards.json
1166	2026-09-02T20:52:39.7781673570	./rescue_audit/results/full_inventory/cards/results/refit_fixed_anc/heatmap.json
1166	2026-09-02T20:52:39.7781673570	./rescue_audit/results/full_inventory/cards/results/refit_fixed_conf/heatmap.json
591	2026-09-02T20:52:39.7821673470	./rescue_audit/results/full_inventory/summary.json
63296	2026-08-31T18:16:24.3761307000	./rescue_audit/results/horizon_timestep_layer.json
6937	2026-08-31T21:17:53.8477353440	./rescue_audit/results/label_reliability.json
12187	2026-08-31T22:25:30.9239427090	./rescue_audit/results/nonlinear_retest_real_MDLM_anc.json
22634	2026-08-31T22:09:18.2189563340	./rescue_audit/results/nonlinear_retest_synthetic_MDLM_anc.json
10990	2026-09-01T09:24:23.4476246550	./rescue_audit/results/qualification_svamp.json
638	2026-08-31T17:01:38.4480641280	./rescue_audit/results/reference_rollout_compare.json
7337	2026-08-31T21:28:00.7418943950	./rescue_audit/results/relational_recheck_real_FRESH_MDLM_anc.json
20765	2026-08-31T21:24:19.0505665470	./rescue_audit/results/relational_recheck_real_MDLM_anc.json
7385	2026-08-31T21:25:59.2422627280	./rescue_audit/results/relational_recheck_real_MDLM_anc_wide.json
7281	2026-08-31T21:29:07.0496934230	./rescue_audit/results/relational_recheck_real_MDLM_conf.json
7238	2026-08-31T21:27:17.3020260730	./rescue_audit/results/relational_recheck_real_SEDD_anc.json
10586	2026-08-31T21:21:32.6550712870	./rescue_audit/results/relational_recheck_synthetic_MDLM_anc.json
33796	2026-08-31T17:10:48.9104913860	./rescue_audit/results/screen_a3b3_quick/partial.json
33796	2026-08-31T17:10:48.9144913760	./rescue_audit/results/screen_a3b3_quick/report.json
100720	2026-08-31T17:20:11.7689642530	./rescue_audit/results/screen_a3b3_quick_v2/partial.json
100720	2026-08-31T17:20:11.7729642430	./rescue_audit/results/screen_a3b3_quick_v2/report.json
100538	2026-08-31T20:55:53.2837284020	./rescue_audit/results/screen_c3d3_quick_v2/partial.json
100538	2026-08-31T20:55:53.2837284020	./rescue_audit/results/screen_c3d3_quick_v2/report.json
100826	2026-08-31T20:56:20.4956488930	./rescue_audit/results/screen_s1s2_quick_v2/partial.json
100826	2026-08-31T20:56:20.4956488930	./rescue_audit/results/screen_s1s2_quick_v2/report.json
100976	2026-08-31T20:55:37.0317758800	./rescue_audit/results/screen_taskAtaskB_quick_v2/partial.json
100976	2026-08-31T20:55:37.0397758570	./rescue_audit/results/screen_taskAtaskB_quick_v2/report.json
248631	2026-09-01T08:58:22.8001338730	./rescue_audit/results/screen_taskC_all_quick/partial.json
248631	2026-09-01T08:58:22.8041338620	./rescue_audit/results/screen_taskC_all_quick/report.json
101093	2026-09-01T08:55:47.9565836660	./rescue_audit/results/screen_taskC_informative_quick/partial.json
101093	2026-09-01T08:55:47.9645836420	./rescue_audit/results/screen_taskC_informative_quick/report.json
31812	2026-09-01T08:44:58.4384713880	./rescue_audit/results/screen_taskC_natural_quick/partial.json
278508	2026-09-02T15:05:45.5930294000	./rescue_audit/results/screen_taskD_all_quick/partial.json
278508	2026-09-02T15:05:45.6010293810	./rescue_audit/results/screen_taskD_all_quick/report.json
262873	2026-09-02T15:03:33.5013600640	./rescue_audit/results/screen_taskE_svamp_all_quick/partial.json
262873	2026-09-02T15:03:33.5053600530	./rescue_audit/results/screen_taskE_svamp_all_quick/report.json
3528	2026-08-31T21:59:57.6005378060	./rescue_audit/results/stratified_concordance.json
2058	2026-08-31T22:04:52.9517052940	./rescue_audit/results/stratified_concordance_ci.json
14950	2026-08-31T17:13:10.8741073210	./rescue_audit/results/synthetic/synthetic_suite.json
42305	2026-09-02T15:23:06.7740721290	./rescue_audit/results/taskCD_crossfit_confirmatory.json
42322	2026-09-01T09:06:39.3506920360	./rescue_audit/results/taskC_crossfit_positive_exact.json
42498	2026-09-01T09:10:22.1180454410	./rescue_audit/results/taskC_crossfit_positive_exact_seedmatch.json
1314	2026-09-01T08:41:46.5910315180	./rescue_audit/results/taskC_label_analysis.json
5448	2026-09-01T08:58:23.4841318870	./rescue_audit/results/taskC_locked_replication.json
40774	2026-09-02T15:18:08.1029612120	./rescue_audit/results/taskE_svamp_crossfit.json
73421	2026-08-31T18:40:34.4642608010	./rescue_audit/results/task_utility_analysis.json
16197	2026-08-31T22:52:49.7308492450	./rescue_audit/results/temporal_probe.json
10853	2026-08-31T22:43:53.6085739140	./rescue_audit/results/temporal_probe_a3.json
0	2026-08-31T16:28:35.7737725750	./rescue_audit/rlib/__init__.py
161	2026-08-31T16:30:18.8294681360	./rescue_audit/rlib/__pycache__/__init__.cpython-310.pyc
165	2026-08-31T22:00:29.7644472190	./rescue_audit/rlib/__pycache__/__init__.cpython-312.pyc
7037	2026-08-31T16:35:19.4565919920	./rescue_audit/rlib/__pycache__/metrics.cpython-310.pyc
12921	2026-08-31T22:00:29.7644472190	./rescue_audit/rlib/__pycache__/metrics.cpython-312.pyc
15839	2026-08-31T16:35:21.3845864950	./rescue_audit/rlib/__pycache__/probes2.cpython-310.pyc
28862	2026-08-31T22:00:30.0524464080	./rescue_audit/rlib/__pycache__/probes2.cpython-312.pyc
10527	2026-08-31T21:24:55.8824548500	./rescue_audit/rlib/__pycache__/probes3.cpython-310.pyc
7176	2026-08-31T16:30:18.8334681230	./rescue_audit/rlib/__pycache__/rdata.cpython-310.pyc
11228	2026-09-01T08:41:27.2390880690	./rescue_audit/rlib/__pycache__/rdata.cpython-312.pyc
18157	2026-08-31T16:40:05.2637761100	./rescue_audit/rlib/__pycache__/screen.cpython-310.pyc
27676	2026-09-01T08:41:27.2470880450	./rescue_audit/rlib/__pycache__/screen.cpython-312.pyc
12844	2026-08-31T17:26:19.1919614320	./rescue_audit/rlib/__pycache__/stats2.cpython-310.pyc
7372	2026-08-31T16:29:40.8015804730	./rescue_audit/rlib/metrics.py
16269	2026-08-31T16:32:35.6730639070	./rescue_audit/rlib/probes2.py
10767	2026-08-31T21:24:52.1944660340	./rescue_audit/rlib/probes3.py
6073	2026-08-31T16:29:07.0296802380	./rescue_audit/rlib/rdata.py
21981	2026-08-31T16:40:02.8597829790	./rescue_audit/rlib/screen.py
13404	2026-08-31T16:57:43.2647414260	./rescue_audit/rlib/stats2.py
632	2026-08-31T16:56:35.1049375480	./rescue_audit/run_deep.sh
4734	2026-09-01T09:12:34.9256600280	./rescue_audit/sealed_taskD_primary/SEALED.json
1255	2026-09-01T09:12:34.6336608760	./rescue_audit/sealed_taskD_primary/bilinear.json
1488240	2026-09-01T09:12:34.6336608760	./rescue_audit/sealed_taskD_primary/bilinear.npz
1260	2026-09-01T09:12:34.9256600280	./rescue_audit/sealed_taskD_primary/cheap_only.json
1487179	2026-09-01T09:12:34.9256600280	./rescue_audit/sealed_taskD_primary/cheap_only.npz
1252	2026-09-01T09:12:34.7816604460	./rescue_audit/sealed_taskD_primary/no_state_interaction.json
1487702	2026-09-01T09:12:34.7816604460	./rescue_audit/sealed_taskD_primary/no_state_interaction.npz
5873	2026-08-31T21:59:32.7326078320	./rescue_audit/stratified_concordance.py
10015	2026-08-31T16:42:14.5634064160	./rescue_audit/synthetic/__pycache__/run_synthetic_suite.cpython-312.pyc
5046	2026-08-31T16:43:06.4672579140	./rescue_audit/synthetic/run_synthetic_suite.py
35337	2026-08-31T17:57:50.3990340330	./rescue_audit/synthetic/synthetic_E_fixed.json
207106	2026-08-31T17:12:34.0902069090	./rescue_audit/synthetic/synthetic_results.json
207106	2026-08-31T17:36:49.6503399180	./rescue_audit/synthetic/synthetic_results_v1.json
8094	2026-08-31T17:09:32.5866975460	./rescue_audit/synthetic_tests.py
6936	2026-09-01T16:36:14.2958079080	./rescue_audit/taskC_crossfit_positive.py
3776	2026-09-01T08:47:13.0620799860	./rescue_audit/taskC_locked_replication.py
4103	2026-09-01T09:26:35.0792515490	./rescue_audit/taskD_apply_frozen_primary.py
3266	2026-09-01T09:11:21.6018728100	./rescue_audit/taskD_fit_frozen_primary.py
6381	2026-09-01T08:40:51.3511929520	./rescue_audit/task_utility_analysis.py
8517	2026-08-31T22:41:51.6049443700	./rescue_audit/temporal_probe.py
11379	2026-08-31T16:42:14.5674064050	./rescue_audit/toy/__pycache__/exact_toy_audit.cpython-312.pyc
6503	2026-08-31T16:35:27.8445680740	./rescue_audit/toy/exact_toy_audit.py
3215	2026-08-31T17:01:25.1161025460	./rescue_audit/toy/reference_rollout_compare.py
15551	2026-08-31T16:41:42.4794981830	./rescue_audit/toy/toy_exact_results.json
12551	2026-08-31T16:41:32.1755276500	./rescue_audit/toy_exact.py
4491	2026-09-02T16:40:40.1663568970	./rescue_audit/update_registry_taskC.py
5497	2026-09-01T16:05:13.1461302330	./rescue_audit/validate_task_collection.py
32940	2026-08-19T13:17:23.8202669610	./results/exp1/exp1_report.json
2052	2026-08-19T13:17:23.8202669610	./results/exp1/heatmap.npz
32951	2026-08-23T21:30:39.2562064930	./results/exp1_conf/exp1_report.json
2052	2026-08-23T21:30:39.2562064930	./results/exp1_conf/heatmap.npz
33031	2026-08-23T21:11:46.4035252750	./results/exp1_fixed/exp1_report.json
2052	2026-08-23T21:11:46.4035252750	./results/exp1_fixed/heatmap.npz
33572	2026-08-24T17:39:52.0210226680	./results/exp1_k24/exp1_report.json
2052	2026-08-24T17:39:52.0250226560	./results/exp1_k24/heatmap.npz
33538	2026-08-24T17:39:38.5410666480	./results/exp1_k24conf/exp1_report.json
2052	2026-08-24T17:39:38.5410666480	./results/exp1_k24conf/heatmap.npz
12475	2026-08-19T12:32:25.7883534350	./results/exp1_null_check/exp1_report.json
2052	2026-08-19T12:32:25.7883534350	./results/exp1_null_check/heatmap.npz
18420	2026-08-19T12:26:29.4372174760	./results/exp1_partial/exp1_report.json
2052	2026-08-19T12:26:29.4372174760	./results/exp1_partial/heatmap.npz
33460	2026-08-26T23:25:10.7383742870	./results/exp1_sedd/exp1_report.json
2052	2026-08-26T23:25:10.7383742870	./results/exp1_sedd/heatmap.npz
23790	2026-08-30T13:11:00.5003161680	./results/exp1_task/exp1_report.json
1620	2026-08-30T13:11:00.5003161680	./results/exp1_task/heatmap.npz
2974	2026-08-23T21:15:06.6469551420	./results/exp1b_heatmaps.npz
2974	2026-08-23T21:16:08.0947734090	./results/exp1b_heatmaps_a2b2.npz
2974	2026-08-24T16:06:56.5508927560	./results/exp1b_heatmaps_a3b3.npz
2974	2026-08-24T16:11:37.2100207920	./results/exp1b_heatmaps_c3d3.npz
2974	2026-08-26T22:31:17.0836243570	./results/exp1b_heatmaps_h32ah32b.npz
2974	2026-08-25T16:59:09.8615457400	./results/exp1b_heatmaps_h8ah8b.npz
2974	2026-08-26T22:31:21.6156115390	./results/exp1b_heatmaps_s1s2.npz
2334	2026-08-30T12:30:13.6933406930	./results/exp1b_heatmaps_taskAtaskB.npz
6977	2026-08-23T21:15:06.6469551420	./results/exp1b_within_state.json
6744	2026-08-23T21:16:08.0947734090	./results/exp1b_within_state_a2b2.json
7182	2026-08-24T16:06:56.5468927680	./results/exp1b_within_state_a3b3.json
7160	2026-08-24T16:11:37.2100207920	./results/exp1b_within_state_c3d3.json
6258	2026-08-26T22:31:17.0836243570	./results/exp1b_within_state_h32ah32b.json
7236	2026-08-25T16:59:09.8575457520	./results/exp1b_within_state_h8ah8b.json
7110	2026-08-26T22:31:21.6156115390	./results/exp1b_within_state_s1s2.json
3795	2026-08-30T12:30:13.6893407080	./results/exp1b_within_state_taskAtaskB.json
2055	2026-08-19T13:04:24.6185386780	./results/exp2/exp2_report.json
2058	2026-08-23T21:23:37.0014485520	./results/exp2_conf/exp2_report.json
1999	2026-08-23T21:17:33.8785198630	./results/exp2_fixed/exp2_report.json
2066	2026-08-19T13:09:33.0056327280	./results/exp2_hipower/exp2_report.json
2025	2026-08-24T16:20:58.1922612080	./results/exp2_k24/exp2_report.json
1967	2026-08-24T16:20:58.5602600460	./results/exp2_k24conf/exp2_report.json
2210	2026-08-24T22:57:19.0128653170	./results/exp2_k24confhp/exp2_report.json
2221	2026-08-24T22:57:17.3248700510	./results/exp2_k24hp/exp2_report.json
2205	2026-08-26T22:36:13.9787800870	./results/exp2_sedd/exp2_report.json
2194	2026-08-27T11:14:58.9177728530	./results/exp2_seddplacebo/exp2_report.json
2221	2026-08-27T11:19:38.3289451580	./results/exp2_seddstrict/exp2_report.json
2054	2026-08-19T13:15:22.6006189020	./results/exp2_strict/exp2_report.json
87282	2026-08-19T13:28:05.6824242850	./results/figures/fig_block_r2.png
135335	2026-08-19T13:28:06.2264227450	./results/figures/fig_decomposition.png
83691	2026-08-19T13:28:05.3344252690	./results/figures/fig_layer_timestep_heatmap.png
44275	2026-08-19T13:28:06.3144224960	./results/figures/fig_matched_candidates.png
42794	2026-08-19T13:28:05.8464238210	./results/figures/fig_within_state_r2.png
86634	2026-08-23T21:20:33.7339888540	./results/figures_fixed/fig_block_r2.png
133294	2026-08-23T21:20:35.4259838610	./results/figures_fixed/fig_decomposition.png
84755	2026-08-23T21:20:32.7619917210	./results/figures_fixed/fig_layer_timestep_heatmap.png
44279	2026-08-23T21:20:35.6939830710	./results/figures_fixed/fig_matched_candidates.png
46296	2026-08-23T21:20:34.2259874020	./results/figures_fixed/fig_within_state_r2.png
87526	2026-08-25T08:49:35.7645033000	./results/figures_k24/fig_block_r2.png
142162	2026-08-25T08:49:36.7565007330	./results/figures_k24/fig_decomposition.png
84410	2026-08-25T08:49:35.1445049050	./results/figures_k24/fig_layer_timestep_heatmap.png
46398	2026-08-25T08:49:36.8965003710	./results/figures_k24/fig_matched_candidates.png
45464	2026-08-25T08:49:36.0965024410	./results/figures_k24/fig_within_state_r2.png
77018	2026-08-19T12:36:22.6876336670	./results/figures_partial/fig_block_r2.png
81383	2026-08-19T12:36:22.4516343840	./results/figures_partial/fig_layer_timestep_heatmap.png
31942	2026-08-19T12:36:22.8116332910	./results/figures_partial/fig_within_state_r2.png
832	2026-08-19T13:25:48.5268122230	./results/kill_gate_A_pertok.json
824	2026-08-25T08:48:47.3166285950	./results/kill_gate_A_pertok_ANC.json
804	2026-08-25T08:48:49.2726235390	./results/kill_gate_A_pertok_CONF.json
844	2026-08-27T11:20:04.9688661660	./results/kill_gate_A_pertok_SEDD.json
845	2026-08-27T11:20:06.8768605080	./results/kill_gate_A_pertok_SEDDSTRICT.json
825	2026-08-23T21:31:12.7881080180	./results/kill_gate_A_pertok_conf.json
825	2026-08-23T21:17:53.5664616980	./results/kill_gate_A_pertok_fixed.json
2164	2026-08-26T22:29:47.9398765120	./results/label_diagnostics.json
12954	2026-08-25T08:58:06.0791743560	./results/null_k24/exp1_report.json
2052	2026-08-25T08:58:06.0791743560	./results/null_k24/heatmap.npz
4582	2026-08-19T11:55:51.2097209650	./results/phase_s/phase_s_report.json
660	2026-08-27T23:28:18.2973666900	./results/phase_s_nemotron/report.json
1664	2026-08-27T23:28:18.2973666900	./results/phase_s_nemotron/rewards.npy
771	2026-08-25T20:45:49.3328515160	./results/phase_s_sedd/report.json
15532	2026-08-24T23:50:01.0839793000	./results/refit_fixed_anc/exp1_report.json
2052	2026-08-24T23:50:01.0839793000	./results/refit_fixed_anc/heatmap.npz
15473	2026-08-24T23:50:05.5119665590	./results/refit_fixed_conf/exp1_report.json
2052	2026-08-24T23:50:05.5119665590	./results/refit_fixed_conf/heatmap.npz
24790	2026-09-01T16:04:28.0222772500	./scripts/__pycache__/analyze_v_readout.cpython-312.pyc
15738	2026-09-01T20:18:09.2286164550	./scripts/__pycache__/audit_A_fairtest.cpython-312.pyc
19669	2026-09-01T20:18:09.2326164430	./scripts/__pycache__/audit_v_confidence.cpython-312.pyc
15658	2026-09-01T15:02:09.1182875740	./scripts/__pycache__/collect_task_labels.cpython-310.pyc
28646	2026-09-01T15:19:12.6992649250	./scripts/__pycache__/collect_task_labels.cpython-312.pyc
30259	2026-08-31T16:54:41.7012636790	./scripts/__pycache__/exp1_decodability.cpython-312.pyc
18579	2026-08-31T16:54:41.7052636670	./scripts/__pycache__/exp2_matched.cpython-312.pyc
8128	2026-08-31T16:54:41.7052636670	./scripts/__pycache__/kill_gate.cpython-312.pyc
6570	2026-08-31T21:00:49.7708489290	./scripts/__pycache__/rescue_broad_screen.cpython-310.pyc
13771	2026-09-01T09:00:26.9157734000	./scripts/__pycache__/rescue_broad_screen.cpython-312.pyc
300	2026-09-01T22:17:33.8215691070	./scripts/_run_est.sh
507	2026-09-02T00:42:38.2045987680	./scripts/_run_taskE.sh
477	2026-08-30T16:51:13.4281790980	./scripts/_run_vread.sh
14506	2026-08-30T19:24:53.6923629910	./scripts/analyze_v_readout.py
8895	2026-09-01T20:17:00.6808163580	./scripts/audit_A_fairtest.py
10359	2026-09-01T20:17:00.8608158330	./scripts/audit_v_confidence.py
6280	2026-08-26T22:31:04.1916608230	./scripts/backfill_v_seeds.py
7468	2026-08-25T16:57:46.3618064360	./scripts/collect_labels.py
18165	2026-09-01T15:19:04.7832907260	./scripts/collect_task_labels.py
9496	2026-08-30T16:47:07.9048133380	./scripts/collect_v_readout.py
8645	2026-09-02T00:40:42.4809067390	./scripts/estimate_all.py
21853	2026-08-31T16:54:35.2172823180	./scripts/exp1_decodability.py
4556	2026-08-25T16:57:46.3618064360	./scripts/exp1b_within_state.py
14390	2026-08-31T16:53:42.9534325400	./scripts/exp2_matched.py
5134	2026-08-31T16:53:05.2815407890	./scripts/kill_gate.py
5451	2026-08-19T11:53:44.2181129340	./scripts/label_diagnostics.py
9300	2026-08-25T08:49:31.2765149130	./scripts/make_figures.py
6114	2026-08-27T23:18:40.1112692500	./scripts/phase_s_nemotron.py
10468	2026-08-19T11:25:47.4312157340	./scripts/phase_s_qualify.py
6194	2026-08-25T16:58:27.1536790660	./scripts/phase_s_sedd.py
5300	2026-08-31T16:33:05.9809743820	./scripts/pipeline_selftest.py
6486	2026-08-19T12:39:01.1591525180	./scripts/repair_trajectory_features.py
9135	2026-09-01T08:43:28.0387351260	./scripts/rescue_broad_screen.py
460	2026-08-30T09:50:54.3642587980	./scripts/run_task_collect.sh
6654	2026-09-02T00:41:19.7848073960	./scripts/task_state_readout.py
11890	2026-08-31T16:41:41.4715010660	./src/__pycache__/collect.cpython-310.pyc
18756	2026-08-31T16:54:41.7092636560	./src/__pycache__/collect.cpython-312.pyc
6844	2026-08-31T16:56:20.8289786150	./src/__pycache__/collect_task.cpython-310.pyc
11049	2026-08-31T16:54:41.7132636440	./src/__pycache__/collect_task.cpython-312.pyc
4232	2026-08-19T11:26:16.0311300080	./src/__pycache__/crn.cpython-310.pyc
6422	2026-08-27T22:21:46.1621388880	./src/__pycache__/crn.cpython-312.pyc
3257	2026-08-19T11:03:56.0715768260	./src/__pycache__/data.cpython-310.pyc
3432	2026-08-30T12:28:29.9457115650	./src/__pycache__/dataset.cpython-310.pyc
5273	2026-08-31T16:22:37.1788320380	./src/__pycache__/dataset.cpython-312.pyc
4533	2026-08-31T16:41:41.4755010550	./src/__pycache__/features.cpython-310.pyc
8459	2026-09-01T15:21:15.7948647930	./src/__pycache__/features.cpython-312.pyc
11984	2026-08-19T10:54:16.8735544730	./src/__pycache__/mdlm_local.cpython-310.pyc
6382	2026-08-31T16:56:20.8289786150	./src/__pycache__/nemotron_local.cpython-310.pyc
8217	2026-09-01T15:05:03.9858033710	./src/__pycache__/nemotron_local.cpython-312.pyc
7610	2026-08-31T16:56:20.8489785580	./src/__pycache__/nemotron_policy.cpython-310.pyc
12124	2026-08-27T23:18:53.4752234490	./src/__pycache__/nemotron_policy.cpython-312.pyc
10231	2026-08-31T17:01:34.2400762550	./src/__pycache__/policy.cpython-310.pyc
12549	2026-08-25T14:43:15.5103618840	./src/__pycache__/probes.cpython-310.pyc
20274	2026-08-30T16:53:58.6717440790	./src/__pycache__/probes.cpython-312.pyc
6344	2026-08-25T20:48:26.9003643510	./src/__pycache__/sedd_local.cpython-310.pyc
8986	2026-09-01T22:16:36.3617077670	./src/__pycache__/stats_suite.cpython-312.pyc
14899	2026-08-31T16:33:05.6369753980	./src/collect.py
7705	2026-08-31T16:33:05.8089748910	./src/collect_task.py
4087	2026-08-19T11:25:24.3192849730	./src/crn.py
2929	2026-08-19T11:03:54.1755832980	./src/data.py
2947	2026-08-30T12:28:27.7817193110	./src/dataset.py
5042	2026-09-01T15:21:06.7108942520	./src/features.py
11303	2026-08-19T10:53:40.2336796270	./src/mdlm_local.py
5902	2026-09-01T15:03:45.7620196240	./src/nemotron_local.py
8274	2026-08-27T23:18:38.2912754890	./src/nemotron_policy.py
11078	2026-08-31T17:01:24.2601050130	./src/policy.py
13209	2026-08-25T14:42:54.1744248820	./src/probes.py
6627	2026-08-25T20:48:08.7524203370	./src/sedd_local.py
4382	2026-09-01T22:16:34.2097129560	./src/stats_suite.py
76105	2026-08-31T16:26:16.4381842150	./文档内容
30718	2026-08-31T16:19:28.5993892800	./最终冲刺实验
